phone,name
919825499951,Divyesh bhai
919913078649,Dharmesh bhai
97156383640,
919484609810,
919825474421,mahesh Kuber Direct
919374710085,(BRk) Ashwin Sopariwala
918849908931,111111
919054550920,360 Degree Property
919499492760,
919662720472,
919724302825,
919824538831,
919925028772,A
918160517480,A
917490047897,A 112 Paresh Padval
918140559194,A Arjun Patel
919558376767,A D Upadhyay
919033016363,A Darbar
918799318678,A w
919727766281,A. k Sharma Direct
918591929449,A. v G. villas
919316426680,A.D Patel (News)
919879106613,A.K Singh (Direct)
919374701170,Aaa
919737654000,Aadarsh Bhai (Direct)
919904954073,Aadarsh Limbani
919099944968,Aadesh Saksena
919925006383,Aaditya Prajapati (Direct)
919900167676,Aaisha Mam
919824004538,Aakash Chaturvedi (Direct)
919825921621,Aakash Gandhi (Direct)
918849923896,Aakash Khengar (Direct)
918866325140,Aakash Rughani Direct
919791666896,Aakash Savaliya Direct
919925714149,Aakash Shashrti (Direct)
917990989736,Aakash Singh (Direct)
919909247108,Aakash Talreja (Direct)
918728825877,Aalok Kumar (Direct)
919909901508,Aanand Bhai Direct
917016706395,Aanand Boricha (Direct)
919067408276,Aanand Chabe (Direct)
919825270259,Aanand Chasia Brk Pinkesh Chahwala
919825081909,Aanand Chauhan Direct
919726609206,Aanand Deshmukh
917600033826,Aanand Dodiya Direct
919723233227,Aanand Gajera (Direct)
919725043313,Aanand Gohil
919712931757,Aanand Gohil Brk Anuj Kapdiya
918866516656,Aanand Kadam
919824572014,Aanand Kamle
917359151022,Aanand Modi (Direct)
919714513626,Aanand Oza Direct
917778886615,Aanand Panchal ( Direct)
917600013054,Aanand Parmar Direct
919825108300,Aanand Patel (Direct)
919913757050,Aanand Patel Direct
919909773060,Aanand Patel Direct
918980042417,Aanand Prasad
916358029157,Aanand Surati
919904044113,Aanand Upadhyay (News)
919825140202,Aankur Walwala Direct
919978727303,Aarsh Bhai
919974997298,Aarti Ben Mahel 1 Member
919426026289,Aarti Bhagat (Direct)
919079344277,Aarti Brn
919724856628,Aarti Padiya
919925248698,Aaryan Patel (Direct)
919764005023,Aashis Patel Direct
919879113386,Aashis Raval Direct
919979968626,Aashish (Insta)
918866527586,Aashish Bhai
919016039173,Aashish Bhai
919284234820,Aashish Daladiya
919825521193,Aashish Doshi Direct
917600707280,Aashish Gajjar
919824484114,Aashish Galiyawala Brk Gaurav Thakkar
919702829175,Aashish Jain
919313377981,Aashish Jariwala
919974460034,Aashish Jariwala Direct
919327738000,Aashish Jariwala Direct
919328553838,Aashish Kansara (Insta)
917383924694,Aashish Kantharia (Direct)
917878341744,Aashish Kesur Direct
918200126328,Aashish Kumar
919898202513,Aashish Lad
919375057507,Aashish Maheshwari G. villas
916358913591,Aashish Mehta
919974062692,Aashish Mistry Direct
919426565960,Aashish Modi (Direct)
919327611176,Aashish Pandya Direct
919879810491,Aashish Parmar
919904252334,Aashish Patel (Direct)
918530580808,Aashish Patel Direct
919033127964,Aashish Patel Direct
919712977755,Aashish Raval (Direct)
919879624990,Aashish Solanki Direct
919909959346,Aashish Thakur
919879261409,Aashish Vora Direct
919898111725,Aashish Vyas (Direct)
916353495575,Aashitkumar Singh (Direct)
917990215516,Aashlesh Oatel
919235320499,Aashu Gujjar Aashu Gujjar
918866073737,Aashubhai (Direct)
918690071117,Aashutish Nikumbe
917226999758,Aatish Modi (Direct)
919226999758,Aatish Modi (Direct)
919638682234,Aayan G. villas
919669665329,Aayush Bhai
917984777613,Aayushi Jain (Direct)
919924381118,Abcd
919913750401,Abdul Kadir
919825322390,Abhas Das (Nishanth)
917228939535,Abhay Bhai (Direct)
919909995341,Abhay Dave
919409171366,Abhay Kumar
917016991170,Abhay Kumar Dmart
919825861619,Abhay Pandey (Direct)
917600027468,Abhay Pratap Singh G. villas
919724160599,Abhay Rajput (Direct)
917383588829,Abhay Sanghvi ( Brk Dipak Dariyani)
919090917910,Abhi Badlawala
917043660746,Abhi Direct
917048111297,Abhi G. villas
919925230646,Abhi Kumar Direct
918264902790,Abhi Lathiya (Brk Sonu Lakhwani)
917990254462,Abhi Singh
919033850779,Abhijeet Das(Direct)
919909786559,Abhijeet Parmar (Kricop) (BRK Chandrakant Solanki)
917405224081,Abhijit Bhai Direct
918758125366,Abhijit Sinha
919723401913,Abhilasha Jain G. villas
917405275345,Abhinav Surti (Direct)
919913336289,Abhiraj Singh Direct
919426705266,Abhiraj Thakor(Brk Chandrakant Solanki)
918826448556,Abhisek Kumar Direct
918000655958,Abhisekh Bhai
917737196698,Abhisekh Bhai
918141242218,Abhisekh Bhai
919879348602,Abhisekh Bhai
919723172038,Abhisekh Desai
919974458840,Abhisekh Gheewala
919099256463,Abhisekh Kothwala
917405696787,Abhisekh Pandya
917276441889,Abhisekh Singh
917359149334,Abhisekh Singh
917878275230,Abhisekh Soni
916355558477,Abhishek Bhai
919925109991,Abhishek Bhai Direct
918200907710,Abhishek Bhai Direct
917017673262,Abhishek Bhai Direct
919824823222,Abhishek Gandhi
919824523222,Abhishek Gandhi (Direct)
919727706125,Abhishek Gohel (Direct)
919426893177,Abhishek Goswami Direct
919979026621,Abhishek Gupta (Direct)
919768427001,Abhishek Jaiswal
917600523800,Abhishek Joshi (News)
919925296234,Abhishek Kheradiya (BRK Chandrakant Solanki)
919726468653,Abhishek Kumar (Direct)
919879348606,Abhishek Marvi
918000242218,Abhishek Mithaiwala
917878121666,Abhishek Panchal Direct
919375477779,Abhishek Patel Direct
918866409995,Abhishek Patel Direct
918511222354,Abhishek Raujan ( Brk Deepak Dariyani)
918849999082,Abhishek Sevak
917574001180,Abhishek Sevak (Brk Dipak Dariyani)
918141741906,Abhishek Shah (Direct)
918905662790,Abhishek Singh (BRK D N Pandey)
916305971993,Abhishek Singh Direct
916205971993,Abhishek Singh Direct
919033652750,Abhishek Suthar (Brk Dipak Dariyani)
919825727670,Abhishek Tailor
919425720128,Abhishekh Ntpc
916352214122,Abinash (News)
918980802711,Adani Pushpraj Gohil
919377616668,Adarsh Gohil
917778969688,Add
919427124363,Adesh Shaj (News)
918849742724,Aditi Chauhan Direct
917990746854,Aditi Insta
917227891117,Adity Singh Direct
917265820024,Aditya Bhai (Direct)
919023906217,Aditya Chaudhary G. villas
919974287662,Aditya Chorasia (Direct)
917226000379,Aditya Dhnotiya Direct
919898214694,Aditya Patel
919726729405,Aditya Poranikar
917405339901,Aditya Shah Direct
919033911924,Aditya Vaidya Direct
919870099063,Adiyta Bandiwala Direct
919833426897,Adiyta Singh
919825659300,Admand Solanki Direct
917490048043,Adv Dhruv Gandeviwala
916355064547,Adv Vikas Surati
919785114302,ADV.Monika Nankaani
918980054033,Advait Derasari Direct
919825165192,Advertising Rutesh Mistry G. villas
916354200429,Advocate Rupawala (Brk Chandrakant Solanki)
919722189021,Advocate Vijay Thakkar
919558837098,Afitya Mannathu
918238831008,Agarwal Property Broker
919725413575,Ahtam Seth
918460455409,Aishwarya Salar ( Direct)
919978007072,Aj Singham A. w
919545800865,Ajay
918819029011,Ajay
919725727853,Ajay (Direct)
919033857742,Ajay Bhai
919265936881,Ajay Bhai (Direct)
17809992977,Ajay Bhai Canada G. villas
918511637270,Ajay Bhai Direct
919650990622,Ajay Bhai Ntpc
918866840257,Ajay Bhai Patel Direct
919904873149,Ajay Bhai Shah
919879101727,Ajay Bhai Sonava
919925654500,Ajay Chapatwala Deepak Daryani Broker
919427811831,Ajay Chauhan Direct
919925523575,Ajay Chavda(DIRECT)
919727025558,Ajay Chawda
919913130000,Ajay Dave (Brk L.L Shah)
918866350185,Ajay Desai
919824100025,Ajay Desai
917600059634,Ajay Desai
919904067331,Ajay Desai Direct
919979940777,Ajay Devilkor(Direct)
919913447764,Ajay Dube
918655411314,Ajay Gahlot
919824125853,Ajay Gajjar (D-mart)
919033861083,Ajay Gami
919825123900,Ajay Gandhi (Direct)
919825173165,Ajay Ganjawala Direct
918980012203,Ajay Gohil
919825490566,Ajay Gohil
919925241649,Ajay Gupta
919825405451,Ajay Jani Deepak Daryani Broker
919328866853,Ajay Jariwala
919904599996,Ajay Kanthatiya
919909010247,Ajay Kathari
919904570524,Ajay Koshiya
919939714999,Ajay Kumar
918863883333,Ajay Kumar
917698811540,Ajay Kumar
917984678787,Ajay Kumar Sharma Direct
919825279400,Ajay Mavani Direct
919525403000,Ajay Mistry
919825142125,Ajay Od
918320929725,Ajay Panchal
919825045687,Ajay Panchal
919825818901,Ajay Panchal (BRK Chandrakant Solanki)
919898552826,Ajay Panchal (Direct)
916354039199,Ajay Pandey (Direct)
918485961605,Ajay Panwala
918511969741,Ajay Patel
919909006869,Ajay Patel
917874337171,Ajay Patel
919924792468,Ajay Patel
918511124291,Ajay Patel ( Direct)
918141892716,Ajay Patel (Brk Chandrakant Solanki)
919601555588,Ajay Patel (BRK Ghanshyam)
919904418977,Ajay Patel (Direct)
919913048749,Ajay Patel Brk Chandrakant Solanki
919726266091,Ajay Patel Call
919408678023,Ajay Patel Direct
918141217981,Ajay Patel Direct
919825133147,Ajay Patel Direct
918160975950,Ajay Patel Direct
919638847727,Ajay Prajapati
919638847721,Ajay Prajapati
919825897666,Ajay Prajapati (Direct)
919773461617,Ajay Rajput (Direct)
919099813204,Ajay Rana ( Brk Vivek Bhai More)
919537229901,Ajay Rana (Direct)
919825012221,Ajay Sadriwala (Insta)
919265513225,Ajay Saini
919825100200,Ajay Shah
919672982027,Ajay Sharma
919909901177,Ajay Sharma
917984200002,Ajay Singh
917574819944,Ajay Sinh Parmar Brk Ashish Jariwala
918511319059,Ajay Sinha(Direct)
919825129726,Ajay Solanki Direct
918200099422,Ajay Sondarva A. w
919978838111,Ajay Sukhariya (Brk Rajesh Anajwala)
918849854904,Ajay Tailor Direct
919925044255,Ajay Tilewala
919624870127,Ajay Upadhyay
918530274174,Ajay Vaghela Direct
919558822526,Ajay Vaja
919586824149,Ajay Variyawala Direct
919879103541,Ajay Vyas (Direct)
919825689899,Ajaybhai Champanaria (Direct)
919824192320,Ajaybhai Chipaneti (BRK Dharmesh Jalaram)
919712980411,Ajaybhai Master (BRK Chandrakant Solanki)
919898532949,Ajaybhai Nasariwala (BRK Fenil Thakkar)
919726600299,Ajaybhai Patel
919979463750,Ajaybhai Patel (BRK Ajay T Patel)
919924945089,Ajaybhai Patel (Brk Chandrakant Solanki)
919724332588,Ajaybhai R Patel (Direct)
919924903802,Ajaybhai Revdiwala (BRk Hardik Jethva)
916359908723,Ajaybhai Sariya (BRK Pinkal Anajwala)
919898391093,Ajaybhai Tailor (BRk Pinkesh Chahwala)
919428519987,Ajaykumar Prajapati (Dmart)
919265484337,Ajeet Bhai Makwana Direct
919016184945,Ajida
919825948122,Ajit Bagadia Direct
919998011314,Ajit Bhai ( Direct)
918050839159,Ajit Jha
919725481666,Ajit Navik
919827000555,Ajit Navik Direct
919825257670,Ajit Patel (Direct)
919737372760,Ajit Prajapati (Insta)
918302623426,Ajit Sarda Direct
919860188433,Ajit Singh
919099950104,Ajit Singh (Direct)
918128693181,Ajit Solanki Direct
919879559397,Ajitbhai Patel (BRK Chandrakant Solanki)
919624260000,Akash Bhai
919376464777,Akash Bhai ( Direct)
919978891007,Akash Bharjvaj
917984686269,Akash Gajjar (Dmart)
919974691193,Akash Gohil
918320231651,Akash Mehta
919824059908,Akash Mehta
918980339335,Akash Modi
919574399901,Akash Oja
918733083191,Akash Pandey
919099940164,Akash Parmar Direct
918140680025,Akash Patel
918460230446,Akash Patel
919712988792,Akash Patel Direct
919033226111,Akash Rana (BRK Pinkesh Chahwala)
919879317978,Akash Raval (Direct)
919054693208,Akash Sahani (Direct)
919106283799,Akash Shah
919067434045,Akash Sharma
917990755050,Akash Sharma Direct
919712532922,Akash Varma
918460617661,Akash Vyas (Direct)
919825136980,Akbari Dinesh (News)
918511222590,Aken Salvi
919913223229,Akhil BhajiyaWala (Direct)
919727013537,Akhil Gujrati
917635812216,Akhil Kumar Sinha G. villas
919909901129,Akhilbhai Hajira (BRK Munnabhai Jalaram)
919920948228,Akhilesh Agrawal
919601369605,Akhilesh Bhai (Direct)
919510203099,Akhilesh Yadav G. villas
918238912130,Aksay Patani Direct
919925213088,Aksh Kothari
919016375411,Akshay
919998747372,Akshay Bankwala
919990999648,Akshay Bhai
917071450725,Akshay Bhai
918866570081,Akshay Bhai
919638508004,Akshay Bhai Direct
918780445102,Akshay Bhai Patel Direct
917874666620,Akshay Chapatwala (Direct)
918460701724,Akshay Chaudhary
919879532804,Akshay Dandiwala(Brk Chadrkan Solanki)
919979501721,Akshay Dhameliya(Insta)
916352477616,Akshay Hingu
918460010100,Akshay Kapadiya (BRK Vipulbhai)
918866375848,Akshay Khatri Direct
919909624540,Akshay Makwana
919925100045,Akshay Mehta
919662035740,Akshay Modi (BRK Dharmesh Jalaram)
917802095366,Akshay Modi (Direct)
918448833265,Akshay Pal
917990789499,Akshay Parmar Direct
918866665506,Akshay Patel
919081939685,Akshay Patel
919998379569,Akshay Patel (Direct)
919978902658,Akshay Patel Direct
919722725240,Akshay Rajput(Brk Chandrkant Solanki)
919974324147,Akshay Rathod Direct
919662116631,Akshay Solanki (BRK Gopal Parmar)
918866279152,Akshay Soni
919978799365,Akshay Soni (Direct)
919712788616,Akshay Tailor
919979693339,Akshay Telar ( Brk Deepak Dariyani)
918630728916,Akshay Thakor Brk Daxesh Chokhawala
919913222999,Akshay Vaghela (Direct)
917046366112,Akshay Vansh
918780143032,Akshay Wakawala (Direct)
919624205000,Akshaybhai Mistry (BRK Dharmesh)
917046246868,Akshy Bhai ( Direct)
916359500149,Alish G. villas
919824151229,Alish Patel
916353523433,Alish Patel Brk Hardik Jethwa
918469391642,Alisha Patel Brk Jay Patel
918865917359,Aliya Parveen
919537117673,Alka Akhori Direct
919825656432,Alkesh Bhai
919033659515,Alkesh Bhai
919327335655,Alkesh Bhai Direct
919426856715,Alkesh Desai Direct
919825763035,Alkesh Ghantiwala Brk Chandrakant Solanki
918200996052,Alkesh Gohil
919821074027,Alkesh Goradia (Direct)
918849015752,Alkesh Kansara Direct
919510251366,Alkesh Modi
919426776665,Alkesh Naik
919825260681,Alkesh Patel
918780812970,Alkesh Rajwadi
919624755644,Alkeshbhai Darji (Direct)
919428394537,Alkeshbhai Gandhi (BRK Pinkeshbhai)
919879102104,Allokbhai Dalwadi(Direct)
919874102104,Alok Dalwadi (Direct)
917082857070,Alok Kumar Direct
919909992434,Alok Parwan
919537502407,Alok Rajput Direct
918433629390,Alpa Ben Surat. g. villas
919924371600,Alpa Mehta (Direct)
918980144677,Alpa Patel Direct
919099941721,Alpa Rajesh Desai (Direct)
919879594332,Alpa Solanki
918238638407,Alpa Varlekar (News)
919106192065,Alpesh (Insta)
919898928202,Alpesh Anajwala (Direct)
919825906615,Alpesh Bhandari
919724259889,Alpesh Chauhan
919825726403,Alpesh Chauhan (BRK Kamlesh Javiya)
918238611666,alpesh Gohil Direct
919924189599,Alpesh Jariwala Direct
917698777807,Alpesh Joshi (Direct)
918401999721,Alpesh Joshi Direct
919824175587,Alpesh Kabrawala
919978233419,Alpesh Kansara (Direct)
919925907069,Alpesh Kapadiya Brk
919601284662,Alpesh LimbAchiya Direct
96897211811,Alpesh Maharaj Muscut G. villas
919426734510,Alpesh Mamriwala (Direct)
919327674737,Alpesh Mehta (BRK Chandrakant Solanki)
919913359609,Alpesh Mehta(Direct)
919879500543,Alpesh Mistry (Direct)
919737681111,Alpesh odi Direct
919725562912,Alpesh Oujha Property Master
919825967085,A踏l踏p踏e踏s踏h踏 P踏a踏n踏c踏h踏a踏l踏 (Dmart)
917203823045,Alpesh Parmar (Insta)
919925150022,Alpesh Patel
918000881750,Alpesh Patel (Direct)
919725157801,Alpesh Patel (Insta)
919913166007,Alpesh Patel Direct
919879545119,Alpesh Patiya
919913863324,Alpesh Rana (Direct)
917567561052,Alpesh Shah
919033942190,Alpesh Tailor (Direct)
919724338550,Alpesh Vyas
919979579997,Alpeshbhai Baruwala (BRK Chandrakant Solanki)
919328805675,Alpeshbhai Dalal (Direct)
919979951859,Alpeshbhai Darji (Direct)
919998219576,Alpeshbhai Maheta ( Direct)
919824738777,Alpeshbhai Patel (BRK Kishor Khopala)
917016936030,Alpeshbhai Patel (Direct)
919898829214,Alpeshbhai Vora (BRK Dharmeshbhai)
919725588574,Amal Agrawal
919033461476,Aman Ahuja
919426590605,Aman Bhai
917041902066,Aman Bhai (Direct)
918401872417,Aman Digliwala
917096767646,Aman Kakdiya
917041922066,Aman Koshiya (Direct)
919879113225,Aman Vats
919824146673,Amansh Gararia (BRK Pinkeshbhai Chahwala)
919825685054,Amar Bari G. villas
919825819129,Amar Dadamwala
919228560507,Amar Geniwala
919979982082,Amar Khambhati Direct
919377723482,Amar Panchal (Dipak Dariyani )
919909096197,Amar Panchal (Direct)
918200961056,Amar Panwala(Brk Dipak Dariyani)
919925376373,Amar Patel (Direct)
919825834134,Amar Singh
919099385901,Amar Singh Chhatra Singh Sinha (Brk Jay Jariwala)
919408365001,Amar Singh Chouhan G. villas
919913217758,Amarat Bhai Direct
919925295990,Amaratbhai T. Patel (Brk Jalaram Vipulbhai )
917874706900,Amarbhai Jhaveri (BRK Pinkeshbhai Chahwala)
919825200166,Amarbhai T Rana (Direct)
919558639917,Amarchand Soni Direct
919427785238,Amarnath Sharma Brk Chhaya Jadhav
919067116970,Amarshibhai Ingorala (Direct)
919825295661,Ambalal Sadadiya (Direct)
919998918019,Ambaram Nair Brk Prakash Nathwani
917777936675,Ambika Patel Direct
918866993300,Ambika Paver
919979073636,Ami Desani (Direct)
918053400808,Amil Sharma
919662087200,Amish Bhai Direct
919427144133,Amish Chotalia Direct
919377456793,Amish Golwala
919328770041,Amish Mehta
919879533217,Amish Modi (Direct)
919925268855,Amish Modi (DIRECT)
919023970110,Amish Modi Brk Jitesh Janzmera
919106461500,Amisha Bodiwala (Direct)
919376632404,Amisha Mehta
919898952395,Amisha Patel ( Direct)
919825811513,Amishbhai Gorwala (Brk Denishbhai)
919574911330,Amit
918875047067,Amit (Ak)
919925665577,Amit Arora (dmart)
917567884010,Amit Bajpal
919925198329,Amit Bhagat (Direct)
919879102657,Amit Bhagude Direct
919328980384,Amit Bhai
919574116117,Amit Bhai
919624256523,Amit Bhai (Direct)
918758035383,Amit Bhai (Direct)
919904201052,Amit Bhai Brk Gopal Bhai
919725442295,Amit Bhai Direct
918454047108,Amit Bhai Direct
919898502815,Amit Bhai Direct
919004105255,Amit Bhai Mistry (Direct)
919925042777,Amit Bhargav (Direct)
919913322870,Amit Bhatt (Brk Dipak Dariyani)
917043061456,Amit Bhavsar Direct
919979403314,Amit Chaudhary (Direct)
919879103481,Amit Dhameja(Direct)
919662766969,Amit Dheniya (Direct)
201271443568,Amit G. villas
919662517363,Amit Gadaria(Direct)
919624236580,Amit Gadhiya (Direct)
918780074631,Amit Gaikwad
919913007524,Amit Gajjar Brk Kiran Jalaram
917043138427,Amit Gajjar Direct
919313319346,Amit Gandhi (Direct)
919429898048,Amit Gavit Ongc (Direct)
919879197389,Amit Gheewala
919033527200,Amit Gupta
919879411264,Amit Joshi (Direct)
919924744904,Amit Kapadia Direct
919825251403,Amit Khadval (Direct)
919998284038,Amit Kumar
918849375565,Amit Kumar
919939733263,Amit Kumar (Brk Dipak Dariyari)
917698079591,Amit Kumar (Direct)
917486035487,Amit Kumar Direct
919408708794,Amit Kumar G. villas
918488099999,Amit Lakhani Direct
919925258201,Amit Maisuriya (Direct)
919979263882,Amit Mangukiya
917878509396,Amit Mehra (Direct)
918141453808,Amit Mistry (Direct)
919898876665,Amit Mistry Direct
918141453801,Amit Mistry Direct
919723315227,Amit Mordiya
919824334045,Amit Muni Direct
919898633204,Amit Naik Direct
919909901358,Amit Pande (Direct)
917048781514,Amit Pandey (Direct)
917984647169,Amit Panjabi
918238686085,Amit Parmar
919979333335,Amit Patekh
918000077000,Amit Patel
919879905641,Amit Patel
919327427847,Amit Patel
919099061624,Amit Patel
919824444556,Amit Patel
919376599888,Amit Patel
919726013321,Amit Patel ( Brk Chandrakant Solanki)
919825966770,Amit Patel (Brk Chandrakant Solanki)
919725562626,Amit Patel (Direct)
919913566014,Amit Patel Bridgecell(A-142 Vala)
919409301050,Amit Patel Direct
919979614504,Amit Patel Direct
919909902040,Amit Patel Direct
918347576535,Amit Patel Direct
919979888160,Amit Pathak
919374724511,Amit Pathak
919664998588,Amit Prajapati
919824003867,Amit Prajapati G. villas
917383101021,Amit Rabari Direct
919510888095,Amit Raghani
919712084835,Amit Randeriya
919725782847,Amit Rathore (Direct)
916357078102,Amit Rawat (Direct)
917048305050,Amit Sailor (BRK Chandrakant Solanki)
919979970445,Amit Sapariya
919429445751,Amit Shah
919375187100,Amit Sharma
919724470418,Amit Shrivastava (Direct)
919558188350,Amit Singh Brk Kaushik Patel
918210130012,Amit Singh Direct
916359908356,Amit Smcwala Direct
919824370059,Amit Solanki
919979663604,Amit Solanki
919998923780,Amit Solanki Direct
918734987540,Amit Solanki Direct
919898014380,Amit Surti
919925677441,Amit Tailor
917018305050,Amit Tailor ( Brk Chandrakant Solanki)
919828761184,Amit Tailor Brk Perfect Deal
919825716118,Amit Tailor Direct
919779511227,Amit Thakur
919045970990,Amit Tomar (Direct)
918655060008,Amit Trivedi Direct
918866200845,Amit Yadav (Direct)
919879114518,Amitbhai Ambaliya (Direct)
919824124865,Amitbhai Dalal (Direct)
919722774755,Amitbhai Desai (Brk Dharmik Thakkar)
919824026803,Amitbhai Jagad (Brk Sonu Lakhwani)
919879288077,Amitbhai Makdani (Direct)
919687574707,Amitbhai Patel (BRK Himanshu Patel)
919724309410,Amitbhai Patel (BRK Pinkesh Chahwala)
919979335935,Amitbhai Prajapaati (Direct)
919824146420,Amitbhai Renose (BRK Chandrakant Solanki)
919824701003,Amitbhai Tailor (Brk Kaushal Patel)
919313809183,Amitbhaibdesai Online Inquiry
918114432110,Amitesh Gothani (Arvind Chaudhary)
919099421292,Amiti Bhai AMNS
919924423377,Amji Jadav ( Brk Deepak Dariyani)
919825617169,Amlesh Singh
919909291947,Amn Patel
919426744644,Amol Patel (Direct)
919173472027,Amol Sharma Direct
918233583133,Amrendra Bhai ( Direct)
918233582133,Amrendra Yadav
918347500111,Amret Singh (Direct)
919723936475,Amrish Agarwal (Direct)
919173771122,Amrish Bhai (Direct)
919879364668,Amrish Bhai Direct
919662522839,Amrish Bhai Patel ( Direct )
919173711122,Amrish Bhatt Direct
919898414315,Amrut Joshi (Direct)
919426619388,Amrut Lal Patel (Direct)
919427782041,Amrut Patel
918460148182,Amruta Maheshwari (Direct)
917990213625,Amul Bhai
918551959744,AmuL Rathod
919909030377,Anajanben Tamakuwala (BRK Bhavinbhai Chahwala)
919924161818,Anak Vada
919624161818,Anak Vala
919879803552,"Anal Patel (Brk Chandrakant Solanki,)"
919376710686,Anand Ahara Direct
919510591779,Anand Bhai
919265622784,Anand Chauhan
919638599944,Anand Dhruv (Brk Dakshit Monpara)
919925024446,Anand hai Dobariya
919800778826,Anand Kapure
919909902922,Anand Kumar (BRK Pinkesh Chahwala)
918980035983,Anand Modi (Direct)
917016613370,Anand modi Direct
919764510565,Anand Nikhar
919714512636,Anand Ojha Direct
918200464103,Anand Pacchigar (Brk Chandrakant Solanki)
919909094946,Anand Patel (Direct)
919624287389,Anand Rathor Direct
919909407733,Anand Seth ( Direct)
919924577445,Anandbhai More (BRK Ghanshyambhai Titles)
919558063355,Anandbhai Pawan (Direct)
919687690321,Anandsinhbhai
919925040849,Anant Bhai (Direct)
919825376131,Anant Bhai Direct
918866856849,Anant Chaudhary (Direct)
918460141708,Anant Chhowala
919824154000,Anant Gandhi
919428456093,Anant Lotwala G. villas
919879952614,Anant Mishra (Direct)
919925223798,Anant Patel (Direct)
919979912905,Anant Pqth
919727251802,Anant Sailor (BRK Tushar Desai)
919879219429,Anant Surti Deepak Daryani Broker
919925223758,Anantbhai Patel (BRK Jignesh Gatiwala)
919601676970,Angad yadav Deepak Daryani Broker
918758311288,Angel Gohil Direct
916354200071,Angel Pari Fb
917016872302,Ani
919925091498,Aniket Animesh Munshi Deepak Daryani Broker
919638388683,Aniket Vaghela (Dmart)
919824190671,Anil Agrawal Direct
919099028409,Anil Bhai
919825465476,Anil Bhai
919376458934,Anil Bhai Brk Gopal Bhai
919824136869,Anil Bhai Direct
916353823107,Anil Bhai Direct
919825751300,Anil Bhai Patel Direct
919377518587,Anil Bhajiyawala
919524136869,Anil Bhrambhatt Direct
917984794564,Anil Chauhan
919825118303,Anil Chevli (Direct)
918153901515,Anil Dahyabhai Pattel (Direct)
918200837458,Anil Desmukh Direct
918956888844,Anil Dhameliya
919662522593,Anil Gajjar Direct
919227411324,Anil Gandhi Direct
919712055707,Anil Gaur
918160507134,Anil Gupta
919825086278,Anil Jadhav Direct
918409561000,Anil Kumar
919537443681,Anil Kumar
919033175424,Anil Kumar Direct
919687605838,Anil Kumar Mishra G. villas
919712081707,Anil Limbachiya
918866533717,Anil Maisuriya Direct
919099096988,Anil Makwana (Insta)
918928619363,Anil Maru G. villas
919824193030,Anil Mehta Direct
919106721233,Anil Mesuriya Direct
919925186340,Anil Mistry
919426636654,Anil Modi (Direct)
919277100000,Anil Moradiya (BRK Jatinbhai Lalwala)
919825137429,Anil Oarekh
919722151890,Anil Pancholi
919825385520,Anil Pancholi (Direct)
919574802166,Anil Parmar
919825155870,Anil Parmar Direct
919409774901,Anil Parvani
919537691470,Anil Patel
919081070870,Anil Patel
919825216010,Anil Patel
919978236366,Anil Patel (Direct)
919825437530,Anil Patel Brk Ajay Panwala
918469640910,Anil Patel Direct
919898841613,Anil Patel Direct
917600012003,Anil Patel Direct
919904701600,Anil Patil
916351486496,Anil Patmar
919427824450,Anil Pawar (Brk Chandrakant Solanki)
919879563993,Anil Pillai
918866642533,Anil Sali Direct
919978094091,Anil Savliya
919879428285,Anil Shah Direct
919879102042,Anil Sharma (BRK Ajay T Patel)
919377998555,Anil Singh
919798888866,Anil Singh Direct
919228561602,Anil Sonavne Direct
919898103103,Anil Soni (Brk Ashwin Bhai)
919601286845,Anil Sudi (Kamlesh Javia)
919427752375,Anil Sukhla
919825779555,Anil Sukla Direct
919724331977,Anil Tendal Direct
917046814634,Anil Thakar Direct
919429368546,Anil Trivedi (Direct)
918130587548,Anil Yadav G. villas
919909018524,Anilbhai Gallata (BRK Chandrakant Solanki)
919825703295,Anilbhai Jariwala (BRK Chandrakant Solanki)
919998359091,Anilbhai Jetani(Brk Deepak Daryani)
918511554244,Anilbhai Lochawala (Direct)
919638529772,Anilbhai Mangukia (BRK Chandrakant Solanki)
919892475740,Anilbhai Mehta (Direct)
919898271285,Anilbhai Prajapati (Brk Chandrakant)
919824122163,Anilbhai Singh (BRK Hitendra Dudhwala)
919913340940,Anilbhai Sonvane (Direct)
919558691916,Anilbhai Tailor (Direct)
918000557450,Anilbhai Vyas (Direct)
919909082586,Anilkumar Singh Cripco
917874301460,Anilmahent
919898454204,Anilnpatil Direct
919998600501,Anilpafel
919825091498,Animesh Munshi Deepak Daryani Broker
919998219632,Animesh Patel Deepak Daryani Broker
919904048290,Animeshbhai Bodiwala (BRK Chandrakant Solanki)
919104618680,Anirudh Bhai (Direct)
917878806010,Anirudh Jadav
919624678680,Anirudh Vora (Direct)
919712303369,Anish Doshi G. villas
919537160040,Anish G. villas
919898555398,Anish Gandhi Brk Raju Kabra
917600409706,Anish Prasad Direct
919784206106,Anish surti Direct
919589851827,Anisha Patel
918411908405,Anisha Soni
916352002664,Anita
919824882958,Anita Bhramabhatt Direct
918141857683,Anita Gamit Direct
919925126482,Anita Gaywala
917983707378,Anita More
919925065901,Anita Sarang Direct
919737745666,Anita Sharma Direct
919925760865,Anita Singh
919925188783,Anitaben Dilipbhai Patel(Kiranbhai Jalaram)
918866309878,Anj Anjali Narola G. villas
917622823288,Anjali (Insta )
919428906995,Anjan Desai (BRK L L Shah)
918238320574,Anjana Maheta
919687018886,Anjana Shundar
918401267561,Anjana Vala
918200356726,Anjani Parekh (Direct)
919979391633,Anjna Bhatt
919725130445,Anju Mistri (Brk Rahul Tiwari)
919824111652,Ankit Aarya (Direct)
918000255454,Ankit Bhai
917600659000,Ankit Bhai
919714280681,Ankit Bhai (Direct)
919510405000,Ankit Bhai (Direct)
244944201944,Ankit Bhai Brk Bhavesh Patel
918866661222,Ankit Bhai Mali (Direct)
918155057702,Ankit Bhai Steelcement
919537682797,Ankit Bhandari
918104767467,Ankit Bhimporia (Direct)
917726072827,Ankit Chauhan (Direct)
919510554321,Ankit Chobey Direct
919974723417,Ankit Clemeht Direct
919979679930,Ankit Darji
919099767034,Ankit Dave (Brk Deepak Dariyani)
919662019140,Ankit Desai (Brk Babu Sutariya)
919316689895,Ankit Desai (Direct)
919909882297,Ankit Fataniya
919099210529,Ankit G. villas
919727257172,Ankit Gadhiya (Direct)
919998466649,Ankit Gajjar
918849904036,Ankit Gajjar
919227500075,Ankit Gajjar (Direct)
918320926447,Ankit Humbal
917405439686,Ankit Jani ( Direct)
918200267952,Ankit Jariwala
919726703848,Ankit Kantharia Direct
918866780047,Ankit Kapadiya Direct
919510326888,Ankit Koman (Direct)
919979064646,Ankit Koshiya
919924986666,Ankit Koshiya
917991147694,Ankit Kumar (Direct)
919714078777,Ankit Lapsiwala
918200725381,Ankit Maisuriya
919879101730,Ankit Maisuriya (Direct)
919033282327,Ankit Mistry Direct
919727741041,Ankit Modi
918238678178,Ankit Monpara (Insta)
919429854939,Ankit Ozarkar
918867308827,Ankit Pandey
918160698252,Ankit Panwala
919558812805,Ankit Parekh
919998192226,Ankit Parekh Direct
918401154916,Ankit Parmar
919909863136,Ankit Patel
918980702523,Ankit Patel
917016496654,Ankit Patel (Dmart)
917359202299,Ankit Patel (FB)
917990930489,Ankit Patel Direct
918200192777,Ankit Patel
919173882784,Ankit Pisalkar (Direct)
918866660170,Ankit Prajapati (Brk Chandrakant Solanki)
917600534501,Ankit Prajapati (Direct)
919904877760,Ankit Prajapati Direct
918866960170,Ankit Prajapati Direct
919510431718,Ankit Purohit
919624316265,Ankit Rana
918141520705,Ankit Rana Brk Prakash Nathwani
917226040954,Ankit Shah (DIRECT)
917217887417,Ankit Sharma
919909906760,Ankit Sharma (Direct)
919409405000,Ankit Singada (Direct)
916352864126,Ankit Singh
917600147554,Ankit Singh Brk Hardik Jethwa
919033310919,Ankit Sodha
918866444006,Ankit Soni (Direct)
919913229422,Ankit Sopariwala (BRK Chandrakant Solanki)
918485957782,Ankit Tailor (Direct)
919726222550,Ankit Tak (BRK Manishbhai Shayona)
918866561989,Ankit Thakkar Direct
917046278420,Ankit Thakur
917874110576,Ankita Ben
919712943155,Ankita Bhagatwala
919328447013,Ankita Chirag Desai Deepak Daryani Broker
919924588559,Ankita Gramani (Direct)
917600579184,Ankita Padia G. villas
919099090605,Ankitbhai Bhojak (Direct)
919727812318,Ankitbhai Gandhi (BRK Pinkeshbhai Chahwala)
919979480202,Ankitbhai Patel (BRK Kaushik Patel )
918320248167,Ankitbhai Toronto (BRK Kamlesh Javiya)
919033100215,Ankitbhai Trivedi (BRK Pinkeshbhai)
919825809428,Ankur Bhai (Direct)
917405056426,Ankur Bhai Biswas Direct
919405056426,Ankur Biswas
919925100177,Ankur Cristian
919321573339,Ankur Desai Fb
918527558899,Ankur Garg Direct
919586391999,Ankur Gathiya
919506391999,Ankur Gathiya
919033563601,Ankur KelaWala Direct
919825163866,Ankur Kholwadwala
918866988962,Ankur Mistry
919824115781,Ankur Modi (BRK Bhavin Chahwala)
919825218889,Ankur Patel
919978670550,Ankur Patel
919512510916,Ankur Patel
919898202300,Ankur Patel
919909902855,Ankur Patel
61430410831,Ankur Patel (Australia)
919879556663,Ankur Patel (BRK Kamlesh Javiya)
918141375006,Ankur Patel (Direct)
919408616018,Ankur Patel Direct
919173290000,Ankur Shah ( Direct)
919825500050,Ankur Shah Direct
918200931248,Ankur Shinde G. villas
918000078525,Ankur Singh
917016344009,Ankur Singh (Direct)
919724530740,Ankur Solanki (BRK Chandrakant Solanki)
918510044707,Ankur Vats
917019262256,Ankur Vyas Direct
919924436361,Ankurbhai Shukla (BRK Pinkesh Chahwala)
919662054819,Ankurbhai Vaidya (Direct)
919998435530,Ankush Bhai
919978613411,Ankush Narendrabhai Rewani (Direct)
919033126361,Ankush Singh
919909901883,Ankush Sirsat Direct
918980521888,Anmol Patel
919773136681,Anna AMNS
917048855154,Anshu G. villas
919904014888,Anshu Rajput
919214828975,Anshul Modi (Direct)
919033091920,Anshuman Singh
918860308822,Anubhai Direct
918488869625,Anuj Bhai
918655017727,Anuj Chaudhary
919825480225,Anuj Jain
919561678441,Anuj Jkumar Surat G. villas
919662207286,Anuj Khoshya
919825716615,Anuj Malpani (Brk Rakesh Parmar)
919601670928,Anuj Singh
917990837597,Anuj Tiles
919913004774,Anup Agrawal Direct
919978917183,Anup Desai( Direct)
919825650289,Anup Gadroo Direct
919737137910,Anup Gamit (Direct)
919904791397,Anup Kumar (Brk Jatin Suratiya)
919106366687,Anup Mukharjee ( Deepak Dariyani )
917016664745,Anup Rai (Insta)
919909950414,Anupam Gupta (Direct)
917877595962,Anupam Jain (BRK Chandrakant Solanki)
919428815515,Anupama Sharma Brk Vijay Changulani
919100867974,Anurag Bhai
919328882888,Anurag Dobra Direct
918200418141,Anurag Dogra (Brk Dipak Dariyani)
918200418140,Anurag Dogra Deepak Daryani Broker
919428456737,Anurag Hirani (Direct)
919374622269,Anurag Rawat(News)
917202000204,Anurag Soni
919825574306,Apple
919904979699,Appolo Fittings
918141942022,Apurv Lapsiwala
919039012231,Apurva Ntpc
919619920044,Apurva Pandya G. villas
919619920901,Apurva Pandya G. villas
918469999655,Apurva Prajapati Direct
919825515848,Ar Jignesh Prajapati (Direct)
917284045643,Ar Manthan Jogani Direct
919723818080,Aravind Patel (Direct)
919081540927,Arbi Singh (Direct)
918758875813,ARC. Pankaj Shibodia
919687611773,Archana Painter
919925468393,Archana Patel
918980526977,Archanaben Patel (Brk Dipak Dariyani)
919724882977,Archie Kumar
916359907980,Archit Dave
919723359885,Ari Daman Singh
919016384383,Arjan Khokhaniya (Direct)
919824534296,Arji Pachiya
918780044160,Arjun
919033580572,Arjun Bhai Direct
918320340280,Arjun Kansara (Direct)
919825414748,Arjun Khut Direct
917878257771,Arjun Kumar Teli G. villas
919714916170,Arjun Leva
919427827293,Arjun Mistry Direct
919924359189,Arjun Singh Direct
917041025067,Arjun Trivedi
916294084494,Arman
919727850448,Arpan Bhai (Direct)
919909995757,Arpan Naik (Sandes News)
919879382941,Arpana Dave Direct
919106875909,Arpit Bhai
919920956949,Arpit Bhai (Direct)
919879652520,Arpit Jariwala (Brk Subhash Bhai)
917801889501,Arpit Pal
919227856237,Arpit Patel
919930505590,Arpit Patel Direct
918141594095,Arth Chaudhary Direct
919726706808,Arti (Insta)
919265886788,Arti Selar
918141339532,Arun
919909902312,Arun Bha
919724062696,Arun Bhai
919505502313,Arun Bhai AMNS
919033111464,Arun Bhatia
917600058084,Arun Chaudhary Direct
919724099201,Arun Khanvanshi
919687417172,Arun Khunt
919537544634,Arun Parmar
919837544634,Arun Parmau
919687268395,Arun Patel
919033623293,Arun Patel (Brk Chandrakant Solanki)
918469382092,Arun Patel (Direct)
919904419000,Arun Rathod (Direct)
919426137372,Arun Soni (Direct)
919624824800,Arun Vadhan Direct
916353567411,Aruna Joshi G. villas
919173744140,Arunbhai Kapadiya
919913520750,Arunbhai(Brk Hareshbhai Surani)
919924566789,Arunkumar Patel (FB)
919909090918,Arvinbhai ( Brk Ghanshyambhai)
919825956601,Arvind Bapotara
919099444777,Arvind Bhai
919824098892,Arvind Bhai
919510484331,Arvind Bhai (Brk Chandrakant Solanki)
919725793850,Arvind Bhai Direct
919096222198,Arvind Bhai G. villas
919825514492,Arvind Chauhan
919879200922,Arvind Dakshini Direct
919925420950,Arvind Ginoya (Kishor Vora)
919925009884,Arvind Goshwami Direct
919913652279,Arvind Kotadia
919328494426,Arvind Kumar
919879238090,Arvind Kumbhare
919099926368,Arvind Makwana (Direct)
919099963268,Arvind Makwana (Direct)
919574993182,Arvind Makwana (News)
919925198065,Arvind Modi (Brk Chandrakant Solanki)
919825629715,Arvind Patel
919998972730,Arvind Patel
919825134199,Arvind Patel
918128659801,Arvind Patel (Direct)
919904399710,Arvind Patel (Insta)
918450938971,Arvind Patel Mumbai
919898034468,Arvind Prajapati (Direct)
919879916824,Arvind Rabadiya (Direct)
918141068396,Arvind Saliya (Brk Jatin Sutariya)
919879016214,Arvind Tank Direct
919825210089,Arvind Tiwari
919724196269,Arvindbhai Choudhary (BRK Chandrakant Solanki)
918160717614,Arvindbhai Jivrajbhai G. villas
919879101208,Arvindbhai Joshi (Direct)
919712554880,Arvindbhai Patel (BRK Gulamama)
919824111935,Arvindbhai Patel (Direct)
919726349427,Arvindbhai Vaghasiya (FB)
918879788799,Arya Brijay (Direct)
918980939008,Asha Rajiv Mehta
919426777543,Ashaben Modi (BRK Himanshu Kapadia)
916351773557,Ashamati Rathod Direct
919979200022,Ashesh Rami Direct
919909900401,Ashish Aditya Deepak Daryani Broker
918866790441,Ashish Bhai
917016342523,Ashish Bhai
919376960955,Ashish Bhai
919909907556,Ashish Bhai (Brk Shailesh Thakkar)
919978907174,Ashish Bhai (Direct)
919898581988,Ashish Bhai Direct
918980884388,Ashish Christan (BRK Chandrakant Solanki)
919687950000,Ashish Dalal
919998221769,Ashish Desai Direct
919825784041,Ashish Dhodkiya Brk Bhavin Chahwala
918866575198,Ashish Gajjar (Direct)
919925199917,Ashish Gandhi
919377733523,Ashish Gheewala (Direct)
919978155876,Ashish Ghumtqwala
919824024807,Ashish Gor (Direct)
919375921324,Ashish Jadhav (Brk Prakash Nathvani)
919099621267,Ashish Jariwala
917984093160,Ashish Jariwala (Brk Chandrakant Solanki)
919891010948,Ashish Joshi
919898010948,Ashish Joshi Direct
919909507136,Ashish Khalasi (Direct)
919033894398,Ashish Khokhani (Direct)
919978614118,Ashish Maisuriya (Jayshreeben 2 Plot) (Brk Dipak Dariyani)
919925111684,Ashish Mehta Brk Chandrakant Solanki
919099389266,Ashish Mistry (Brk Chandrakant Solanki)
917984213285,Ashish Mistry Deepak Daryani Broker
918140077709,Ashish Parmar
917226911157,Ashish Patel
917000031554,Ashish Patel
917990033637,Ashish Patel (Brk Chandrakant Solanki)
919879102698,Ashish Patel (Brk Himanshu Kapadiya)
919898456518,Ashish Patel (Direct)
919825198513,Ashish Patel (Direct)
919925111157,Ashish Patel Direct
919825131117,Ashish Patel G. villas
918530696468,Ashish Rathod Direct
919978693139,Ashish Rupawala
919427580180,Ashish Sadiwala
919081347233,Ashish Sadiwala Element Home
919426140656,Ashish Sailor
917434858603,Ashish Sampat
919913099100,Ashish Savliya Direct
919824461234,Ashish Shah (BRK Dharmesh)
919898127355,Ashish Shah (Direct)
919824179279,Ashish Shah G. villas
919925190946,Ashish Solanki (Direct)
917201027736,Ashish Tailor
919537670226,Ashish Upadhyay (Direct)
919353070009,Ashish Vora Direct
918780171677,Ashish Vyas
919824027027,Ashish Vyas Brk Shailesh Ved
919909189181,Ashish Vyas Direct
918530907609,Ashishbhai (Direct)
919537812917,Ashishbhai Gamit (BRK Pinkesh Chahwala)
919825409073,Ashishbhai Gheewala (BRK Pinkeshbhai)
919825612009,Ashishbhai Luhar (BRK Kaushik Jalaram)
919898623420,Ashishbhai Master (BRK Chandrakant Solanki)
919426866611,Ashishbhai Mehta (BRK Chandrakant Solanki)
919904807796,Ashishbhai Patel (BRK Pinkesh Chahwala)
918488812750,Ashishbhai Vyas (BRK Dineshbhai Thakkar)
919824027026,Ashishbhai Vyas (Direct)
919825305129,Ashit Jariwala (BRK Bhavin Chahwala)
919727331274,Ashlesh Patel
919427160264,Ashmita Prajapati
919825473336,Ashok
919879608857,Ashok Ariwala
919898929385,Ashok Bagal (Brk Jayesh Chauhan)
919408768480,Ashok Bahurupi (Direct)
919879101057,Ashok Bhai
919979262833,Ashok Bhai (Direct)
919825816490,Ashok Bhai (Direct)
919426362533,Ashok Bhai (Direct)
918200479774,Ashok Bhai (Insta)
919726777999,Ashok Bhai Direct
919825191111,Ashok Bhai G. villas
919377555922,Ashok Bhai Javeri ( Brk Deepak Dariyani
919724345685,Ashok bhai Salunke(Direct)
919898919131,Ashok Biscuitwala
919825623878,Ashok Chauhan Direct
919376503600,Ashok Chhajera Direct
919426745739,Ashok Dabheliya
919099376004,Ashok Devre (Cripco)
919426874524,Ashok Dhdhane
919825170382,Ashok Gabani(Direct)
917984581799,Ashok Gadhvi (Direct)
919429987616,Ashok Gajjar
919825145741,Ashok Golakia ( Direct)
919033923882,Ashok Jadhav (BRK- Rajeshbhai Gajjar)
919909217991,Ashok Jain
919825971494,Ashok Jariwala
919998498291,Ashok Jethawa (Direct)
919874783093,Ashok Jethwa Direct
919228201373,Ashok Kakrani
919879113137,Ashok Khandelwal Direct
919825472709,Ashok Mehta (Brk Bhavin Chawala)
919824173492,Ashok More (Brk Ashwin)
919537085812,Ashok Nayakawala Direct
919825588283,Ashok panchal (brk anuj kapadiya)
917990037164,Ashok pandey direct
919687140233,Ashok Parekh
919825514785,Ashok Parekh Direct
919979377032,Ashok Patel
919712517399,Ashok Patel
919909433907,Ashok Patel
919938326712,Ashok Patel
919825229356,Ashok Patel
919909437085,Ashok Patel
919824829262,Ashok Patel
919427504418,Ashok Patel (BRK Chandrakant Solanki)
919879552860,Ashok Patel (BRK L L Shah)
919825792258,Ashok Patel (Chandrakant Solanki)
919712517394,Ashok Patel (Direct)
919879610776,Ashok Patel (Direct)
919428517291,Ashok Patel (Direct)
919825636420,Ashok Patel (Direct)
919727740877,Ashok Patel (SMC )
919687436233,Ashok Patel Brk Ashwin Padiyar
919377964154,Ashok Patel Deepak Daryani Broker
919724345520,Ashok Patel Direct
919638836233,Ashok Patel Direct
919726018881,Ashok Pawar
919978903049,Ashok Pitrodiya (BRK Pinkeshbhai Chaiwala)
917383791287,Ashok Prajapati
919712253830,ASHOK PRAJAPATI (Direct)
919638326712,Ashok R Patel (Brk Ashwin Bhai)
919904156567,Ashok Rajput
919016488165,Ashok Rajput (News)
919106896088,Ashok Rana (Insta)
919624200195,Ashok Rawal
919879110381,Ashok Rawat
919879101475,Ashok Shreevastav ( Dairect )
919924108330,Ashok Sindhe
917600011716,Ashok Solanki Direct
917984761341,Ashok Surti Direct
919328603727,Ashok Thakur Brk Chandrakant Solanki
919879100592,Ashok Varma Direct
919879100242,Ashok Varma Direct
919824717000,Ashok Welding
919913076900,Ashok Zajmera Direct
919879154229,Ashokbhai Bariya (BRK Hardik Jethva)
919099741853,Ashokbhai J Patel (BRK Mehul Kapadia)
919727072990,Ashokbhai Jariwala (BRK Chandrakant Solanki)
919824783093,Ashokbhai Jethva Nakshtra Nebula
919998085500,Ashokbhai Khaniya
919825419521,AshokBhai Padhiyar (Insta)
919408222303,Ashokbhai Patel (BRK Sunil Jalaram)
919825794363,Ashokbhai Patel (Direct)
917984144724,Ashokbhai Patel (Direct)
919978863764,Ashokbhai Patel (Direct))
919228225118,Ashokbhai Virani (BRK Mehul Kapadia)
919825627626,Ashokbhalodia Bhalodia Deepak Daryani Broker
919909930554,Ashokhai Sapriya (BRK Kamlesh Jalaram)
919737573884,Ashu Harwani G. villas
919054202000,Ashu Savliya Direct
917405426400,Ashutosh Badlawala Direct
919824579911,Ashutosh Desai Direct
919426745484,Ashutosh Doctor (Direct)
919909901415,Ashutosh Jha
916353473184,Ashutosh Jha
918866544469,Ashutosh Mishra Direct
919712922340,Ashutosh Pandey Direct
919825130772,Ashvar Patel (Brk Chandrakant Solanki)
917016349507,Ashvin Dabrwala Direct
919979901736,Ashvin Gajjar
918469821817,Ashvin Lakdawala
919426749226,Ashvin Pandey Direct
919825344038,Ashvin Pandya
919978090517,Ashvin Raghvani
918488869660,Ashvin Shah Direct
919404996603,Ashvinbhai (Direct)
919375415214,Ashvinbhai Joshi(Brk Hareshbhai Surani)
919879454235,Ashwin Bhai
919998838682,Ashwin Bhai ( Direct)
919825255749,Ashwin Bhai Direct
919912208104,Ashwin Bhai Direct
919724686675,Ashwin Bhai Padhiyar Broker
919173634727,Ashwin C Dudhwala (Direct)
918104714341,Ashwin Jain Direct
919825052609,Ashwin Jalodra
919924397951,Ashwin Jetani Brk
919339562485,Ashwin Kalkata Direct
919426742494,Ashwin Kapadia Direct
919426742403,Ashwin Kapadia Direct
919624874055,Ashwin Makhaniya Direct
917043712951,Ashwin Mehra Surat (Dmart)
919962500417,Ashwin Parmar
919904438523,Ashwin Patel
919601436511,Ashwin Patel
919099121267,Ashwin Pawar
919265388943,Ashwin Piprodiya (Direct)
919825843045,Ashwin Savani(Direct)
919879291071,Ashwin Shah
918003280033,Ashwin Solanki
919727139403,Ashwin Sopariwala (Brk Bhavin Chawla)
919825657188,Ashwin Thakkar
917600042346,Ashwin Vasoya
919879366817,Ashwinbhai Bhatt (BRK Jignesh Gatiwala)
919909436773,Ashwinbhai Gandhi (Direct)
917990683313,Ashwinbhai Nagar (Direct)
919662500417,Ashwinbhai Parmar (Brk Mehulbhai)
919275030487,Ashwinbhai Parmar (BRK Pinkesh Chahwala)
919726014807,Ashwinbhai Patel (BRK Mehul Kapadia)
919879264129,Ashwinbhai Raj Marble
918368604271,Ashwini Sharma (Jalaram Grp )
919824465515,Asitbhai Par (Direct)
919429332012,Asmita Patel (Direct)
918511105543,Asutos Bhai(Brk Manishbhai Shayona)
918434201510,Asutosh Singh Direct
919825119453,Aswin Parekh Direct
919978666486,Atik Galani
917096448766,Atik Mirza
919724949257,Atik Mistry Direct
919624691147,Atodariya Minakshi Deepak Daryani Broker
919137232997,Atul Bhai (Direct)
919825118413,Atul Bhai (Direct)
919824129829,Atul Bhai Direct
916359908452,Atul Chaudhary (Direct)
919586627278,Atul Gadhiya (Direct)
919426140676,Atul Gandhi (Brk L L Shah)
917415061415,Atul Gupta (Direct)
919375250525,Atul Halvawala Deepak Daryani Broker
919374722335,Atul Jariwala
919825154169,Atul Mahajan (Direct) Kribhco
447448482194,Atul P G. villas
919825011212,Atul Panchal
917874627843,Atul Parmar (Direct)
919825159460,Atul Parmar Dhirubhai (Direct)
919157913541,Atul Patel
919979462357,Atul Patel
919825027598,Atul Patel
919374952551,Atul Patel
919374133060,Atul Patel
919825051420,Atul Patel (Brk Deepak Dariyani)
919727151778,Atul Prakash G. villas
917046670461,Atul Purohit ( Brk Chandrakant)
917383733833,Atul Singhal (Insta)
919106020929,Atul Soni
919374445571,Atul Srikastav Direct
919687163336,Atul Tailor
919825149106,Atul Thakkar
919769680229,Atul Varun (Direct)
919724114433,Atul Vyas (Direct)
919879276906,Atulahir
919824744516,Atulbhai Royguru Direct
917878599900,Aum Bodawala
61412478073,Australia
918874274740,Avanesh Pandey (Direct)
918320053220,Avani Gandhi (Insta)
918469367115,Avinash ( Direct)
919898864143,Avinash Barbate
919427504345,Avinash Direct chauhan
919601049858,Avinash Jain Direct
918238712333,Avinash Khun Direct
919662114042,Avinash Kumar
919898579877,Avinash Patel
919913769688,Avinash Patel (Direct)
918460186072,Avinash Surti (BRK Chandrakant Solanki)
917801900907,Avinash Udasi Broker
919974218735,Aviraj Bhai
917228995222,Avish Shah
919627866481,Avnendra Yadav (Direct)
918128281226,Avnish Mathur
917405511530,Avtaar Patel
919669965329,Ayush
919173739905,Ayush Agrawal
917878377758,Ayush Chhataria
919099309234,Ayush Gujjar ( Direct)
918200244884,Ayush Makwana
918793815152,Ayush Navgane
919408337000,Ayush Patel Direct
918401435349,Ayush Shah
919978934601,B A Chawda
919028181401,B D Joshi (BRK Nileshbhai Modi)
919427504907,B H Chaudhary
919359999964,B K KHATANA (DIRECT)
919979969826,B k Surti
919824370038,B m Patel
919427421615,B m Sataria
916351998143,B N Mishra Direct
918000882902,B N Pandey
919898020021,B R Shah (Direct)
917016704677,B. a Parekh Direct
919428409314,B. J Makwana NTPC
919409440862,B. M Parmar Direct
919409103322,B. P Singh Direct
919925563251,B.D Tailor (Direct)
919328129297,B.J.joshi (Direct)
919265899772,B.P Patel (News)
918200033929,Bablu Bhai ( Direct)
919512221214,Babu Bhai Patel Direct
918160842276,Babu Desai Direct
919998065785,Babu Kumar (Insta)
919825468455,Babu Marble Wala
919924640822,Babu Sutariya (Direct)
919427472660,Babu Tailor (Direct)
919427739807,Babu Vaghasiya
919998079394,Babu Vekariya Direct
919409516781,Babubhai Chauhan (Direct)
917990997191,Babubhai G. villas
919879677083,Babubhai Rajput (BRK Kaushik Patel)
919712613611,Babubhai Umrao G. villas
919824666164,Babulal B Paatel
918200670114,Babulal Mali (Insta)
918155987309,Babvant Patel (Direct)
918469146222,Badal Maheta
919879068287,Badri
919879946904,Bahadur K Chawda (Direct)
917600800799,Bahadur Singh Chauhan Brk Perfect Deal
919712757262,Baiju Majrani Direct
919909966696,Baiju Master Direct
919879645167,Bakul Bhai
918758498709,Bakul Bhai Brk Chandrakant Solanki
919825140059,Bakul Variyavwala Brk Rajesh Gajjar
919925508966,Bakul Vasava Direct
919998249191,Bal Krishnab
919574277131,Bala Zanjmera Direct
917990870995,Balaji Bhai
919728409314,Baldev Makwana
919016342396,Baldev Solanki (News)
919833124349,Bali Makhija (Direct)
919978871623,Baliram Gaikwad
919328244791,Balkrishna Maisuria (Direct)
919726904430,Balkrishna Sharma Direct
919879558777,Balkrushna Chaywala (BRK Pinkalbhai Anujwala)
917226009586,Balmukund Bhai
918780116203,Balram Colour
919601655663,Balu Parmar (Direct)
918195987309,Balvant Bhai (Direct)
919427654553,Balvant Bhai (Direct)
919898098192,Balvant Patel
919824734755,Balvant Patel
919879388792,Balvant Patel
919825455621,Balwan Sonawala Direct
919328311133,Bankim Desai Deepak Daryani Broker
919825908509,Bankim Paghadiwala (Direct)
919510289085,Bankim Shah(Chandrakant Solanki)
918866332387,Bansari Solanki Direct
919427966669,Bansi Bh
919429017781,Bansi Bhai (Direct)
918733820731,Bansi Bhajivala ( Direct)
19737159068,Bansi Papaiya
918000456000,Bansibhai (BRK Chiragbhai Jethva)
919624755992,Bansilal (Brk Chandrakant Solanki)
918980752552,Banti B
919909776205,Bantu Rana (Brk Pinkesh Chawala)
919377772127,Banty Dalal
917878666608,Bapunu Ajaya G. villas
919825533196,Baroda Brick
919537823964,Barunbhai (Direct)
919824355495,Basant Sharma
919909945444,Basant Swain (Direct)
919825446069,Batuk Dhanani Brk Chandrakant Solanki
919727702808,Bavendra B
919099636017,Bawa Chopra G. villas
917990642297,Bdresh Kaka Sasa G. villas
919737702216,Beena Nair (Direct)
918320038184,Beens Ben Joshi Direct
918200172053,Benaz Vesuna G. villas
919825644454,Bhabhi Moti (Direct)
919889875827,Bhadresh Aariwala
918849436094,Bhadresh Bhai
917227976069,Bhadresh Bhatt (Direct)
919998219930,Bhadresh Chauhan (Direct)
919998923811,Bhadresh Dholawala Direct
919904874475,Bhadresh Ganjawala (Direct)
919825172785,Bhadresh Gorwala
919979342974,Bhadresh Guva Direct
918849034445,Bhadresh Kapadia Direct
919374711154,Bhadresh Modi Direct
919723215550,Bhadresh Panchal
919586102555,Bhadresh Patel ( Direct)
918849236094,Bhadresh Thakkar
919427587351,Bhadresh Thakkar
919979614013,Bhadresh Tijvij Direct
918866310144,Bhadreshbhai Dandiwala ( Direct)
919377742490,Bhadreshbhai Jariwala (Brk Manishbhai)
919879067683,Bhagat Direct
919726489300,Bhagat Singh
919925156065,Bhagirath Jariwala (Brk Prakash Nathavani )
919898689658,Bhagirath Vijay (Chandrakant Solanki)
919714070041,Bhagirathbhai V Jani (BRK Darshit Monpara)
918758362980,Bhagu Bhai Panchal
917486064062,Bhagu M Patel (Direct)
919825099186,Bhagu M Patel( Direct)
916355956835,Bhagu Patel Direct
919825280317,Bhagvan Gohil
919909901805,Bhagvat
919825519405,Bhagvat Bhai (Direct)
919913181777,Bhagvati Khalasi Direct
919825148018,Bhagvatibhai Patel (BRK Ajay T Patel)
919712230103,Bhagvsn Mistry Direct
917718811415,Bhagwan Bariya G. villas
917203956745,Bhagyesh Anna
919726866969,Bhagyesh Dalal
919726566969,Bhagyesh Dalal Direct
919374087209,Bhakti Patta
919377558770,Bhaktiben (BRK Kamlesh Javiya)
919909902379,Bhamik Shah
919904836137,Bhanjibhai Gohil(Brk Chandrkant Solanki)
919925418925,Bhanjibhai Khuman(Direct)
919898789218,Bhanu Seth Direct
919909282895,Bhanumati Solanki (BRK Chandrakant Solanki)
917226002316,Bhanwar Si Gh
918160301639,Bharat Amrutlal Joshi G. villas
918733026054,Bharat Babriya (Direct)
919099128506,Bharat Bannpare
919265327289,Bharat Bhai
919428331597,Bharat Bhai (Direct)
919898191625,Bharat Bhai (Direct)
917622022616,Bharat Bhai (Direct)
919904734043,Bharat Bhai (Direct)
919913089461,Bharat Bhai Direct
919825110340,Bharat Bhai Gajjar Direct
919879551645,Bharat Bhai Mistry
919723781998,Bharat Bhai Panchal (Direct)
919327621832,Bharat Bhai Patel
919825442246,Bharat Bhai Patel
919879066287,Bharat Bhai Patel
919662225097,Bharat Bhai Patel (Direct)
919879381585,Bharat Bhai Reval Direct
919925245493,Bharat Bhai Zope (Direct)
919824125077,Bharat Bhatt
919712021259,Bharat Bhatt Direct
919825390054,Bharat Bhavsar (Direct)
917000542131,Bharat Bhusan
919825117613,Bharat Chawda
919374215035,Bharat Danish Direct
919825120673,Bharat Dhamelia Direct
919824764123,Bharat Fataniya (Direct)
919714702222,Bharat Gadhiya
919429408419,Bharat Gadiwala Direct
918128200849,Bharat Galara (Direct)
919429100888,Bharat Gandhi
917567744427,Bharat Gavli (Direct)
919825378944,Bharat Ghantiwala
917984077737,Bharat Gopani( Direct)
919825638302,Bharat Jadhav Direct
919924864013,Bharat Jadhav Direct
919879290649,Bharat Jadhav G. villas
919998547777,Bharat Jahue
919825145578,Bharat Jariwala
918799426380,Bharat Jhapa Bazar
919825377142,Bharat Joshi (Brk Dipak Dariyani)
919879851753,Bharat K Jariwala (Direct)
919724260269,Bharat Kadel
919898325299,Bharat Kantharia Direct
919427744779,Bharat Katharia
916354085943,Bharat Khadka
919909901598,Bharat Kumar
919081562000,Bharat Kumar ( Direct)
919909901591,Bharat Kumar Direct
919737489913,Bharat Lahor
919099118787,Bharat Makwana
919925483393,Bharat Malikia ( Direct)
919227905665,Bharat Mehta
919998692719,Bharat Modi
919879456912,Bharat Modi Direct
916356303849,Bharat Moradiya Direct
919429018804,Bharat More
919729018804,Bharat More
919925715115,Bharat N Patel ( Direct)
919537561295,Bharat Nandanvar
919773112650,Bharat Nandanwal
919974011764,Bharat P Kathrotia
919714637025,Bharat Panchal
918000038443,Bharat Patel
919909243514,Bharat Patel
919429090847,Bharat Patel
919428060117,Bharat Patel
919328160507,Bharat Patel
918849583045,Bharat Patel
919974451104,Bharat Patel
917490808332,Bharat Patel (Brk Chandrakant Solanki)
917409808332,Bharat Patel (Brk Chandrakant Solanki)
919898615127,Bharat Patel (Direct)
919898379262,Bharat Patel (Direct)
919974093185,Bharat Patel Direct
919824533735,Bharat Patil Direct
919726096586,Bharat Peajapti
917058329756,Bharat Prajapati (Direct)
919099259021,Bharat Rajpurohit
919904862754,Bharat Ramnik
919726920811,Bharat Rathod ( Brk Chandrakant Solanki)
919879444449,Bharat Rathod (Brk Chandrakant Solanki)
917226013732,Bharat Rathod (Direct)
919925777201,Bharat Rathvi (Direct)
919974830019,Bharat Sakariya G. villas
917567586058,Bharat Sangar
918128273419,Bharat Singh
918980027191,Bharat Sodiwala (Brk Deepak Dariyani)
919426140654,Bharat Soni
919898882230,Bharat Soni (Direct)
919824729106,Bharat Soni Direct
919825175917,Bharat Soni Direct
919737668789,Bharat Surti
919106482382,Bharat Tailor G. villas
919601291777,Bharat Tejani Direct
919898023802,Bharat Thakkar (Direct)
919825150518,Bharat Thakor
919974729744,Bharat Umarvanshi
919428822310,Bharat Vankar Brk Rajesh Gajjar
919978959011,Bharat Vankhade Direct
919978954979,Bharat Zanjamera Direct
919824529057,Bharat Zilka
919825434314,Bharatbhai (Brk Chandrakant )
917495878910,Bharatbhai (Brk Chandrakant Solanki)
919638919711,Bharatbhai (BRK Himanshu Kapadia)
919998397378,Bharatbhai Ganandatia (Direct)
919427893279,Bharatbhai Jadav (BRK Kaushik Patel)
917878363227,Bharatbhai Kelawala ( BRK Pinkeshbhai )
919638838978,Bharatbhai Likholiya (BRK Kamlesh Javiya)
918200029373,Bharatbhai Parmar (Direct)
919879101759,Bharatbhai Patel (Direct)
919825406193,Bharatbhai Patel (Direct))
919825152443,Bharatbhai Polishwala (BRK Pinkeshwala Chahwala)
919978968829,Bharatbhai Prajapati (BRK Chandrakant Solanki)
918320000245,Bharatbhai R Parmar (Direct)
919820080810,Bharatbhai Randeriya (BRK Dharmeshbhai Jalaram)
919638831740,Bharatbhai Somani(Brk Jatin Sutraiya)
919724748338,Bharatbhai Tailor (Direct)
919376777727,Bharatbhai Thakkar (Direct)
919510292640,Bharatbhai(Brk Prakash Nathwani)
919909497513,Bharatbhaisl Sagar(Direct)
919701272727,Bharath Vempa
917977427976,Bharati Solanki
919898085473,Bharatsinh Parmar
919328373903,Bhargav Bhai
919979579909,Bhargav Bhai
919638789999,Bhargav Bhai Pandya Direct
919722697833,Bhargav Gohil Direct
919825804555,Bhargav Jagtap
919725804555,Bhargav Jagtap
919825999796,Bhargav Lavangwala Direct
919106151053,Bhargav Makwana Brk Jay Thakkar
919426083232,Bhargav Mehta Direct
919099603247,Bhargav Panchal (Direct)
918511153326,Bhargav Parikh (BRK Pinkesh Chahwala)
917567089906,Bhargav Patel (BRK Chandrakant Solanki)
918460582070,Bhargav Patel (BRK Jitu Master Jalaram)
919426135242,Bhargav Patel Direct
919016188899,Bhargav Sagar Direct
919727947303,Bhargav Thakur
919081813559,Bhargav Vaghani (Direct)
919909014694,Bhargav Vajir
919825046156,Bharta Kantharia G. villas
919830233572,Bhartes Jagani
919712307522,Bharti Gumgavkar
917878795747,Bharti Patel(Brk Dipak Dariyani)
919173341408,Bhartiben Farshu Palanpor Mailstone
919322248796,Bharvarbhai Purohit (BRK Praveen Kumar)
919825835364,Bhaskar Bhatt (Direct )
919825635364,Bhaskar Bhatt (Direct)
919724818674,Bhaskar Direct
918304694133,Bhaskar Nair ( Direct)
918129447145,Bhaskar Nair Direct
919426831422,Bhaskar Patel (Direct)
919712032265,"Bhaskar(Brk Ashwin Padhiyar,Kiritbhai Fastdeal)"
916356883346,Bhaskarbhai Raval (BRK Manishbhai Ojash)
918780207762,Bhaumik Dave
919227802788,Bhaumik Dhah
918469835534,Bhaumik Patel (Direct)
919624502425,Bhaumik Patel Direct
918849680215,Bhautik Dudhwala
916353886582,Bhautik Patel
971554886447,Bhautik Pipaliya (Insta)
919924861002,Bhautikbhai Shah (Brk Rakesh Thakkar)
919898628285,Bhautim Soni
919594401623,Bhavana Kale
919586188688,Bhavarth Patel (Brk Darshan Pastagiya )
919714483786,Bhavesh
919825918778,Bhavesh Ahir (News)
919727027272,Bhavesh B Patel (Direct)
919726245167,Bhavesh Bannapure Direct
918849854559,Bhavesh Barot (Direct)
919909004236,Bhavesh Barot (Direct)
919979774674,Bhavesh Bhagat G. villas
917862000154,Bhavesh Bhai
919638499078,Bhavesh Bhai
917230097661,Bhavesh Bhai
919979501999,Bhavesh Bhai ( Direct)
919825971499,Bhavesh Bhai ( Direct)
918401004430,Bhavesh Bhai (Chandrakant Solanki)
919904200051,Bhavesh Bhai (Direct)
919979941679,Bhavesh Bhai (Direct)
919909904198,Bhavesh Bhai (Direct)
919722250392,Bhavesh Bhai (Direct)
919925226927,Bhavesh Bhai (Direct)
917201000486,Bhavesh Bhai (Direct)
919904001058,Bhavesh Bhai (Insta)
919879428406,Bhavesh Bhai Direct
918238369676,Bhavesh Bhakta Direct
919825810250,Bhavesh Chaliawala Brk Denish Farsanwala
916353532659,Bhavesh Chanchlani
919714237188,Bhavesh Chawda ( Direct)
919898028318,Bhavesh Chowala (Direct)
919099038242,Bhavesh Contractar
919925238200,Bhavesh Dedai
919824828283,Bhavesh Deepak Daryani Broker
919726686191,Bhavesh Gandhi
919925841240,Bhavesh Gandhi (Brk Sonu Thakkar)
919825571499,Bhavesh Gandhi (Brk Sonu Thakkar)
917698851518,Bhavesh Gohil
917202081990,Bhavesh Gopani Direct
919925242144,Bhavesh Goyani (Direct)
917878989877,Bhavesh hai Parmar(Direct)
919924119555,Bhavesh Idea G. villas
919879588862,Bhavesh Kapadia ( Brk Deepak Dariyani )
919099935989,Bhavesh Khambati( Brk Chandrakant)
917878337555,Bhavesh Kharsariya Direct
919825988661,Bhavesh Kovawala Direct
918401004490,Bhavesh Kovawala Direct
919909620188,Bhavesh Lad Direct
919023507144,Bhavesh Maisuriya (Brk Rajesh Gajjar)
919004261271,Bhavesh Mistry
918140140141,Bhavesh Mistry (Brk Pinkesh Chawala)
919909901435,Bhavesh Modi (Brk Shailesh Thakkar)
917069833367,Bhavesh Modi G. villas
919879183894,Bhavesh Nakranib Brk Jemis Godkiya
919624641433,bhavesh padval
919979463566,Bhavesh Panchal (Direct)
919925241239,Bhavesh Pansuriya (BRK Darshit Monpara)
919974111777,Bhavesh Patel
919824528774,Bhavesh Patel
919904248245,Bhavesh Patel
919904446616,Bhavesh Patel
919979458772,Bhavesh Patel
919099123884,Bhavesh Patel
918128697072,Bhavesh Patel (Brk Chandrakant Solanki)
919824444564,Bhavesh Patel (Direct)
919879102109,Bhavesh Patel (Direct)
919998001856,Bhavesh Patel (Direct)
919574901114,bhavesh patel (dmart)
919377725801,Bhavesh Patel Deepak Daryani Broker
919825120216,Bhavesh Patel Direct
919879517437,Bhavesh Patel Direct
917990200225,Bhavesh Patel Direct
917574846256,Bhavesh Patel Ele (Brk Kiran Jalaram)
919825159561,Bhavesh Pipalwala (Direct)
919029933996,Bhavesh Pithara
919824148982,Bhavesh Prajapati (Brk Chandrakant Solanki)
918866646437,Bhavesh Prajapati (Direct)
918000348000,Bhavesh Rafliya (Insta)
919033317475,Bhavesh Rathor
919725033907,Bhavesh Ribadiya
919898455633,Bhavesh Shah
919228764237,Bhavesh Shah (Direct)
919638667167,Bhavesh Sharma Deepak Daryani Broker
919033161812,Bhavesh Sisodiya (Insta)
919429090991,Bhavesh Solanki
919687474741,Bhavesh Solanki
919879044343,Bhavesh Solanki Direct
919227245922,Bhavesh Soni ( Direct)
919227445922,Bhavesh Soni(Direct)
918652312344,Bhavesh Sudha
918511176007,Bhavesh Sukhadiya (Direct)
918460105241,bhavesh surti direct
916352525575,Bhavesh Sutariya Direct
919727733712,Bhavesh Tailor
918401366522,Bhavesh Vaghani Brk RAJESH Gajjar
919726577005,Bhavesh Vaghela (Direct)
919429898108,Bhavesh Vanjani (BRK Chandrakant Solanki)
917600057626,Bhavesh Varlekar
919727251010,Bhavesh Vora
919099100508,Bhaveshbhai (Brk Chandrakant Solanki)
919737614288,Bhaveshbhai (BRK Rakesh Patel)
919979873101,Bhaveshbhai Barot (BRK Sunil Punjabi)
917016704256,Bhaveshbhai C Patel (BRK Mehul Kapadia)
919998221438,Bhaveshbhai H Patel (BRK Kiranbhai)
918160334335,Bhaveshbhai Khatri (BRK Chandrakant Solanki)
919662411432,Bhaveshbhai Lad (BRK Sanjay Ghugriwala)
919998223113,Bhaveshbhai Patel (BRK Pinkeshbhai Chahwala)
917226080851,Bhaveshbhai Patel (Direct)
919377530100,Bhaveshbhai Tamakuwala (Direct)
919909931428,Bhaveshbhai Vyas (Direct)
919825616256,Bhavik (BRK Chandrakant Solanki)
919033390151,Bhavik Bhagat Direct
919879966383,Bhavik Bhai (Direct)
919712182803,Bhavik Bhai Direct
919033533930,Bhavik Bhai Direct
918866506766,Bhavik Gandhi (Direct)
918866506767,Bhavik Ghandhi (Direct)
919429403366,Bhavik Joshi
919687690900,Bhavik Madhani Direct
919033797403,Bhavik Merai
919624786399,Bhavik Mistry (BRK Ravi Panchal
919825100443,Bhavik Nimavat
919106012577,Bhavik Oza
919687558899,Bhavik Parikh Direct
919106171538,Bhavik Parmar
919879505428,Bhavik Parmar
917878443691,Bhavik Patel
917990734715,Bhavik Patel (Direct)
919925816026,Bhavik Patel Direct
919033451564,Bhavik Prajapati Direct
917874148242,Bhavik Rathod
919979852655,Bhavik Seth (News)
919824251601,Bhavik Soni (Insta)
917405995999,Bhavik Thakkar (Direct)
919408058288,Bhavika
919898321096,Bhavika Kapdiya (Direct)
917096658721,Bhavika Lapsiwala
919328555030,Bhavika Shah
917567335906,Bhavikbhai (BRK Vipul Jalaram )
919825040313,Bhavikbhai Bhandukar (Gordhan railway)
919681241595,Bhavikbhai Joshi (Dipak Dariyani)
919033325778,Bhavikbhai Modi (Direct)
919913704902,Bhavikbhai Patel (Direct)
917600039597,Bhavikbhai Surti (Direct)
919099656400,Bhavin
919099607158,Bhavin Bhai
919909985300,Bhavin Bhai
919998661273,Bhavin Bhai (Direct)
919726811177,Bhavin Bhai (Direct)
918401905757,Bhavin Bhai Direct
919825946948,Bhavin Bhai Prajapati (Dipak Dariyani)
919913071115,Bhavin Chapatwala
919099044454,Bhavin Chapatwala (Brk Dipak Dariyani)
919913744690,Bhavin Chauhan
918238703734,Bhavin Chauhan (BRK Chandrakant Solanki)
918780734504,Bhavin Chauwala Direct
918200714474,Bhavin Chitrodi Direct
918320896122,Bhavin Chsuhan
919879101937,Bhavin Desai (Direct)
917600023567,Bhavin Gajjar
917984824558,Bhavin Gandhi Direct
917990466128,Bhavin Hajariwala (Insta)
919904666504,Bhavin Jariwala
917878122250,Bhavin Lakdawala(Direct)
919687338383,Bhavin Lathiya
918849899564,Bhavin M Solanki (Direct)
919904043353,Bhavin Maru (Brk Chandrakant Solanki)
918460050957,Bhavin Mehta
918866443296,Bhavin Modi
919825295153,Bhavin Nagrecha (Direct)
919898028923,Bhavin Pandya
919913821210,Bhavin Parekh (Direct)
919586336042,Bhavin Parmar
919099996333,Bhavin Parmar (Direct)
919978724775,Bhavin Patel
919824160905,Bhavin Patel (Direct)
919727201138,Bhavin Patel Direct
919974090537,Bhavin Purohit (Direct)
918905620849,Bhavin Ramsneli (BRK)
918460871028,Bhavin Rathod
919106396514,Bhavin Selar
919558817746,Bhavin Sonani (Insta)
917878504853,Bhavin Tailor
919924894894,Bhavin Tailor (Brk Hardik Jethva)
919924894394,Bhavin Tailor (Direct)
918849509849,Bhavin Tamakuwala
919825206116,Bhavin Topiwala
917874888688,Bhavin Vaidya(Brk Dipak Dariyani)
919825500130,Bhavin Vyas (FB)
919429854153,Bhavinbhai Bhojak (BRK Bhavinbhai Chahwala
919825644342,BHAVINBHAI ER VILLA
918401621090,BHAVINBHAI ER VILLA
919687016920,Bhavinbhai Gandhi (Direct)
919978988853,Bhavinbhai Parmar
919913040785,Bhavinbhai Patel (Direct)
917575877577,Bhavinbhai Solanki (Direct)
918141517187,Bhavinbhai Trivedi (BRK Mehulbhai Kapadia)
918780466043,Bhaviniben Tailor (BRK Sunil Punjabi)
919374999888,Bhavita Dave Direct
919824625256,Bhavmi Soni Direct
919824624246,Bhavmik Soni (Direct)
918866197664,Bhavna Khapekar
919998965494,Bhavna Naik (News)
919924815526,Bhavna Parikh (Direct)
919825977389,Bhavna Patel
918758667124,Bhavna Patel Direct
917045207750,Bhavna USA (Brk Bhavin Chahwala )
256755169174,Bhavna Vaidya (Insta)
918469470631,Bhavnaben Patel (Direct)
919824575525,Bhavnabhen Surti (BRK Pinkesh Chahwala)
918153050554,Bhavya Shah (Direct)
919725726910,Bhema Patel
919574446877,Bhikamchand Shah
919979268737,Bhikha Mithar Brk Vijay Changulani
919723185993,Bhikhu Bhaicpatel
919427100268,Bhikhubhai Deepak Daryani Broker
918200920759,Bhikhumama Ved
919473586117,Bholq Sankar
919712954601,Bhoomika Mistry
919974148709,Bhpendar Sing Singer Sing
919408481030,Bhrugesh Joshi(Direct)
918488830026,Bhumi (News)
919820173727,Bhumi Mistry
919978891596,Bhumi Panchal Brk Rupesh Jadhav
919904272900,Bhumik Rathod Direct
919374208275,Bhumika Bavani Direct
919879104389,Bhumika Ben Telar ( Brk Deepak Dariyani)
917990191698,Bhumika Dudhwala
918619800374,Bhumika H Patel (Direct)
919106479169,Bhumika Ojas Grp
917567418467,Bhumika Patel
918905202020,Bhumit Bhai
917383790981,Bhupat Mavani Direct
919820009278,Bhupendra Barot G. villas
919979792107,Bhupendra Bhai (Direct)
919898147457,Bhupendra Bhai Kathoriya Direct
919825605367,Bhupendra Bhai Thakkar (Brk Chandrakant Solanki)
919898599054,Bhupendra Farsanwala(Direct)
919428875015,Bhupendra Gandhi (BRK Daxeshbhai)
919409588877,Bhupendra Koli (Direct)
918511541404,Bhupendra Limbachia
919328192524,Bhupendra Makwana
918980587966,Bhupendra Modi (Brk Chandrakant Solanki)
919558357093,Bhupendra Modi(News)
917600704132,Bhupendra Patel (Direct)
919327424602,Bhupendra Prajapati
918849820931,Bhupendrabhai Delhiwala (BRK Pinkesh Chahwala)
919879143351,Bhupendrabhai Jadav (BRK Chandrakant Solanki)
919374428585,Bhupendrabhai Mevada (BRK Chandrakant Solanki)
919879102884,Bhupendrabhai Patel (BRK Ajay T Patel)
917600729791,Bhupendrabhai Soni (Direct)
919428636409,Bhupesh Bhartiya Direct
918849562340,Bhupesh Mehta (Direct)
919016776765,Bhusan Chaudhary
919913163496,Bhusan Jadhav
918690330700,Bhusan Pachighar (Brk Prakash Nathwani)
917077910290,Bidesh Tiwari
917077910270,Bidesh Tiwari
919925546939,Bijal D Ahir
919930488969,Bijal Shah
919408790818,Bijay Kumar (Direct)
919408793982,Bijaykumar (IT Officer) (Direct)
919662543635,Biju Bhai Kuber Estate
918469180093,Bikash Gin
919824245707,Bimal Bhai (Brk Chandrakant Solanki)
919825126149,Bimal Choksi (Direct)
919574818295,Bimal Dave Direct
919712916877,Bimal Pandya (Direct)
919825119541,Bimalbhai Dhavnawala (BRK Bhadreshbhai Modi)
919825773819,Bina Bardoliwala Direct
919106370212,Bina Jariwala Direct
916355298491,Bina Sevaliya (Brk Dipak Dariyani)
917226002315,Bindedh Kaleriya
919324684994,Bindiya Patel (Brk Vinod Thakkar)
919426872314,Bindu Patel (Direct)
919999499452,Binit Ranka Direct
919712600222,Binit Thakkar
919512665780,Binita Patel Direct)
917405550757,Binni P.V Direct
919909665206,Binod Sharma
919925095316,Binoti Vyas (Direct)
919825898839,Bipin Gajjar Direct
919967593529,Bipin Mistri (Direct)
919824490249,Bipin Modi Directt
919825490249,Bipin Modi Directt
919825490248,Bipin Modi Directt
919879343338,Bipin Patel
919712429205,Bipin Patel (Direct)
919426137349,Bipin Patel Direct
919898577187,Bipin Patel Patel Deepak Daryani Broker
919924300333,Bipin Roy Direct
919228278961,Bipin Sharma
919898971429,Bipin Solanki Direct
919824386984,Bipin Soni ( Direct)
919998749045,Bipinbhai (Direct)
919825172625,Bipinbhai Chandra (BRK Vinay Tailor)
919825640656,Bipinbhai Mithaiwala (Brk Biyawala)
919727711656,Bipinbhai Rathod (Direct)
919638264151,Bipinbhai Soni
919879548409,Biren Mehta G. villas
917990362125,Biren Mistry (Direct)
919979862235,Biren Patel (Direct)
917016814001,Biren Shah Direct
919998147084,Birju Babriya
919408420049,Birju Patel
919625261974,Bitttu Kumar
919428055634,Bj THakkar Deepak Daryani Broker
918735086800,Boni Batakiwala ( Brk Dipak Dariyani)
919724912465,Boricha Priya
917600848148,Brahmanandbhai (Direct)
918866350192,Bri Patel G. villas
919409552351,Brij Bipawala
919825400623,Brij Mehta (Brk Rajesh Gajjar)
919601263107,Brijan Sarikheda
919724278162,Brijbhan Pandey (Direct)
919715070369,Brijesg Panchal
919377103643,Brijesh Agrawal
919714214282,Brijesh Bhai
919099102101,Brijesh Bhai
919510009117,Brijesh Bhai
919099621077,Brijesh Bhai (Direct)
919898809312,Brijesh Chauhan Direct
919879137661,Brijesh Chokshi (Direct)
919668785828,Brijesh Dw
919925389207,Brijesh Gadhavi Direct
919925715311,Brijesh Gohil (Brk Prakash Nathwani Vardhman)
919909090932,Brijesh Gohil (Direct)
917999648295,Brijesh jedia (jatin Tejvani )
918238079101,Brijesh Kumar Brk Sonu Thakkar
918128888070,Brijesh Lashkari ( Brk Dipak Dariyani)
919987917060,Brijesh Laskari (Direct)
919925241433,Brijesh Pandya(Direct)
918849470550,Brijesh Parekh Direct
919909607646,Brijesh Patel
917738009511,Brijesh Patel (Direct)
919879554309,Brijesh Patel (Direct)
919898743113,Brijesh Patel Direct
919099051157,Brijesh Patel Direct
919228277878,Brijesh Patel
919662599644,Brijesh Ramani ( Brk Deepak Dariyani)
919777445534,Brijesh Trivedi (AMNS)
919898981423,Brijesh Yadav
917203888899,Brijeshbhai Patel (BRK Chandrakant Solanki)
918000008383,Brijraj Singh Direct
919979157210,Brijrsh Patel
919909154040,Brk Aanand Saraiya
919638675491,Brk Aashish Kantharia 2
919824813366,Brk Aashish Sarawagi
919825116401,BRK Abhay Forsiyan
919662514124,BRK Admin Arun Kumar
919909019222,Brk Ajay Chandra
919979379079,BRK Ajay Davda (Katargam)
919426170939,Brk Ajay Kikala
919825954345,Brk Ajay Wankawala
919428650062,BRK Ajaybhai Pariyari
919426530935,BRK Ajit Shah
916354447944,Brk Akshay Hingu
919722112212,BRK Akshay Jariwala Properties
919723238282,Brk Alpeshbhaii Italiya (Direct)
919825953902,Brk Amit Bhai
919909462444,Brk Amit Champaneria
919426156696,BRK Amit Pachar
917383440158,Brk Amit Panchal
917984524990,BRK Anand Thakkar
919974125483,Brk Anil Jariwala
919327320390,Brk Animesh Gajjar
919377110186,Brk Ankur Agarwal
917016172658,BRK Anujbhai Kapadia
919328163959,BRK Arvindbhai
919824129974,BRK Arvindbhai Chautaliya
919377757132,Brk Ashish Kapariya
919099927901,Brk Ashish MODI
919657648028,Brk Ashlam Khan
919825131435,Brk Ashok Gheewala
918000057761,Brk Ashok Kankiya
919377782218,BRK Ashok Thakkar
919898082218,BRK Ashok Thakkar
919687644439,Brk Ashwin Ahir
919924381453,Brk Ashwin Madiya
919726280354,Brk Ashwin Patel (Direct)
919724336743,Brk Ashwin Viras (Vardhman Group)
919898775541,Brk Avinash Singh
919712032900,BRK Axay (Katargam)
918488091593,BRK Babubhai
919879518001,Brk Bhadresh R Patel
919974843492,Brk Bhagat Sandeep
919427504877,Brk Bhagvato Patel
919825071296,Brk Bharat Kabrawala
917874215999,Brk Bharat Kabrawala
919227238580,BRK Bharat Shah Jahangirabad
919879628123,BRK Bharatbhai Bhatha
919879280988,Brk Bhavesh Patel
919099984400,BRK Bhaveshbhai Jariwala
919979732873,BRK Bhavik Patel
919376518882,Brk Bhavik Thakkar
917984818024,Brk Bhavin Chahwala
919825956948,Brk Bhavin Surti
919825257022,BRK Bhavinbhai Chawala
919913992937,Brk Bhavna Sahu
919825592912,Brk Bhayax Ghori
919328824216,BRK Bimakbhai Pandya
918000415656,Brk Bipin Contractar
919904479556,BRK Bipinbhai Patel
916352159433,BRK Bonny Karia
919925282632,Brk Brijesh Modi
919376756565,BRK Chaitanya Dave
919979507770,BRK Chandrakant Solanki
919909014744,BRK Chandrakant Solanki
919925434701,Brk Chhagan Bhai Bavdiya
919925815122,Brk Chirag Balani
918320161470,Brk Chirag Chauhan
919898082367,Brk Chirag Jariwala
919898459921,BRK Chirag Jethva
919824301119,BRK D N Pandey
919925143463,Brk Dakshit Bhai Monpara
917016698515,Brk Darshan Pastagiya
919825361095,Brk Daxesh Chokhawala
919879071576,BRK Daxeshbhai (Sai Om Estate)
916266098123,Brk Denish Lakhwani
919426171125,BRK Denishbhai Parsanwala
919825160069,Brk Devang Bamniya
919998331008,BRK Devenbhai Patel
918490936750,Brk Devendra Kumar
919879044210,BRK Dharmendrabhai Bhaya
919725681566,BRK Dharmesh Ariwala
918758404225,BRK Dharmesh Jethva
919825665689,BRK Dharmeshbhai Jalaram
919913004304,Brk Dharmeshbhai Javiya
919898156942,BRK Dhaval Jethva
919924295000,Brk Dhaval Wadhwani
917405326461,BRK Dhavalbhai Modi
919925631792,Brk Dhiru Patel
919426261828,Brk Dilip Kheni
919714060099,Brk Dilkhush Pardhi
919327691225,Brk Dinesh Bhai
919723080000,BRK Dinesh Thakkar
919820479929,Brk Dipak Daryani
919879066699,Brk Dipak Patel
918160320556,Brk Dipak Prajapati
918347485964,Brk Dipak Vaghela
918905222905,BRK Dipakbhai Dave
918460685285,BRK Dipakbhai Dholiya
919825600314,BRK Dipakbhai Gandhi
918460750085,BRK Dipesh Sopariwala
919825596870,BRK Dipeshbhai Rana
919033690820,BRK Diptiben
917043373115,Brk Divyesh Ahuja
917572807000,Brk Fast Deal Chirag Bhai
919825149857,BRK Fenil Thakkar
919081444825,Brk Fenil Vadodariya Hellys Realtor
919825662423,Brk Finesh Umrigadh
919925512910,Brk Ganpat Keriwala
919428636986,Brk Gaurav Thakkar (Direct)
919879179832,Brk Gautam Parekh
919979940941,Brk Ghanshyam H. limbachiya
919824196020,Brk Ghanshyam Miyani
919879060107,Brk Ghanshyam Thummar
919825937608,Brk Girish Chawda
919898710464,BRK Girish Punjabi
919925865340,Brk Gopal Vasvani
919328837307,Brk Govind Bhai Surti
918849984404,Brk Hardik Chauhan
918866947406,BRK Hardik Jethva Nebula
919913137599,BRK Hardik Patel
919925234627,BRK Hardik Vadiya
919904970600,BRK Hardik Vekariya
919081444827,Brk Haresh Bhai
919825059234,Brk Haresh Khubchandani
919376322555,BRK Hareshbhai Surani
918140101212,Brk Harshad Bakhada
919099936091,Brk Harsukh Chothani
919879064633,Brk Hashmukh Sadhu
919825100197,Brk Hasmukh Jogadiya
918758546937,BRK Hasmukh Nebula
918758652197,Brk Hemal Parekh
918780691845,Brk Hemant Surti
919925241275,Brk Himanshu Jalaram
919925159599,BRK Himanshu Kabrawala
919099031418,BRK Himanshu Kapadia
919998118644,Brk Hitesh Bhai
919824025377,BRK Hitesh Marvadi
918485985306,BRK Hiteshbhai Magajvala
919879326671,Brk Ishvarbhai Patel
919913011446,Brk Jagdish
919426183492,BRK Jagdish Parsad
919227225222,BRK Jagdishbhai Kareliya
919974622933,Brk Jaimin Limbachiya
917574074505,Brk Jainis Bhai
919913660456,BRK Janak Nebula
918980782156,Brk Jash Vaghvani Perfect Deal
918000565808,Brk Jatin Dalwadi
917575029992,Brk Jatin Makwana
918511774566,Brk Jatin Patel
918980383428,Brk Jatin Satani
917874656820,Brk Jatin Tejwani
919099962541,BRK Jatinbhai
919825631939,BRK Jay Jariwala
919537664743,Brk Jay Katrodiya
919712994500,Brk Jay Patel
919428194949,Brk Jay Thakkar
919773277077,BRK Jayesh Chauhan
919909840408,Brk Jayesh Patel
919906840408,Brk Jayesh Patel
917573023000,Brk Jayesh Rathod
919879858163,Brk Jayesh Surti
919825814039,Brk Jayesh Surti
919725999696,Brk Jayesh Thakkar
919737054000,BRK Jayeshbhai Desai
919825686136,BRK Jayeshbhai Navda
919558101807,Brk Jaysukh Bhai
918200786678,BRK Jemish
919879711656,BRK Jenish Bharundi
919714322524,Brk Jenish Patel
919978003008,Brk Jigish Shah
918401059720,BRK Jignasha
919023731107,BRK Jignasha Charniya
919924599315,Brk Jignesh Rawal (FB)
919173515952,BRK Jigneshbhai
919737222055,BRK Jimmybhai
919825236000,Brk Jitendra Bhai Madan
918980794469,BRK Jitendra Vekariya
919909797045,BRK Jitesh Nebula
919825650914,BRK Jiteshbhai Modi (Direct)
919510309252,Brk Jitu Daryani
919825408306,BRK Jitubhai Soni
919825541011,Brk Kalpesh Bhai
919825224607,Brk Kalpesh Gajakwala
919825108707,BRK Kalpesh Modi
919825885532,Brk Kamal Bhai perfect Deal
917046311116,Brk Kamlesh Ojash
916351453606,Brk Kamlesh Patel
919898111456,Brk Kamlesh Patel
919737075730,BRK Kamleshbhai Javia
917016473372,Brk Kanti Patel
919662140043,Brk Kanu Vijay Maliya
919820093226,BRK Kaushal Patel
919979268072,Brk Kaushik Bhai Jalaram
919824917725,BRK Ketan Kalatalav
919023419396,Brk keyur pandya
919879905441,Brk Keyur Patel
919825280708,Brk Keyur Savli
919825280176,BRK Kiran Upadhyay
919377244011,BRK Kiranbhai
919824121236,BRK Kiranbhai Jalaram
917228991300,BRK Kishan Jani (Jay Shiv Estate)
919879034212,Brk Kishan Sariya
919825529595,Brk Kishan Tejani
919879687666,BRK Kishorbhai Ahir (JCB)
919537340474,Brk Krishna
919879522575,Brk Krishna Hindocha
919898555639,Brk Krunal Gohil
918780455658,Brk Krunal Raberiya
919824630312,Brk Kumar Bijlani
919727138080,Brk Kunal Jariwala
919662090117,Brk Kunal Mehta
919825989938,BRK Lakshmikant Shah
919825954394,Brk Lalit Patel
918140157875,Brk Lokesh Jain
918140363605,Brk Mahesh Gohil
918160290010,Brk Mahesh Gohil
919904496444,Brk Mahesh Makwana
919727384356,Brk Mahesh Tala
918460311214,BRK Maheshbhai Modi
919924726940,BRK Makod Vaghasiya
917600484137,Brk Manav Chaudhary
919879618165,BRK Manish Jasani
919825126312,Brk Manish Rana
919781875859,Brk Manish Rana
919033372333,Brk Manish Vyas
919737306674,BRK Manishbhai Solanki
917573086000,Brk Manoj Antala
919687618425,Brk Mansukh Ambariya Direct
919979529950,Brk Manu Patel
919624494113,Brk Maya Sidhpuriya
919725441313,Brk Meet Narang
919979363000,Brk Meet Prajapati
919106938203,BRK Mehtha Dream Property
919727365666,Brk Mehulbhai Jalaram
919824264015,BRK Mihir Jani (Jay Shiv Estate)
919722050001,BRK Mihir Patel (Arise Realty)
919824110056,Brk Miten Gadhiya
919773273890,Brk Mitesh Jagta
919825144033,Brk Mitesh Thakkar
919913105007,BRK Mukeshbhai Khatri
917383421638,BRK Munnabhai Ashok Thakkar
919727633422,Brk Narendra Patel
919512860178,Brk Naresh Mevasha
919978840477,BRK Nareshbhai Joshi
918000066322,BRK Nareshbhai Patil (Swastik)
919662704888,Brk Nayan Rajput Dod Property
919909437906,BRK Nayanbhai Vesuwala
919879577763,BRK Nicky Shah
919879293619,BRK Nikunjbhai Charkhawala
919825405254,BRK Nikunjbhai Kikaganesh
919016166234,BRK Nilaybhai Shantilal
919898467405,BRK Nileshbhai Modi
919898269162,Brk Nimesh Bhagat
918849333808,Brk Nirav Mehta
919978688044,BRK Niravbhai Nebula
919979378281,Brk Nirlep
919898013967,BRK Nishant Dalal
919974038541,Brk Pallav Patel
919998958874,Brk Parakash Patel
919825550586,Brk Paresh Patel (Jalaram Grp)
919879596501,Brk Parimal Ginwala
919898705291,Brk Pawan Real Estate
919825963262,BRK Pinkeshbhai Chahwala
919898352219,BRK Piyush Thakkar
917984600767,Brk Piyush Vaghels
919998263477,Brk Pradip Mordiya
918140279572,Brk Prajapati
918401999713,Brk Prakaash Nathwani (Vardhman Group)
919825134035,BRK Prakash Motiwala
919913750595,Brk Prakash Patel
919825475300,Brk Prakash Satote
919824755889,BRK Prakashbhai Umart
917874731313,Brk Pranav Kakdiya
919510203269,Brk Pranay Krishna
919265046482,BRK Praveen Shrivastava
919978936367,Brk Pravin Charnaya
919824751898,Brk Pravin Khatrani
919925686562,Brk Pravin Modi
919879154112,Brk Pravin Savaliya
919825967851,BRK Pravinbhai Melana
919998487047,BRK Pravinbhai Padhiyar
919737773192,Brk Prayag Bhai
917383422010,Brk Priyank Mehta
918146659595,BRK Property Consultants
918925122222,BRK Pruthviraj Solanki
919824150481,Brk Purvesh Pasuwala
917043175175,Brk Pushpendra Rajput
919327739621,Brk R. K Mishra
919377190819,Brk Rahul
919081187227,Brk Rahul Gambhobha
919974620080,BRK Rahul Patel (Rio Properties)
919825425305,BRK Rahulbhai
919998324845,Brk Rahulbhai Soni
918401292676,Brk Raj
919825833853,Brk Raj Bhai
919974679606,Brk Raj Lathiya
919727181221,Brk Rajendra Maru
919327632320,Brk Rajendra Vadhel
919879595832,Brk Rajesh Anazwala
919374886363,Brk Rajesh Angel Real Estate
919687909121,Brk Rajesh Gajjar
919484567567,BRK Rajesh Pandey
919898514333,BRK Rajesh Thakar
919979224433,Brk Rajesh Vakhareya
919624087000,BRK Rajiv Rajput
919558028096,Brk Rajnish Bhai
919825110323,Brk Raju Kabra
919825312774,BRK Rajubhai Dadi
917778885750,BRK Rajubhai Patna
919426637518,Brk Rakesh Modi
919879393037,BRK Rakesh Vankawala
919909656141,BRK Rakeshbhai
919586190000,BRK Rakeshbhai Patel (Jalaram)
919328898444,BRK Rakeshbhai Tamukuwala
919825129010,Brk Ramesh Chaudhary
919825435876,BRK Ramji Dihan
918866598955,BRK Ranveer Pratap Singh
917041160300,Brk Rashesh Thakkar (Vardhman Group)
919274050016,Brk Ravi Chapaneriya (Jalaram Grp)
919510080960,Brk Ravi Dwivedi
919825873125,BRK Ravi Panchal
917567425674,Brk Ravi Thakkar (Direct)
919925281015,Brk Ricky Pujara Show
919016461311,Brk Rikita
919427007070,Brk Rinkesh Jariwala
917069959000,Brk Rinkesh Patel
917567334999,Brk Rohit Khubchandani
919898235703,Brk Ronak Shah
917878801333,BRK Rupesh Jadhav
917623068307,Brk Rushabhbhai Jay Ganesh Property
919558126451,Brk Sahil Gajera
919099962505,BRK Sandeep Lalwala
918000096588,Brk Sandip Chahwala
919429865582,BRK Sandip Modi
919879163318,BRK Sandip Patel
918888666642,Brk Sanjay Dalwadi
919925045456,Brk Sanjay Gamit
919023553198,Brk sanjay Gohil
918866706939,Brk Sanjay Patel
919712223555,BRK Sanjaybhai (S V Property)
919825738000,Brk Santosh Raotole
919913390959,Brk Satish Bhai
919157399133,Brk Satish Bhai
919510636838,Brk Satish Mehta
919825064350,Brk Shailesh Bhai
919825819055,Brk Shailesh Makwana
919724102323,BRK Shailesh Thakkar
919825159044,Brk Shailesh Vashi Sound
919594576611,BRK Shaileshbhai
919825705833,BRK Shaileshbhai Vamja
918000205005,BRK Shantibhai Kakadia
919737540072,Brk Shantilal Gulale
919913008441,Brk Shantilal Gulale
917600933458,Brk Shital Chandwani
919537184301,Brk Shiv Vastav
919726133032,Brk Shneha Dosi
919904419551,BRK Shobhaben Chauhan
919429445245,Brk Sidharth Bhai
919510591457,Brk Sonu Lakhwani
919898354699,BRK Subhash Prajapati
919824138175,Brk Sudhir Bhatta
918000595455,Brk Sunil Jariwala
919898537114,Brk Sunil Panwala
919725109715,BRK Sunilbhai Punjabi
919824100781,BRK Sunny Magajvala
919173342048,BRK Surat
918000143913,BRK Surat Real-estate
919825423082,Brk Suresh Prajapati
918120153253,Brk Suresh Prakash
919328004788,Brk Tadvi Mayur
919925571049,Brk Tejas C Rangoonwala
919979223372,BRK Tejas Gandhi
918238793505,Brk Tejas Panchal
917096404578,BRK Trupti (JMS Property)
918469500741,BRK Trupti (JMS Property)
917778999444,BRK TUSHAR DESAI
919773216417,BRK Tushar Patel
919825176942,Brk Umang Shah
919979709525,Brk Umesh Maisuriya
919825969425,Brk Umesh Parekh
919925840999,Brk Urvesh Modi
919979487942,Brk Usha Patel Direct
918160601515,BRK Vaibhav Shah
918320192622,Brk Varun Dave
919427585558,BRK Vasvari Ashish
917433980304,BRK Veda Group
919825117977,Brk Vidhi Bhattacharya
919913007420,Brk Vijay Bhai
919427953720,Brk Vijay Changulani
919327222696,Brk Vijay More
919627222696,Brk Vijay More
919879449408,Brk Vijay Patel
919227483033,BRK Vijaybhai (JMS Property)
919825064944,BRK Vikas Thakkar
919825064949,BRK Vikas Thakkar
919377076618,Brk Vikash Goenka
918734075444,Brk Vikash Mahajan
919408629969,BRK Vikashbhai Gavli (Jalaram)
919099993890,BRK Vikeshbhai
917405370751,Brk Vimal Ahir
918160857388,BRK Vinay Tailor
919909247067,Brk Vinod Bhai Direct
919383073967,Brk Vinod Bhai Direct
919377455590,Brk Vipul Bhai
919913878510,BRK Vipul Jalaram
919824510255,Brk Vipul Jariwala
919879105682,BRK Viren Nebula
919723109029,Brk Viresh Thakkar
918866668349,BRK Vishal
919825982519,Brk Vishal Advani
919825506221,BRK Vishal Gandhi
919409688042,Brk Vishal Jani
918758261508,Brk Vishal Kanani
919725244404,Brk Vishal Patel
918780467337,Brk Vishal Telumalaro
919998868902,BRK Vishalbhai
918511198893,Brk Vishnu Vaghela
919099655444,BRK Vivek More
919913658422,BRK Vrushil Sheth
918200189932,Brk Yash Dalal
917567560009,BRK Yashvsh Patel
919825712197,Brk Yogesh Gupta
919879468111,Brk Yogesh Soni
919825198987,BRK Yogeshbhai Shah
919825484794,Brk Yohesh Patel
919898081696,Brk Zaver Vyass
919898168999,Bro Ajaybhai Damka
919723202129,Bro Rakeshbhai Ajaybhai
919328102203,Bruhu Joshi Direct
919824159294,Brujesh Singapore Direct
917600954615,Bulu Pradhan
917977941486,Bunty Jain (Direct)
918980389144,Bunty Patel (Direct)
919510399191,Bunty Vithalani (Insta)
919173463625,C C
919825164967,C D. Shelat
919022978777,C K Direct
919825349829,C K Patel (BRK Kamlesh Javiya)
919825884475,C M Rathod (Direct)
919998221480,C P Saparia (Direct)
919879100548,C P Singh (Brk Sonu Lakhwani)
919909796768,C R Golwala (Brk Shailesh Biyawala)
919998120359,C R Patel (Direct)
919925153053,C. m Rathod Direct
917984014765,C. v Rathod (Brk Rajesh Gajjar)
919979581656,C.N Parmar (Direct)
919909902019,C.P Sharma (AMNS)
918866710072,Ca Parag Hindocha (Direct)
919428392609,CA Pranesh Agrawal (BRK Pinkesh Chahwala)
918208044696,Chabil Bhai Brk Fenil Thakkar
919033328201,Chahak Modi (Direct)
918200585413,Chaitainyq Kulkurni Direct
918511955443,Chaitanya Jariwala
919016553301,Chaitanya Nayi
919898548847,Chaitanya Sosa
918140770042,Champa Sing 2 (Dmart)
917990575806,Champa Singh (Dmart)
919924711219,Champak Baraiya Direct
919909779653,Champak Paramar( Direct)
919773075064,Champak Prajapati Direct
919825119725,Champak Prajapati Direct
919909097662,Champak Prajapti
918866088980,Chandama Sinhh Direct
919537168456,Chandan Arora(Direct)
919924683955,Chandan Bhai
919106284783,Chandan Dube Direct
919662444660,Chandan Kushwaha
919328972780,Chandan Mehta
919426734645,Chandan Ojha (Insta)
919879311133,Chandan Patel (Direct)
919879649525,Chandan Sharma Direct
918454849888,Chandan Singh
919998752591,Chandan Singh Direct
919586081472,Chandani Ben
917405877991,Chandesh Patel(Direct)
918980344387,Chandika Patel
919099758435,Chandni Mehra ( Direct)
917227838322,Chandni Soni G. villas
917433044422,Chandni Thakkar
919033544966,Chandra More (Direct)
919328302017,Chandra Prakash (Brk Kiran Jalaram)
919791215440,Chandrabhan Prajapati (BRK Chandrakant Solanki)
918407990000,Chandrakant Bhai ( Direct)
919825100907,Chandrakant Bhai Contractor ( Brk Sandip Patel)
919925923072,Chandrakant Bhai Direct
919825661744,Chandrakant Chauhan (News)
919825608151,Chandrakant Gajjar(Direct)
919898493438,Chandrakant Jain (Brk Dharmesh Dharmesh Ariwala)
919879101150,Chandrakant Jariwala Direct
917567990909,Chandrakant Kanthariya Direct
918160445671,Chandrakant Parkhi (BRK Himanshu Kapadia)
918980554870,Chandrakant Patel
919726300365,Chandrakant Patel Direct
919924144690,Chandrakant Patel Direct
919727778155,Chandrakant Patil (Direct)
919824477710,Chandrakant Prajapati
919824444710,Chandrakant Prajapati (Rajesh Gajjar)
919998116184,Chandrakant Rathor
917567473805,Chandrakant Sailor (Direct)
919998866807,Chandrakant Sankhvi Direct
919898614997,Chandrakant Solanki
919227942151,Chandrakant Soni(Direct)
919909055166,Chandrakant Tailor
917600505333,Chandrasekhar
919173342556,Chandrashekhar Khadangi (Direct)
918347801025,Chandrashekhar Patil
919909790778,Chandresh Dabeliya (Direct)
919601287571,Chandresh Dalal Direct
919979893144,Chandresh Dave(Brk Deepak Daryani)
919824701551,Chandresh Dhandhukiya (Direct)
917878714050,chandresh Janak
919898191220,Chandresh Lininwala (Brk Sandip Modi)
917227987788,Chandresh Patel
919925191200,Chandresh Patel (Direct)
919328228348,Chandresh Patel (Direct)
919427284183,Chandresh Patel Direct
919825403924,Chandresh Rada Direct
919016156913,Chandresh Rana
919825105507,Chandresh Rathod (Direct)
919924856345,Chandresh Siddhpura (Direct)
919714982626,Chandresh Sindha (Aswin Viras)
918320737702,Chandresh Variyavwala (Direct)
919978767434,Chandrika Ben
919909613397,Chandrika Jadav Deepak Daryani Broker
917359853438,Chandrika Patel G. villas
919712328821,Chandrkant Patel Direct
919898938706,Chandu Chauhan Direct
919825296957,Chandubhai (Direct)
919824901480,Chandubhai Patel(BRK Shaileshbhai Thakkar)
919824119003,Chandubhai Savaliya (Direct)
919879522489,Chandubhai Variya (Direct)
919825844531,Chandukaka Patel
919924351575,Changabhai Diyora (BRK Rakesh G Patel)
919586227952,Charan Choudhary (Direct)
919737765185,Charanjit Singh
917779000838,Charls Modi (DIRECT)
918160715269,Chasiya Priyansh G. villas
919422860104,Chaudhari Akola
919624342963,Chaudhary Kirtibhai Ranchodbhai (Direct)
917698693304,chauhan
917984551799,Chauhan Sneha (Dmart)
919909196422,Chavda Direct
919173637197,Chavitarth Vyas (Direct)
919173985389,Chetan (FB)
919824262929,Chetan (FB)
919924208790,Chetan Bhai
917096623821,Chetan Bhai
919825511699,Chetan Bhai (Direct)
919825927757,Chetan Bhai (Direct)
919313889692,Chetan Bhai (Direct)
919825172974,Chetan Bhai Direct
917990403223,Chetan Bhai Direct
919822185965,Chetan Bhai G. villas
919328071408,Chetan Bhai Joshi(Brk Dineshbhai Thakkar)
919825963187,Chetan Bhai Tailor (Brk Chandrkant Solanki)
919898614156,Chetan Bhajiyawala
919924112160,Chetan Bhatt
919426149720,Chetan Bhatt Direct
919377600850,Chetan Chanpaneria Direct
919978772040,Chetan Chaudhary Direct
918469390601,Chetan Chauhan
919510439557,Chetan Dalal
919227631154,Chetan Dalal (Direct)
919825955833,Chetan Dalal Direct
919825062357,Chetan Darji (Direct)
919979378613,Chetan Dummasia Direct
919173405542,Chetan Gandhi ( Direct)
917878233949,Chetan Gandhi (Direct)
919675533949,Chetan Gandhi (Direct)
917600981894,Chetan Ishan G. villas
916354011191,Chetan Kacha
917990968031,Chetan Kangri Wala (Direct)
919825936599,Chetan Kapadia (Direct)
919825400912,Chetan Kapadiya (Brk Dipak Dariyani)
917878778518,Chetan Kharvar(Direct)
919328254433,Chetan Kosmbia (Brk Chandrakant Solanki)
916355543848,Chetan Kotwala
919909442473,Chetan Lad
919821110039,Chetan Makwana Direct
919227523585,Chetan Modi (Brk Chandrakant)
917383956000,Chetan Modi Brk Prakash Nathwani
919898022255,Chetan Modi Direct
919725209601,Chetan Mohida (Direct)
919925139622,Chetan Nayak (Direct) 283
919998223220,Chetan Pancholi (News)
919879875285,Chetan Pansuriya (Direct)
918141245954,Chetan Panwala (Direct)
919722226767,Chetan Parmar (Direct)
919825658592,Chetan Parmar Direct
919909906818,Chetan Patel
918879752589,Chetan Patel
919537917649,Chetan Patel
919824489643,Chetan Patel
919998223791,Chetan Patel
918401453279,Chetan Patel ( Direct)
919033320650,Chetan Patel (Direct)
919712914501,Chetan Patel Direct
919724133888,Chetan Patel Direct
918758713973,Chetan Patel Direct
919909964644,Chetan Patel Direct
916353114738,Chetan Patel G. villas
919825500751,Chetan Patel( Brk Deepak Dariyani)
919727761812,Chetan Patil(Brk Prasad Hawaldar)
919725724155,Chetan Physiotherapy Brk Fenil Thakkar
918809126109,Chetan Prajapati Direct
919909126109,Chetan Prajapati Direct
919825810701,Chetan Prajapti
918320014223,Chetan Rana
918141975966,Chetan Rathod
919898925898,Chetan Rathod Direct
919624598686,Chetan Rathor Direct
918511100208,Chetan Shah
919825844639,Chetan Shah (Lakshmikant)
919726885988,Chetan Soni
919426885988,Chetan Soni
919824339034,Chetan Sueti Brk Rajesh Gajjar
919375806867,Chetan Suratwala Direct
919737448599,Chetan Vaddoriya
919586316998,Chetana Gajjar Direct
918200025483,Chetana Goshwami Direct
918160742843,Chetanaben Patel(BRK Himanshu Kapadia)
919574657526,Chetanbhai Bhajiyawala (BRK Mehul Kapadia)
918200442117,Chetanbhai Bhambhatt (BRK Trupti Jms Property)
919825955800,Chetanbhai Dalal (BRK Dhavalbhai)
917779041230,Chetanbhai Doshi (BRK Kamlesh Javia)
919328071402,Chetanbhai Joshi (BRK Dineshbhai Thakkar)
919898594984,Chetanbhai Modi (BRK Chandrakant Solanki)
919825568993,Chetanbhai Patel (BRK Sunil Jalaram)
919427577075,Chetanbhai Patel (Direct)
919426184219,Chetanbhai Soni (BRK Jay Jariwala)
919925242023,Chetanbhai Tailor (BRK Chandrakant Solanki)
917487891306,Chetanya Mehta Direct
919660692763,Chetna Meena
919974792092,Chetnaben Prakash Panwala (Direct)
919979994004,Cheyur Dungrani
918487955943,Chhaya Jadav
919998023196,Chibtan Patel
919427129372,Chiman (News)
919824032339,Chiman Lal Patel (Direct)
918320001746,Chiman Patel (Direct)
919527129372,Chiman Solanki
919726821075,Chiman Solanki (Direct)
918866311789,Chinjan Patel (Direct)
919099027139,Chinmay Dalal (BRK Shailesh Thakkar)
919510543545,Chinmay Gajjar Direct
919377775333,Chinmay Gheewala (Insta)
919825891358,Chinmay Patel (Direct)
919712994754,Chinmay Rathod
919925355190,Chinmay Raval (Direct)
919879156361,Chinmay Sukhla
919898970220,Chinta Shah
918200267212,Chintan Bhai (Direct)
919824735845,Chintan bhai direct
919879077745,Chintan bhai direct
918200554749,Chintan Bhatt(Direct)
919979984653,Chintan jada (direct)
919157564636,Chintan Kanujiya
919925757435,Chintan Karani Direct
918758885851,Chintan Modi Direct
919484777249,Chintan Modi Direct
918866293194,Chintan Oarekh
919979106179,Chintan Pandya
919712694059,Chintan Patel
917359017440,Chintan Patel
918000240409,Chintan Patel (Direct)
917227800267,Chintan Patel (Direct)
919879262662,Chintan Patel Direct
918160648109,Chintan Patel Direct
919662532533,Chintan Patel Direct
919879101531,Chintan Patel Direct
919723016130,Chintan Savani
919881192485,Chintan Shah (Direct)
919979527670,Chintan Shreemali (Direct)
918140087770,Chintan Shrimali
919898172929,Chintan Vyas
919998965099,Chintanbhai (Brk Ashwin Bhai)
919979858237,Chintu Jariwala Direct
919664572556,Chintu Matlawala Direct
919725248182,Chirag Bagela (Direct)
919328789121,Chirag Bhai
919374706867,Chirag Bhai (Direct)
917600344454,Chirag Bhai (Direct)
918866684273,Chirag Bhai (Direct)
919879102452,Chirag Bhai AMNS
919909245060,Chirag Bhai Direct
919898601819,Chirag Bhai Shah Broker
919879006999,Chirag Bhai Teylor Direct
919574747974,Chirag Bodar Direct
919925310812,Chirag Chaudhary (Direct)
919586210990,Chirag Chaudhary (Direct)
917982430296,Chirag Chauhan
919106554623,Chirag Chotliya
919879361512,Chirag Dabhi Direct
917600100511,Chirag Desai (Direct)
919998987128,Chirag Devani
917600074937,Chirag Devani Direct
919106554665,Chirag Gajjar
919099608504,Chirag Gajjar Direct
919978260080,Chirag Gajjar
919426123345,Chirag Gandhi G. VILLAS
919925207714,Chirag Gatiwala(Brk Deepak Daryani)
919825896214,Chirag Gohil (Direct)
916357192721,Chirag Goswami (Direct)
919825677768,Chirag Goti Pt (Direct)
919979226195,CHIRAG JARIWALA (Insta)
919624608417,Chirag Kakdiya
919328678277,Chirag Kanthareya
919099934030,Chirag Kanthariya
919104911042,Chirag Khatri Direct
919909951966,Chirag Khatri Direct
919601055244,Chirag Koriya Direct
919601291699,Chirag Kunjadiya Direct
917359456522,Chirag Maharaj
919033185720,Chirag Master (Direct)
919265068208,Chirag Master Direct
918460339810,Chirag Mehta Direct
918866057717,Chirag Mehta(Direct)
919769985399,Chirag Mistry
919328263783,Chirag Mistry ( Brk Chandrakant Solanki)
918866683273,Chirag Modi (Direct)
918866227749,Chirag Motiyani
919428869590,Chirag Pandya (Direct)
919558802178,Chirag Parekh
919033999780,Chirag Parekh
919909923417,Chirag Parekh (Direct)
919925421637,Chirag Parmar Direct
918849710066,Chirag Patel
919978237868,Chirag Patel
919909159989,Chirag Patel
918866529993,Chirag Patel
919408999243,Chirag Patel (Direct)
919998631763,Chirag Patel (Fenil Thakkar)
919664685448,Chirag Patel Brk Hardik Jethwa
917228024428,Chirag Patel Direct
919825396121,Chirag Patel Direct
919909901099,Chirag Patel Direct
917984660352,Chirag Pawar Direct
917405474998,Chirag Prajapati
918238704415,Chirag Prajapati Direct
919033322045,Chirag Rana (Brk Vishal Patel)
918780966263,Chirag Rohit
919825508186,Chirag Sailor
919327879375,Chirag Savani
919879076120,Chirag Shah Direct
919276902490,Chirag Soni Direct
919825133884,Chirag Surti Brk Viresh Thakkar
919726670999,Chirag Tailor(Direct)
919586983108,Chirag Tank (Chandrakant Solanki)
919913491248,Chirag Thakkar Direct
919327502735,Chirag Thummar (Direct)
260976193399,Chirag Tikiwala Direct
919723596978,Chirag Vaghela (Direct)
919925038016,Chirag Vakawala (Direct)
919820040099,Chirag Van Direct
919033764202,Chirag Vegad Direct
919099081782,Chirag Vyas
919925033144,Chiragbhai (BRK Kamlesh Javia)
919913004913,Chiragbhai (Deacons Panwala)
919638130707,Chiragbhai Chautaliya (BRK Chandrakant Solanki)
919724048356,Chiragbhai Dahod (BRK Rajnikant Parmar)
917874271500,Chiragbhai Kanthiya (BRK Pinkesh Chahwala)
919099997068,Chiragbhai Kayasth (BRK Chandrakant Solanki)
919727757332,Chiragbhai Letlaiwda (Direct)
918866057718,Chiragbhai Mehta (BRK Kamlesh Javiya)
919033998809,Chiragbhai Panchal (Direct)
917622019319,Chiragbhai Parikh Stbs
919998223752,Chiragbhai Patel (Direct)
919374214882,Chiragbhai Sakaliya (BRK Chandrakant Solanki)
919825326465,Chiragbhai Shah (BRK Nileshbhai Modi)
917984030078,Chiragbhai Surti (Direct)
919820175126,Chiragbhai Tailor (BRK Chirag Sahyona)
918849252173,Chiragkumar Pandya (BRK Mehul Jalaram)
919033343467,Chirah Mahe
919016184121,Chirtesh Patel (Direct)
917405515832,Chitan Patel (BRK Ashwin Pandya)
919825192567,Chitaranjan Panda Direct
919512071995,Chitra Mahafik
919586666622,Chitrang Panwala G. villas
918200241382,Chitresh Tamakowala (BRK Sunil Punjabi)
919687268244,Chndan Jangid
917984569894,Chndubhai Vaghela
919558775998,Chota Bhai Direct
919624154037,Chotu Bhai Direct
919726878163,Churag Jagirdhar
918128560757,Clemence Dsouza A. A. w
918487929672,Client Jignesh Kholiya Brk Vijay Changulani
919833593718,Client Nitin Bhatia R G. villas
919157544435,Connect Publicity
919913230184,Courier
919327676049,Crrajan Nair G. villas
917622935704,Cus Ahir Mahesh Ramnagar G. villas
919319112626,D B Pal (BRK Hardik Jethva)
919909015725,D m Pathak
919825143421,D. m Kapadia Direct
917600608185,D. N Rathod Direct
919924727442,D.M Sosa Direct
919099974899,D.S (Direct)
918469003432,Daksha Mam
919033110758,Dakshes Bhatnagar (Direct)
919909018117,Dakshesh Chhatriwala (Brk Dipak Dariyani)
919825376674,Dalal Nair Direct
919825459879,Dalpal L. Rathod (Direct)
919426145774,Dalpat Baraiya (Direct)
919909948823,Dalsukh Parmar
919228316068,Danesh Mistry Direct
919510272730,Danial Bhai Brk Parth
918460482093,Darmik Sapariya Direct
919925508866,Darpabhai(Brk Prakash Nathwani)
919998781153,Darpan (News)
919742291573,Darsan Dave
919825783704,Darshak G. villas
919099001683,Darshak Hamirani Direct
919714994278,Darshak Marediya
918980679668,Darshan Bhai
918460292147,Darshan Bhai (Direct)
918735845144,Darshan Bhai (Direct)
919033188443,Darshan Bhai Direct
919327736776,Darshan Bhai Direct
918000863608,Darshan Chauhan (BRK Bhavinbhai Chahwal)
919909902497,Darshan Desai Direct
919898932454,Darshan Gor
919274072380,Darshan Gorjwin (BRL Chandrakant Solanki)
917984448791,Darshan Jain Direct
919662093875,Darshan K Darji (Direct)
919737598826,Darshan Kabutarwala Brk Hasmukh Jogdiya
919998483182,Darshan Kaklotar Direct
919909003800,Darshan Kinariwala
919978855499,Darshan Marjadi Direct
917202819540,Darshan Mevawala (Prakash Narthani)
919375233425,Darshan More (Jay Jariwala)
917990022166,Darshan Pastagia (Direct)
917226004103,Darshan Patel (Direct)
919727402266,Darshan Patel (Direct)
916354205346,Darshan Patel Brk Sonu Thakkar
917016674929,Darshan Patel Direct
919624226616,Darshan Patel Direct
919898461476,Darshan Patel Directt
919104733376,Darshan Paunekar (Direct)
919824281212,Darshan Rathod
919712971675,Darshan Rathod Direct
917016110076,Darshan Raval Direct
919904422993,Darshan Rawal
919998260370,Darshan Rawal
919824541865,Darshan Seth
917383931532,Darshan Shah (Direct)
919879521191,Darshan Sutarwala Direct
918511159909,Darshan Sutarwala Direct
918128427580,Darshan Tailor (FB)
919825415742,Darshana Maisuriya
919979340804,Darshana Rajwadi
919823656968,Darshana Ujawana
919428629012,Darshanbhai Bankwala (BRK Chandrakant Solanki)
918866244210,Darshanbhai Kapadia (BRK Himanshu Kapadia)
919157727950,Darshil Bhai (Direct)
917777991071,Darshil Makwana Direct
919106193463,Darshit Patel
918141344744,Darshit Shah
918460248084,Darshit Siddhapura
918469687166,Darshita Vasani
918200449052,Darshna Tailor
919737523232,Darvin Patel (BRK Chandrakant Solanki)
919925220543,Dashank Shah Brk Ajay Panwala
919879212483,Dashrath Vyas
919998399155,Dastur Bhai Direct
917016422642,Datt Patel Direct
916359396000,Datt Patel Perfect Deal
919898286155,Dattu Parekh
918160333917,dave jahnvi
919377663600,Davendrabhai Saivala ( BRK Dharmesh Ariwala)
919808888823,David Ron
918200428322,Dawg馃惗 (Dmart)
919898710155,Daxa Anajwala G. villas
918347323865,Daxa Maisuria
919428243478,Daxa Patel (Direct)
919924459598,Daxesh
919909903229,Daxesh Bhai (Direct)
918780177497,Daxesh Bhatnagar
917600012215,Daxesh Bhatt (Brk Dipak Dariyani)
919825917890,Daxesh Chandrakant Mahajar (BRK Rakeskbhai)
919426068590,Daxesh Chauhan (Brk Girish Lad)
918460640070,Daxesh Dabgar (Brk Deepak Dariyani)
919033329395,Daxesh Gajjar
919998689828,Daxesh Mevada (Direct)
919825631676,Daxesh Modi
919737825151,Daxesh Patel (Direct)
918140007414,Daxesh Patelb
919825140833,Daxesh Shah (Direct)
919825456849,Daxesh Shastri (Direct)
917043038765,Daxish Parikh Direct
919033513376,Daxit Bhagat Direct
919825776380,Daya Bhai
919429368676,Daya Bhai (Direct)
919825769906,Daya Vithani Direct
919825425474,Dayalji Chotliya Direct
919998220855,Dayaram Bhai
916001781031,Deal Perdect
919904483222,Deancy Panwala (Brk Shailesh Thakkar)
919909902705,Debnath
919157484327,Debojyoti Gupta (Direct)
919900340991,Deekshit Minocha (Direct)
919537826462,Deep
919662905376,Deep Bhai Shah Direct
919739046354,deep desai (direct)
917016503796,Deep Doshi
918866575993,Deep Khatri
918469523142,Deep Kjmar
918154085091,Deep Pandiya Direct
919033451244,Deep Parekh
919925947781,Deep Patel
919638039638,Deep Patel
919724330360,Deep Patel Direct
918487973048,Deep Patel Direct
918866169250,Deep RakhoLiya ( Direct)
919879113175,Deep Shah
918469652589,Deep Soni
918850774632,Deep Thakkar (Insta)
919033925629,Deep Topiwala(Direct)
917435060005,Deep Vadiwala G. villas
917874232186,Deepa
919428741176,Deepa Mam
919913181800,Deepak Agrawal
919606230054,Deepak Balaji Super Market (Dmart)
447968333725,Deepak Bhai U. K
919998961555,Deepak Chauhan (Direct)
919825638237,Deepak Chauhan Direct
919998540505,Deepak Das G. villas
917383443322,Deepak Gond
919925609839,Deepak Joshi (Direct)
919327979817,Deepak Joshi Direct
919727117125,Deepak Kumar Direct
918696651393,Deepak Patel
919310485654,Deepak Patel (Brk Chandrakant Solanki)
919898815222,Deepak Patel Direct
918460724751,Deepak Patidar (BRK Nileshbhai Modi)
919825739774,Deepak RajBhoi Direct
919879885034,Deepak Sandhia Direct
919979458250,Deepak Shah (Direct)
919879103342,Deepak Shukla ( Brk Dipakbhai Daryani)
919998249010,Deepak Sudhan (Direct)
917359224520,Deev Patel
918866630928,Denika Dhawan
919016697776,Denis Jekab (Brk Vidisha Property)
919377388588,Denis Olpadwala (Direct)
919825128185,Denish (Insta)
917600266555,Denish Biskitvala (Brk Chandrakant)
919099293828,Denish Gamit (BRK Dakshit Monpara)
919825131518,Denish Gandhi
919879965727,Denish Golwala ( Brk Deepak Dariyani)
919377080809,Denish Lakdawala (Direct)
919712765688,Denish Panchigar (Direct)
917567752001,denish patel (brk chandrakant solanki)
919624307777,Denish Patel Direct
919909990817,Denish Sukhdia (Direct)
919825982787,Denish Thakkar
917405457110,Denish Thakkar
919173140065,Denishbhai Gandhi (BRK Chandrakant Solanki)
917203823297,Derik Bhai
917046100097,Desai
918128227616,Dev Aashish Madayatra ( Direct)
918980854884,Dev Ahir
917600947012,Dev Datt
918780959030,Dev Digjarna (Brk Chandrakant Solanki)
919082978077,Dev Gohil (Insta)
919022644445,Dev Gohil (Mumbai Insta)
919978974696,Dev Kakdiya
918758007987,Dev Kumar Sing
919409316969,Dev Patel
919898760176,Dev SMC (News)
919327014676,Dev Trivedi (Direct)
919999508840,Dev Varma Direct
919327058019,Deva Singh (Brk Pravin Shrivastava)
919428454711,Deva Singh G. villas
917477888374,Devadrasi Adhikari (Direct)
918141716997,Devan H.Rawal( Direct)
919879544389,Devanbhai Purohit (Direct)
919825249900,Devang Adhvaryu Brk Shailesh Thakkar
917990670196,Devang Bakre
919943083186,Devang Bhai
919913083186,Devang Bhai Vaidhya
919924877665,Devang Bhatt (Brk Chandrakant Solanki)
919824750192,Devang Desai(Brk Hardik Jethwa)
919377020032,Devang Golwala
919879571004,Devang Kankura
918320184898,Devang Kharsadiya Direct
919825028112,Devang Maheta Brk Sidharth Thakkar
919825373338,Devang Nayak (Chandrakant Solanki)
917990130414,Devang Panchal Direct
919428135522,Devang Pandiya Direct
919909956056,Devang Panwala Direct
919824653782,Devang Parekh
918511255022,Devang Patel (BRK Pinkesh Chahwala)
919909999436,Devang Patel Direct
919913854269,Devang Prjapti Direct
919825340142,Devang Soni (Direct)
919998965539,Devang Soni Direct
917878078747,Devang Soni Direct
919898464219,Devang Soni Direct
917600628280,Devang Tailor Brk Vijay Changulani
919979460694,Devang Vesuwala
919825108767,Devangbhai Mehta (BRK Chandrakant Solanki)
919099944967,Devangbhai Mistry (BRK Ashwin Pandya)
919998561078,Devangi Limbachiya
919016240306,Devansh Jape
919173662280,Devansh Latawala
919428403190,Devansh Patel
918668920785,Devansh Patel (BRK Chandrakant Solanki)
919925626966,Devarsh Gotawala
918469791912,Devarshi Nayak
919898235740,Devayat Bhai 2
917227048402,Devayat Lad (Direct)
919824347100,Devdant Shashtri Direct
918401234571,Devdatt
918401294571,Devdatt Bhai
918787747509,Devdut Roy (Nilesh Modi)
919726977712,Deve Makwana Brk Chandrakant Solanki
919909903312,Deven Patel (BRK Dharmeshbhai Jalaram)
919725038807,Devendra Ajmeri (Direct)
919825794307,Devendra Barman (Direct)
917600993855,Devendra Bhai (Direct)
919878760176,Devendra Bhai (Direct)
919979139750,Devendra Bhai (Kamlesh Javia)
918160315454,Devendra Bhai Brk Chandrakant Solanki
919825168765,Devendra Bhai Direct
918433535599,Devendra Kangokar (Brk Kamlesh Javiya)
917622912829,Devendra Karuskar (Direct)
919904066595,Devendra Kathawala (Direct)
917990498708,Devendra Khair
919279874073,Devendra Kumar
918469254422,Devendra Maheta
919726736005,Devendra Modi
918460294043,Devendra Patel
918171031669,Devendra Patel
918141031669,Devendra Patel
916352224900,Devendra Patel ( Direct)
919766708961,Devendra Pithoxe AMNS
919016993672,Devendra Sharma (Direct)
919016993622,Devendra Sharma (Direct)
918320898643,Devendra Sisodariya Direct
919727603402,Devendra Soni
919427603402,Devendra Soni
919924564704,Devendra Surthi Direct
919426184040,Devendra Verma (Direct)
919328702987,Devendrabhai Ahir (Direct)
919824575752,Devendrabhau Patil (Direct)
919898048396,Deveng Parekh Direct
919825136324,Devesh Mehta (Direct)
919825054404,Devesh Patel
919824602638,Devesh Patel (Direct)
919879067929,Devesh Rana ( Direct)
917874827872,Devid (Insta)
919879689986,Devidas Patil
919924108782,Devidas Ramchandani (Dmart)
919909781515,Devin Joraviya (BRK Kamlesh Javiya)
919429141237,Devin Kathariya
918200654146,Devin Kathariya
919773177447,Devon Agrawal
917228988305,Devraj Rajput (Insta)
917642846992,Dezzy Jariwala
918469736686,Dhambha Jadeja G. villas
919879593838,Dhananbhai Jain (BRK Chandrakant Solanki)
919825153439,Dhanesh Patel
919825363195,Dhanesh Patel (Direct)
919624037665,Dhanesh Reddy
917048619920,Dhanesh Thakkar Direct
919825751680,Dhaneshkumar Gandhi (Direct)
919687279783,Dhanji Bhai (Direct)
919879120555,Dhanji Buda (Direct)
919687990515,Dhanji Shinde (Brk Jayesh Chauhan)
919727384647,Dhanjibhai Vatiyava (direct)
919825234201,Dhanraj Mangalni (News)
918454918306,Dhanshri Mam
918780679946,Dhanshuk Prajapati Ji Essar
917874246033,Dhanskhubhai Patel (Direct)
916353230107,Dhansukh Gajjar Direct
919925241435,Dhansukh Prajapati (Direct)
919824510051,Dhanvadharbhai Tamakuwala (BRK Haresh Surani)
919429487778,Dhara Bhagat Direct
919998759322,Dhara Desai
919895335280,Dhara Parel
919879880525,Dhara Parmar Direct
919340543371,Dharam Singh
918200634618,Dharam Surma (BRK Chandrakant Solanki)
919313149770,Dharesh Nikam Direct
918160001401,Dharini Bhavasar Direct
916355809820,Dharm Patel
918866625411,Dharm Patel Direct
917275152700,Dharmendra Bhai Direct
919924337836,Dharmendra Bhai Photographer (Brk Anish Gorwala)
917043484249,Dharmendra Dave
917573081482,Dharmendra Doshi Direct
918980200088,Dharmendra Gadhavi
918780200088,Dharmendra Gadhavi (Direct)
919821352251,Dharmendra Joshi (Direct)/
919687689930,Dharmendra Laskari
917972415437,Dharmendra Laxmandas G. villas
919824370148,Dharmendra Maisuri Direct
919558780486,Dharmendra Modi (BRK Kiran Tandlekar)
919825600075,Dharmendra Nahida(Direct)
917359930359,Dharmendra Nishad Direct
919879748549,Dharmendra Oardesi Direct
919825793200,Dharmendra Patel
919909032793,Dharmendra Patel
919664998338,Dharmendra Patel (BRK Kamlesh Javiya)
919879614282,Dharmendra Patel (Direct)
919428390005,Dharmendra Patrl Direct
919979391844,Dharmendra Piludaria Direct
919076993672,Dharmendra Sharma (Direct)
919724585270,Dharmendra Singh
919537168795,Dharmendra Singh Direct
919879102363,Dharmendrabhai Rathod ( Brk Kaushal Patel)
919662055488,Dharmendrabhai Zala (Direct)
918469796686,Dharmendrasih Jadeja(Direct)
917229034747,Dharmesh
919727718481,DHARMESH (Insta)
917990690466,Dharmesh Aahir (Direct)
919537818133,Dharmesh Aahir (Direct)
919725088574,Dharmesh Agrawal (Aanand Park)
918849190365,Dharmesh Ahir (Insta)
917777975882,Dharmesh Babriya
919879320751,Dharmesh Bha (Direct)
919427472701,Dharmesh Bhagaylt Direct
919925200136,Dharmesh Bhai
919428396186,Dharmesh Bhai
919081476742,Dharmesh Bhai
919824142231,Dharmesh Bhai
918238444333,Dharmesh Bhai
917874320302,Dharmesh Bhai (Insta)
918469395969,Dharmesh Bhai Dafda Direct
919825120105,Dharmesh Bhai Direct
917016395097,Dharmesh Bhai Direct
919974458050,Dharmesh Bhai Direct
919925754554,Dharmesh Bhai
918488859233,Dharmesh Bhai Office 2
919426836418,Dharmesh Bhai Sidhpura Direct
919998223603,Dharmesh Bhatt
919898130159,Dharmesh Bhutwala (BRK Pinkesh Chahwala)
919712028028,Dharmesh Boudhanwala A. w
919428147041,Dharmesh Champaera (Kripco) (BRK Chandrakant Solanki)
919898503700,Dharmesh Chanchadiya (Fb)
919825380542,Dharmesh Charkhawala
919909901818,Dharmesh Chaudhary
917383373726,Dharmesh Chauhan
918155817569,Dharmesh D Shah (Direct)
919427822981,Dharmesh Desai Direct
919924296240,Dharmesh Direct
919925241787,Dharmesh Eana Direct
919925767294,Dharmesh Gandhi
918160184492,Dharmesh Gandhi
919725733363,Dharmesh Gandhi
919825570064,Dharmesh Jariwala
919825130960,Dharmesh Jariwala (Direct)
917016082806,Dharmesh Jariwala Brk Rinkesh Jariwala
918238379059,Dharmesh Jariwala Direct
919898169636,Dharmesh Joshi Direct
919904386682,Dharmesh Joshi Direct
919879866442,Dharmesh Kadam Direct
918866555614,Dharmesh Kalgude (BRK-RUPESH JADHAV)
919825422242,Dharmesh Kansara Direct
919377555363,Dharmesh Khatiwala (BRK Bhavin Chahwala)
917874292561,Dharmesh Lakhani
919825690097,Dharmesh Lalwala
919019766377,Dharmesh Limbachiya Direct
919825263781,Dharmesh Mahharaj (Direct )
919825933091,Dharmesh Malviya
919924204829,Dharmesh Maniya Direct
919824760777,Dharmesh Manjiwala (Direct)
918469039289,Dharmesh Mehta
919930475858,Dharmesh Mehta Direct
919824109771,Dharmesh Mikenik
919909509687,Dharmesh Mistry Direct
918511391413,Dharmesh Modi
919327102717,Dharmesh Modi
919898016605,Dharmesh More
919925206882,Dharmesh More (Brk Kiran Jalaram)
919825198654,Dharmesh Morekar Direct
919099700002,Dharmesh Narola
919879102882,Dharmesh Oza
919825630871,Dharmesh Pachhigar Direct
919662139563,Dharmesh Padhiyar
919825918299,Dharmesh Parekh
917874916408,Dharmesh Parjapti Direct
917046132012,Dharmesh Parmar
919879100734,Dharmesh Parmar Direct
919664613583,Dharmesh Patel
919316039798,Dharmesh Patel
916355501655,Dharmesh Patel
919913310199,Dharmesh Patel
919870067297,Dharmesh Patel
919714066500,Dharmesh Patel
917802071859,Dharmesh Patel
919870067291,Dharmesh Patel
917878072072,Dharmesh Patel
918140686118,Dharmesh Patel
919825494950,Dharmesh Patel ( Direct)
919265335513,Dharmesh Patel ( Direct)
919725702206,Dharmesh Patel (Brk Chandrakant Solanki)
919825280413,"Dharmesh Patel (Direct,)"
919825906618,Dharmesh Patel Direct
919925246928,Dharmesh Patel Direct
918734879666,Dharmesh Patel Direct
919825811633,Dharmesh Patel Direct
919724321084,Dharmesh Patel Kamrej (Direct)
919033110250,Dharmesh Patel SMC (Direct)
919879213445,Dharmesh Patel(Brk Kantibhai)
919892306171,Dharmesh Pithva G. villas
919376142135,Dharmesh Pooat Brk Gaurav Thakkar
919725203377,Dharmesh Postiwala (Direct)
919825560142,Dharmesh Prajapati (Ashwin Pawar)
918780690460,Dharmesh Prajapati (Direct)
919909665477,Dharmesh Prajapati (Direct)
919909243015,Dharmesh Ramesh G. villas
919825682087,Dharmesh Rana (BRK Chandrakant Solanki)
919725783420,Dharmesh Rana Direct
919879051244,Dharmesh Rathod (Direct)
916351800554,Dharmesh Rathor
918469222168,Dharmesh Resamwala Direct
919829780300,Dharmesh Rotiwala (Brk Dipak Dariyani)
918866792979,Dharmesh Sagani Direct
919601420474,Dharmesh Salvi Direct
917988451055,Dharmesh Savliya
919879449366,Dharmesh Sevaliya (Direct)
919825205881,Dharmesh Shah (Insta)
919727427752,Dharmesh Shah Direct
919898311983,Dharmesh Sheta (Direct)
916359909146,Dharmesh Smc Garden (Dmart)
919913515308,Dharmesh sukla
916594761457,Dharmesh Tailor
919924421919,Dharmesh Tailor
919909035902,Dharmesh Tailor (Direct)
919825163564,Dharmesh Tailor (Direct)
919724703774,Dharmesh Tanna (BrkMunna Bhai)
919662030820,Dharmesh Trailer(Direct)
919913788079,Dharmesh Trivedi
919428148868,Dharmesh Umrav Direct
919374532266,Dharmesh Varma
919825609181,Dharmesh Virani Direct
919173020575,Dharmesh Vyas
919825092840,Dharmesh Vyas (Direct)
919825959954,Dharmeshbhai (BRK Dharmesh Jalaram)
919227962579,Dharmeshbhai Bardoliwala (BRK Pinkesh Chahwala)
919510279410,Dharmeshbhai Desai (Direct)
919662028646,Dharmeshbhai Diwawala (BRK Chandrakant Solanki)
917359155577,Dharmeshbhai Patel ( Direct)
917874411411,Dharmeshbhai Patel (BRK Jiteshbhai Sayona)
919824760300,Dharmeshbhai Retiwala (BRK Chandrakant Solanki )
917383125771,Dharmeshbhai Shah (Direct)
918980033001,Dharmeshbhai Upadhya (Direct)
917567704555,Dharmeshraay V Vyas G. villas
917383426852,Dharmik Panchal Direct
919879440034,Dharmik Sonani
919909957304,Dharmin Bhai
919328903393,Dharmishtha Ahire
919377711676,Dharmishtha Chowala (Dmart)
919724799337,Dharmishtha Kapuriyq Direct
918866130514,Dharmistha Gosai(Insta)
919712714635,Dharmistha Maisuriya Direct
917819823052,Dhatmesh Kosambiya
918369360461,Dhaval
919033121732,Dhaval Advani
919979019197,Dhaval Bantri (Direct)
918849213449,Dhaval Bhatiya
919904779333,Dhaval Bhqi
919974804343,Dhaval Bhrambhatt
919925960873,Dhaval Chaudhary Direct
916353805030,Dhaval Chawda Brk Krunal Jariwala
917069122218,Dhaval Dabhi Brk Kunal Contractar
919898026777,Dhaval Desai
919016968955,Dhaval Dumashiya (Direct)
919662516325,Dhaval Goswami (Direct)
919033922958,Dhaval Jansiwala (Direct)
919376999944,Dhaval Jariwala
917383391002,Dhaval Jariwala (Direct)
919033012228,Dhaval Kanse
918460017678,Dhaval Kantariya
918758753009,Dhaval Katlariwala (Brk Rakesh Tailor)
919979890807,Dhaval Madhiwala (Direct)
919998028491,dhaval Maheta
919712288393,Dhaval Mistry (Direct)
919825059979,Dhaval Modi
916359330333,Dhaval Modi
919638586979,Dhaval Modi
919429731290,Dhaval Modi
919828059979,Dhaval Modi
918264405218,Dhaval Modi (Direct)
919909902215,Dhaval Panchal
919427552609,Dhaval Parekh
918469724609,Dhaval Parekh Direct
919662694218,Dhaval Patel
918758266924,Dhaval Patel
917405024241,Dhaval Patel
918141505480,Dhaval Patel (Brk Rakesh Patel)
919586076401,Dhaval Patel (Direct)
918780386001,Dhaval Patel (Direct)
918980386001,Dhaval Patel (Direct)
918905354511,Dhaval Patel 180 (Direct)
919427821717,Dhaval Patel Direct
919429017296,Dhaval Patel Direct
919913894002,Dhaval Patel Direct
919909682004,Dhaval Patel Direct
918141021717,Dhaval Patel Direct
918200778078,Dhaval Patel Direct
918866626341,Dhaval Patel Direct
917984965217,Dhaval Patel G. villas
917383939807,Dhaval Prajapati
919737722187,Dhaval Prajapati Direct
918980170849,Dhaval Prajapati Direct
918238050042,Dhaval Raicha Direct
919825997880,Dhaval Raichara Direct
919879101952,Dhaval Rana
919898566006,Dhaval Raval (Direct)
919510399183,Dhaval Solanki
919925609756,Dhaval Solanki Direct
919825742567,Dhaval Tamakuwala (Brk Hardik Jethwa)
919409323022,Dhaval Tank
919277750777,Dhaval Vadgama (Direct)
919106954363,Dhaval Vaghela
919624885474,Dhaval Vaghela Direct
919327672505,Dhaval Vora (Brk Chandrakant Solanki)
919909000096,Dhavalbhai Desai (BRK Tusharbhai Desai)
919328810010,Dhavalbhai Gandhi (BRK Himanshu Kapadia)
917990156681,Dhavalbhai Lad (BRK Kamlesh Javiva)
919727712371,Dhavalbhai Pathak (BRK Vipul Jalaram)
919913756940,Dhavalbhai Tankaria (BRK Pinkeshbhai Chahwala)
916359952599,Dhavalbhai Taylor (Direct)
919979566255,Dhavalbhai Thakkar
919712073315,Dhawal Soni Direct
917621983142,Dheiry
919099374411,Dherindhar Agarwal(Direct)
919426189019,Dhimant Gautam (BRK Chandrakant Solanki)
919173942024,Dhiraj Bagad
919924799905,Dhiraj Bhai Brk Fenil Thakkar
916353075646,Dhiraj Bhardwaj Direct
917600046552,Dhiraj Kachadiya
919913782725,Dhiraj Kadam Direct
917488165365,Dhiraj Kumar
917974510054,Dhiraj Kumar
919586645457,Dhiraj Kumar (Direct)
919131718709,Dhiraj Kumar Direct
919099953869,Dhiraj Kumar Gaur
919925830428,Dhiraj Mobi
919228069225,Dhiraj Nigam (Ashwin Viras )
919925161535,Dhiraj Patel
919879195096,Dhiraj Rana (Direct )
917838508150,Dhiraj Solanki
916352904912,Dhiraj Soni Direct
918320664486,Dhiraj T
919426841553,Dhiraj Tala
919825861185,Dhirajbhai Patel (Direct)
919429898008,Dhirajbhai Patil ONGC (Direct)
919825120717,Dhiren bhai Patel (Brk Himanshu Dave)
919429333093,Dhiren Golkiya Direct
919375959500,Dhiren Makwana
919727251008,Dhiren Pawar Direct
919820016393,Dhiren Rawal
919374725548,Dhiren Seth (Direct)
919824575850,Dhiren Shah G. villas
919725557309,Dhiren Surti
919909902354,Dhirendra (Brk Amit Khandelwal)
919824009704,Dhirendra Bhai Direct
919824303723,Dhirendra Chaudhary
919427504416,Dhirendra Singh
919723763366,Dhirghaya Mali Brk Jatin Makwana
919825203511,Dhiru Bhai (Direct)
919377307840,Dhiru Dungrani Direct
919825487163,Dhiru Parmar Direct
919879028308,Dhiru Patel (Brk Rajesh Gajjar)
919924397634,Dhirubapa Alagiya
919687122568,Dhirubhai Bhayani(Direct)
919227933019,Dhirubhai Lokhandwalla(Brk Dipak Dariyani)
917990796935,Dhirubhai M Patel (Brk Chandrakant Solanki)
917567522084,Dhramil Gandhi
919202029078,Dhritimay Datta
917202029078,Dhritimay Datta Direct
917228899900,Dhromil Doshi Direct
919773252117,Dhrumil Bhai (Insta)
919428891567,Dhrumil Shankar G. villas
918488866111,Dhrumit Jariwala G. villas
919979422632,Dhrumit Modi (Direct)
919909912632,Dhrupal Patel
919104785486,DHRUTI
919167437992,Dhruv Aaitwala (BRK Chandrakant Solanki)
918866513599,Dhruv Advani (Direct)
919929706529,Dhruv Bhai Bhrambhatt
918200972902,Dhruv Dabhi (Brk Vikram)
919106142223,Dhruv Dave
918347616163,Dhruv Dave (Brk Nilesh More)
918758527476,Dhruv Dhimmar
919725024868,Dhruv Gheewala (BRK Tushar/ Daxit)
919737116613,Dhruv Jani(Direct)
918485915666,Dhruv Jatiwala (BRK Kalpesh Modi)
917573024317,Dhruv Jethva
918460702948,Dhruv Limbachiya
919825120305,Dhruv Mistry
919512168081,Dhruv Patel (BRK Chandrakant Solanki)
918141879988,Dhruv Patel (Direct)
919825040079,Dhruv Patel Brk Chandrakant Solanki
919427889434,Dhruv Pathak (Brk Deepak Dariyani)
919998758616,Dhruv Pathak A. w
917228025050,Dhruv Trivedi Direct
916355517029,Dhruv Unagar Direct
919601609006,Dhruvil Bhai
916353991510,Dhruvil Parikh
917878627885,Dhruvil Patel
919879708612,Dhruvil Vasani
918141066686,Dhruvin Painter
917043044267,Dhruvit Jani
919426605461,Dhruvit Patel(Brk Rajesh Gajjar)
917405148729,Dhruvsh Chaudhary
919979869771,Dhwval Chauhsn
917990250538,Diamond Bhuj
919898045047,Dig Vijay Singh
917069818877,Digan Shah (BRK Chandrakant Solanki)
919879101256,Digant Bhamani (Brk Vivek Sapra)
919909755007,Digant Patel (Brk Dipak Dariyani)
918866727666,Digen Tailor
919898861212,Digenbhai Parthawala (BRK Dineshbhai Thakkar)
919537983531,Digesh Matwala(Direct)
919913142085,Digvijay Kuklani
919737044121,Digvijay Singh (Direct)
919376671717,Dilesh Mithaiwalaa
919909789966,Dilip Bhai (Direct)
916352313966,Dilip Bhai (Direct)
919898547508,Dilip Bhai (Direct)
919558639277,Dilip Bhai G. villas
919773188049,Dilip Chaudhary (Direct)
919825427396,Dilip Chauhan (Vijay Changulani
917666640436,Dilip Dawda (Direct)
919904171732,Dilip Garav Direct
919979789966,Dilip Hada Direct
919664722724,Dilip Jain (News)
917573006092,Dilip Joshi (Direct)
918511002227,Dilip Kalseth Direct
919099173742,Dilip Kesur Direct
919714850043,Dilip Khatik (BRK Kamlesh Javiya)
919377882059,Dilip Khatri
919712080107,Dilip Khavada (Direct)
919724048396,Dilip Kosti Direct
917283922049,Dilip Kumar (Direct)
919924043072,Dilip M. Daina Brk Daxit Monpra
919825011608,Dilip Madu
919879316343,Dilip Morkar (Direct)
919925317718,Dilip Navika (Direct)
919998565196,Dilip Panchal (Direct)
919727558270,Dilip Pandav (Direct)
918487094573,Dilip Patel
918980525902,Dilip Patel (Direct)
919824152987,Dilip Patel (Direct)
919420246953,Dilip Patel (Direct)
917285887673,Dilip Patel (Dmart)
919879467454,Dilip Patel Direct
919420246753,Dilip Patel Direct
919702516763,Dilip Patel Direct
919377039041,Dilip Patel Direct
919977477682,Dilip Pujari (Direct)
918238905030,Dilip Purohit
919909748243,Dilip Purohit G Villas
919510464658,Dilip Rathod Direct
918460808772,Dilip Ravliya (Direct)
919825473666,Dilip Shah
919638385707,Dilip Solanki Brk Kaushik Patel
918469703525,Dilip Soni (Direct)
919558784182,Dilip Soni (Direct)
918460303846,Dilip Tadvi
917567070315,Dilip Tamakuwala (Direct)
919879616848,Dilip Thakor (Direct)
918979616848,Dilip Thakur (Direct)
919870008751,Dilip Trivedi (Direct)
919687418011,Dilip Vadi Direct
919979978009,Dilip Varu
919904182676,Dilip Vasoya (Insta)
919099014550,Dilipbhai (BRK Dharmesh Jadav)
919898202986,Dilipbhai (Brk Dipak Dariyani)
917046266233,Dilipbhai Belmuri (BRK Chandrakant Solanki)
917777923756,Dilipbhai Chaudhary (BRK Chandrakant Solanki)
919824155433,Dilipbhai Khadik (BRK Kamlesh Javai)
919925766039,Dilipbhai Padhiyar (Direct)
919925904749,Dilipbhai Parmar (Direct)
919825785836,Dilipbhai Patel (BRK Sailesh Thakkar)
919773422423,Dilipbhai Tailor (BRK Vipulbhai Jalaram)
917600096643,Dilipbhai Vataliya (BRK Parth)
919429540910,Dilipsinh (Direct)
919879915057,Dilkhushbhai Natali (BRK Pinkesh Chahwala)
919638257008,Dilubhai Boricha
919972643903,Dimpal Kumar
917285055219,Dimpal Patel(Brk Dharmesh Bhai)
919925673181,Dimple (Insta)
919276153875,Dimple Ben (Direct)
919320027827,Dimple Jariwala (Direct)
919904266369,Dimple Mam (Direct)
919810385600,Dimple Pandya
918140090537,Dimple Parmar (Dmart)
917573062258,Dimple Patel
919512021934,Dimple Prajapati (Brk Chandrakant Solanki)
918949940975,Dindayal Direct
919824466338,Dinesg Vasava
919825025349,Dinesh Ahir Direct
919913800035,Dinesh Anjara
919586141474,Dinesh Babriya Direct
919374002500,Dinesh Bhagat
919624314456,Dinesh Bhagat Direct
917016767783,Dinesh Bhai
918488945898,Dinesh Bhai
919825171920,Dinesh Bhai
919427898302,Dinesh Bhai
919998963116,Dinesh Bhai ( Direct)
919328890009,Dinesh Bhai (Direct)
919909929898,Dinesh Bhai (Direct)
918128846590,Dinesh Bhai (Direct)
917405110706,Dinesh Bhai (Direct)
919909351438,Dinesh Bhai Direct
919913354058,Dinesh Bhai Parmar Direct
919328349996,Dinesh Bhai Vekariya (Brk Chandrakant)
919825274150,Dinesh Bhsi
918000794018,Dinesh Chaudhary
917622075405,Dinesh Chaudhary
919879865151,Dinesh Chauhan
918141068565,Dinesh Chauhan Brk Perfect Deal
919904406143,Dinesh Chitte (Direct)
919324503897,Dinesh Dave Surat Afcons (Dmart)
919081373539,Dinesh Desai
919825422023,dinesh
919558877858,Dinesh G. villas
919825545975,Dinesh Gohil ( Direct)
919375080622,Dinesh Gondaliya Khodiyar Paver
918009875200,Dinesh Gupta
919624311308,Dinesh Jadhav (Direct)
917016098192,Dinesh Jadhav Direct
919428590471,Dinesh Jetani
919825597360,Dinesh Joshi (Direct)
919724332528,Dinesh Kahar (BRK Chandrakant Solanki)
919537692599,Dinesh Kangude (Brk Rupesh Jadhav)
919426187120,Dinesh Karia (Brk Dipak Dariyani)
918758883066,Dinesh Kasariya (Direct)
919979731171,Dinesh Katwala
919898145795,Dinesh Khetwani G Villas
919879746284,Dinesh Lad Direct
919824119833,dinesh lapsiwala (Direct)
919979106254,Dinesh M Maru (Direct)
919558366480,Dinesh Maheswari Direct
919978105053,Dinesh Makwana
919879377111,dinesh Mandal
919377708906,Dinesh Mehta Direct
919228258582,Dinesh Modi
919898016930,Dinesh N Patel (Direct)
919712552501,Dinesh Parekh (Direct)
919662533105,Dinesh Parlekar (Direct)
919737898034,Dinesh Parmar
919638838629,Dinesh Patel
919016472246,Dinesh Patel
919879514688,Dinesh Patel
919824122560,Dinesh Patel
919586565602,Dinesh Patel (Brk Aswin Viras)
919909244137,Dinesh Patel (Brk Darshan Pastagiya)
919924312504,Dinesh Patel (Direct)
919909996204,Dinesh Patel (Direct)
919033782680,Dinesh Patel Direct
919925196367,Dinesh Prajapati Sal G. villas
919825124277,Dinesh Purohit
919898496959,Dinesh Rajput
919377215517,Dinesh Rathod (Direct)
919173928900,Dinesh Savaliya
919825155556,Dinesh Savani (Brk Hardik Jethwa)
919825455556,Dinesh Sawani Dinesh
919824172048,Dinesh Shah Direct
917621029999,Dinesh Sharma (Direct)
919824174066,Dinesh Siddhapuriya
919824749346,Dinesh Surti
919427159043,Dinesh Suthar(Brk Prakash Nathwani)
919427120553,Dinesh Thakkar
919998626443,Dinesh Thakkar (Direct)
919426119897,Dinesh Tyagi
919879101899,Dinesh Yadav (Direct)
919644477755,Dinesh Yadav Brk Viresh Thakkar
916351914945,Dineshbhai C Zaveri (BRK Sunny Magajvala)
919374736334,Dineshbhai Dalvadi (Direct)
919724632009,Dineshbhai Gandhi (BRK Chandrakant Solanki)
919426645975,Dineshbhai Gohil (BRK Parmodbhai Oja)
919879846724,Dineshbhai Gohil (BRK Pinkeshbhai Chahwala)
919824222560,Dineshbhai Gopani (BRK Vinshu Rabari)
919408739148,Dineshbhai H Soni (BRK Chandrakant Solanki)
917862087260,Dineshbhai Jamnagar Mandir
919824082785,Dineshbhai Patel (BRK Chandrakant Solanki)
919925714472,Dineshbhai Patel (BRK Pinkeshbhai Chahwala)
919878496958,Dineshbhai Rajput (Direct)
919099056544,Dineshbhai Solanki (BRK Chandrakant Solanki)
918511123208,Dineshbhai/ Rakeshbhai (BRK Kamleshbhai)
918401157652,Dinkal
919879282131,Dinyar Italiya (Brk Chandrakant Solanki)
919898920642,Dipa Parekh (Brk Chandrakant Solanki)
919825370549,Dipak Aasudani
918160418909,Dipak Advani (Direct)
919687462650,Dipak Bhai
917383493322,Dipak Bhai
919913782978,Dipak Bhai Brk Chandrakant Solanki
919979063165,Dipak Bhai Direct
919374723388,Dipak Bhutwala (Brk Vijay Karliya )
919638822103,Dipak Boriyq
919978671817,Dipak Butani Direct
919428519074,Dipak Chauhan
918160396973,Dipak Chopra (Direct)
917021324923,Dipak Chopra (Direct)
919825953527,Dipak Desai
919925811108,Dipak Dube
919925311108,Dipak Dube (Direct)
918128550540,Dipak Gajjar (Direct)
919408729495,Dipak Gajjar Brk Pinkesh Chahwala
919925213047,Dipak Gandhi
919924116934,Dipak Gandhi Brk Harshil Shah
919510502275,Dipak Gandhi(Direct)
919979460259,Dipak Gohil
919328391999,Dipak Goswami
918056200218,Dipak Gupta
919429010841,Dipak Jariwala
918866373997,Dipak Jariwala Direct
918160221502,Dipak Jha
919408791094,Dipak Kahar
919825561345,Dipak Kamani
918905324282,Dipak Khatri Direct
919891158011,Dipak Kumar
916205856348,Dipak Kumar
917283868813,Dipak Kumar Direct
917359051000,Dipak Laliwala
919265702930,Dipak Maisuriya Direct
917227927655,Dipak Makhnani
917984314840,Dipak Matiwala (News)
918718888455,Dipak Misra
919825300633,Dipak Mistri
919998221474,Dipak Mistry
919913731820,Dipak Mistry
919879468860,Dipak Mistry (Direct)
919428139255,Dipak Modi
919327866194,Dipak Modi Direct
919925205902,Dipak Moraniya Direct
919825143883,Dipak Mulchandani Direct
919712814214,Dipak Panchal (News)
919925122263,Dipak Parekh
919909092491,Dipak Parekh
917069003626,Dipak Patadiya ( Direct)
919879982232,Dipak Patel
919825981477,Dipak Patel
919099957569,Dipak Patel
918200044654,Dipak Patel
916352624457,Dipak Patel
919879746576,Dipak Patel
918733960916,Dipak Patel
919898777722,Dipak Patel
919924144952,Dipak Patel
919825810411,Dipak Patel (Brk Chandrakant Solanki)
916354953743,Dipak Patel (Direct)
919909370000,Dipak Patel Brk Fenil Thakkar
919924144954,Dipak Patel Brk Fenil Thakkar
919429150890,Dipak Patel Direct
918347005035,Dipak Patel G. villas
917014083188,Dipak Popat (Direct)
919825573268,Dipak Pradhan (Brk Rakesh Patel)
917600014741,Dipak Prajapati
919924098489,Dipak Prajapati Direct
918007870272,Dipak Rajput
919925005935,Dipak Rajput (BRK Chandrakant Solanki)
917203001918,Dipak Rajput (Direct)
919923750664,Dipak Rajput (Direct)
919769390663,Dipak Rajput (Direct)
919824712745,Dipak Rajput Direct
917041167705,Dipak Rana(Brk Dipak Dariyani)
919099399092,Dipak Road
919572080147,Dipak Roy
917567755566,Dipak Sasiya Direct
919428747212,Dipak Sevak Direct
919872989888,Dipak Sharma ( Direct)
919429062977,Dipak Sharma (Direct)
919408791403,Dipak Singh
917777949483,Dipak Singh
918292848527,Dipak Singh Brk Rasesh Thakkar
919327836225,Dipak Sonawala Brk Daxesh Chokhawala
919979063561,Dipak Sondaghar Direct
919879155788,Dipak Tailor SMC (Direct)
919352999142,Dipak Thawni
918828385304,Dipak Tiwari
917984333977,Dipak Trivedi G. villas
919825037813,Dipak Upadhyay (Direct)
919998223738,Dipakbhai (Direct)
919429898004,Dipakbhai Chevli Ongc (Brk Chandrakant Solanki)
919327544254,Dipakbhai Gandhi (Direct)
919898205650,Dipakbhai Ganjawala (Direct)
919924778705,Dipakbhai Gohil (Direct)
919726069343,Dipakbhai Jariwala (BRK Chandrakant Solanki)
919427644528,Dipakbhai Lalwala (Direct)
919913565988,Dipakbhai Patel ( Direct)
919374727158,Dipakbhai Shah (BRK Kamlesh Javiya)
919824180613,Dipakbhai Solanki (BRK Kamlesh Javiya)
919879885304,Dipakbhai Sundhiya (Direct)
919265156046,Dipal Thakur Direct
919924183099,Dipan Patel ( Brk Deepak Dariyani)
917878249294,Dipankar Pandey G. villas
919427821855,Dipchand Shahni (Direct)
918905999567,Dipen Bhai
919725430334,Dipen Bhai (Direct)
919925847756,Dipen Desai
918460658843,Dipen Gajjar (Brk Deepak Dariyani)
917043336150,Dipen Shah Direct
918530619929,Dipen Thakkar (Brk Gaurav Thakkar)
919913168041,Dipen Wadia
919825147676,Dipenbhai Patel (BRK Chandrakant Solanki)
918696233139,Dipendra Trivedi (Direct)
917990957169,Dipesh Baraiya
919106300219,Dipesh Bediwala
919824425177,Dipesh Bhai
919510724875,Dipesh Bhai (Direct)
919825559391,Dipesh Bhai (Direct)
919825705273,Dipesh Bhai (Direct)
918866411828,Dipesh Bhandari
919327766799,Dipesh Dalal(Direct)
918469625622,Dipesh Gandhi (Brk Kalpesh Dharmesh Rander)
919428585828,Dipesh Gandhi (Prakash Nathvani)
916354713972,Dipesh Gohil
919913553556,Dipesh Jain Perfect Deal
919924610084,Dipesh Ladva
919978610070,Dipesh Painter (Brk Chandrakant Solanki)
919825769277,Dipesh Panwala (Direct)
917046202120,Dipesh Parmar (Brk Piyush Tank)
918000304330,Dipesh Patel
919974064266,Dipesh Patel Direct
919879207588,Dipesh Patel Direct
919099533648,Dipesh Pawar
919033183905,Dipesh Prajapti
919512745566,Dipesh Rajput (Direct)
919925016700,Dipesh Rangrez
917486036256,Dipesh Rathod
917058389993,Dipesh Rathod AMNS
919033859971,Dipesh Raval (Direct)
919825177129,Dipesh Rawal
919558922459,Dipesh Thakur
919106001030,Dipesh Unicare G. villas
919408770999,Dipeshbhai Bediwala (BRK Chandrakant Solanki)
919725720397,Dipeshbhai Kaklotar (BRK Pinkeshbhai Chahwala)
916353760513,Dipeshbhai Palghar (Direct)
919998223864,Dipeshbhai Patel (BRK Shailesh Thakkar)
919825906333,Dipeshbhai(Brk Pinkesh Chahwala)
919979041312,Dipika
919427960968,Dipika Gandhi
919157834594,dipika Kumar G. villas
919909024008,Dipika Panchal (Brk Dipak Dariyani)
919023190811,Dipika Patel Direct
919662036634,Dipishbhai Kachariya (BRK Dakshit Monpara)
918460273308,DipK Parmar Direct
919737977779,Diptanshu Solanki
918238922299,Dipti Ben
918320339174,Dipti Ben Modi Viresh Thakkar
919909029094,Dipti Gajjar G. villas
919825831328,Dipti Jadhav
919377622233,Dipti Karmkar Direct
919537378697,Dipti Patel (BRK- Shailesh Thakkar)
919879533998,Dipti Patil Direct
919825069090,Dipubhai Milchandani(Direct)
919712438372,Dishant Bhatt Direct
918460592377,Dishant Panchal (Direct)
917016461460,Div Rathor
919925241580,Divesh Patel Direct
919879418609,Divesh Patel Direct
919033102221,Divjen Joshi Direct
919328772686,Divya Burban Brk Bhavin Chahwala
918778144773,Divya Chokshi
917016545735,Divya Choksi
919712245145,Divya Kant Patel (Brk Shailesh Gandhi)
919157401833,Divya Khatri
918306660973,Divya Mam
919925111591,Divya Mehta
917878705075,Divya Pal (Direct)
919099382655,Divya Patel Direct
919106967677,Divya Patel G. villas
919974279956,Divya Sharma
919426041312,Divya Tamakuwala Direct
919925405838,Divya Yadav
919228286546,Divyakant Chopdab
919825460890,Divyang Afinwala (Direct)
919974211141,Divyang Badshah
919466446959,Divyang Chatriwala Direct
918866730723,Divyang Goswami
919898399094,Divyang Parikh (Direct)
917874811999,Divyang Parmar Direct
919033478804,Divyang Soni (BRK Chandrakant Solanki)
919727713537,Divyangbhai B Patel (BRK Chandrakant Solanki)
919925262588,Divyank Patel Direct
919724761295,Divyaraj Singh Perfect Deal
919687995555,Divyarajsinh M Vaghela
919909903005,Divyeahbhai Chauhan (BRK Chandrakant Solanki)
919870322202,Divyen Mistry (Insta)
919537440999,Divyesh Ahir (Direct)
919725383207,Divyesh Bhai Direct
919879845385,Divyesh Bhai Khalasi Inquiry Direct
916358879561,Divyesh Bhai Office
919979894341,Divyesh Bhai Patel
919825112181,Divyesh Bhatt (Brk LL Shah)
919924141031,Divyesh Chaliyawala Direct
917600808289,Divyesh Chauhan
919723525877,Divyesh Chauhan (Direct)
919106086178,Divyesh Chauhan Direct
917990233626,Divyesh Choudhary
917016279491,Divyesh Daliya (Brk Chandrakant Solanki)
918460882318,Divyesh Direct
919825110526,Divyesh Divya Ads
919725240840,Divyesh Gajjar
918866789194,Divyesh Gajjar
918141669474,Divyesh Jain
918866998885,Divyesh Mistry (Direct)
919824579992,Divyesh Nanavati
917600525716,Divyesh New Boy
919712021910,Divyesh Nikam (Direct)
919377106677,Divyesh Panwala (Direct)
919409304418,Divyesh Parmar
919909558857,Divyesh Parmar (BRK Kaushik Jalaram)
919737400542,Divyesh Parmar Direct
916352719944,Divyesh Patel
918780854804,Divyesh Patel
916354333572,Divyesh Patel
919512800999,Divyesh Patel (Brk Chandrakant Solanki)
919537350353,Divyesh Patel (Direct)
919924726328,Divyesh Patel (Direct)
919879291091,Divyesh Patel (Direct)
919825352851,Divyesh Patel Direct
919909976513,Divyesh Patel Direct
919825607776,Divyesh Patel Direct
916352777097,Divyesh Patel Direct
919879921985,Divyesh Patel Direct
919974062334,Divyesh R Patel Direct
917041907336,Divyesh Rana
919106960197,Divyesh Rana Direct
919825172054,Divyesh Saliya
918758730458,Divyesh Sandish Direct
919702836731,Divyesh Shah Direct
918469713542,Divyesh Sharma (BRK Chandrakant Solanki)
919879585552,Divyesh Singh Direct
917485993519,Divyesh Solanki (Direct)
919925714671,Divyesh Solanki Brk Tejas Khalasi
919662503770,Divyesh Solanki Direct
919979985459,Divyesh Vaghela G. villas
919727171727,Divyesh(Direct)
919825600106,Divyeshbhai Gramani (Direct)
919820078113,Divyeshbhai Shah (Direct)
919879069747,Divykantbhai (Direc)
917436077704,Dix Ben
919712020445,Dixal Bhai (Direct)
917405693335,Dixit Jariwala (Direct)
917405093335,Dixit Jariwala(Brk Dipak Dariyani)
919712588409,Dixit Malankiya Direct
919879845783,Dixit Modi
919313249315,Dixit Navadiya
918511875546,Dixit Patel (Direct)
919714045199,Dixit Patel (Direct)
919904884773,Dixit Patel Direct
919979871299,Dixit Patel Direct
919913856064,Dixit Patel Direct
919313921837,Dixit Patel G. villas
919638030803,Dixit Rayhod
919624059306,Dixit Suthar
919429898049,Dixita Patel ( Direct)
917698055118,Dj Chawda
917698055115,Dj Chawda
919825040467,DK Gohil (Direct)
919173026696,Doctor Darshan Mangroliya
917433080253,Donal Dominic
919974957056,Donga Virji
919558831002,Donil T Shah (Direct)
919879421893,Dr Alpesh Ambaliya (Direct)
917567662626,Dr Bhumika Patel (Direct)
919099007870,Dr Brijesh Doctor
919879291593,Dr Devang Patel ( Direct)
919726442407,Dr Divyesh Bhai Pathk ( Brk Chandrakant)
919726552407,Dr Divyesh Pathak (Brk Chandrakant Solanki)
919879285415,Dr Fenil Patel
917046585854,Dr Geetanjali Verma
919913355621,Dr Girish Bhai (Direct)
918758017182,Dr Hardip Maniar Kiran Hospitals (Direct)
919426160426,Dr Harshal Desai (Brk Chandrakant Solanki)
919879688871,Dr Hinal Bhagat (Direct)
919825241991,Dr Jatin Patel (Direct)
919925242142,Dr K M Jaiswal (Direct)
97450264700,Dr Nikesh Davda
919974944522,Dr Nirav Bhai (Direct)
919924903301,Dr Rajul Shah Direct
919428543154,Dr Ridhdhi Rabadia
919879146410,Dr Rohan Rana (Brk Chandrakant Solanki)
919427657229,Dr Sandeep Gupta ( Direct)
919913634002,Dr Saurin Gheewala
919824168120,Dr Shashank Pashwala(Direct)
919601687529,Dr Surbhi Patki (Brk Dipak Dariyani)
919824131951,Dr Suresh Kothari
919724332028,Dr Vijaybhai (Direct)
919925033288,Dr Vipul Chaudhary
919427022180,Dr Vipul Chaudhary
919714199954,Dr. Hardik Shah (Direct)
919228209242,Dr. Ketan Pansurya Direct
918447927847,Dr. Santosh Bhaskar Direct
919879748388,Dr. Saurin Gheewala (Brk Bhavin Chahwala)
919016035670,Dr. Shreyash Patel (Direct)
919374718745,Dr. Tarun Chawda (Direct)
919687381660,Dr.Abhijit Singh (Direct)
919824724214,Dr.Abhishek Makharji (Direct)
919824762113,Dr.Akshay Lal Moriya (Direct)
919422483635,Dr.Dharma (Mumbai)
919427708084,Dr.Jignesh BrahmBhatt( Direct)
917878062520,Dr.Kaushal Barod Direct
919426148334,Dr.Ketan Vyas Direct
919173380706,Dr.Manoj Patel (Direct)
917383804620,Dr.Martin Patel Direct
919898178777,Dr.Mayur Parmar (Direct)
919974758512,Dr.Mittal Chaudhary
919426631667,Dr.Nikhil Engla ( Direct)
919879611340,Dr.Pankaj Sakhiya
917096790260,Dr.Rokde(Direct)
919601088886,Dr.Shambhu Patel (Direct)
919054193344,Drasti Nanavati (Insta)
917053242222,Drruchir Shah Venus Healthcare
919898475077,Druti Patel
918655691341,Druvin Thakkar
919691919431,Dunny Joshi
919265643330,Durga Suthar Direct
919825654709,Durgesh Mehta
919512594002,Durgesh Mishra (Direct)
919998975557,Dusayant Desai (BRK Parth)
919909905562,Dushantbhai(Brk Pinkeshbha)
918140154507,Dushayantbhai Nimavat (Direct)
919825686062,Dushyamt Joshi Direct
919426102564,Dushyant
919426102864,Dushyant Kadiya (Direct)
917567028778,Dushyant Sungh Brk Vijay Changulani
917567065009,Dv Dhaval Brambhat
919737653500,Dwijen Thakur
919510595879,Eahul Surti
916371481157,Eknath Patil (Insta)
918200476049,Ekta Oza (Brk Chandrakant Solanki)
917990779697,Elesh Baria
918320206650,Emi Modi (Surties )
919328080301,Eng Sandip Raghav
919925992073,Engineer Shailesh Kumar Hasmukh
917822941552,ENTRIX INNOVATION
919974353108,Er Ashokbhai Ladva (Direct)
918866660086,ErAshish Patel F.B
919825112813,Facebook Inquiry
918140346642,Fagun
919125361849,Faisal (FB)
918460524989,falak Kansarav
919825518841,Falgun Desai
919898109479,Falgun Khorodia (Brk Chandrakant Solanki)
918980490725,Falgun Vyas Direct
919409186171,Falguni
917573027140,Falguni (Chandrakant Solanki)
916355173335,Falguni Ben Calling Direct
919898577553,Falguni Ben Parekh Direct
919974194551,Falguni Kansara (Brk Rakesh Tailor)
919879990198,Falguni Madam ( Direct)
919978909186,Falguni Parmar Direct
918141336895,Falguni Patel (Brk Gaurav Patel)
919408335435,Falguni Raval (Brk Prakash)
917022736150,Falguni Yadav
917211119687,Farook Shaikh (News)
919328074033,Faruk Vasania Brk Viresh Thakkar
919586703544,Fateh Gamil (Direct)
918591199141,Fb
917984866755,Fb Inquiry
918866809066,Fedrik Patel (Direct)
919909887721,Femi Modi
919662418238,Fen Dalal
917433939857,Fenali Patel
918200977535,Fenil Charkhawala Direct
919909125881,Fenil Chauhan
919726940004,Fenil Christijan Direct
919106940081,Fenil Cyclewala
919913077884,Fenil Gandhi
919913449002,Fenil Gandhi Direct
918866397896,Fenil Ghadiyali
919727324554,Fenil Gheewala
918401042486,Fenil Gilitwala
919099361160,Fenil Patel
919825138424,Fenil Seth Chandrakant Solanki
918657749336,Fenil Shah
919978099757,Ferrin Kelawala (Direct)
919624720206,Firdosh Bhai Direct
918320654805,Firoj Vegdani Brk
919998220330,Foram Thakkar G. villas
917573024140,Foram Vaniawala (BRK Chandrakant Solanki)
919960704857,Force 11
919723314222,FORCE-11 Security service
919909902006,Francis Vimal (Direct)
919974114849,Freny Zumkhawala (Direct)
919879545929,Frp Dharmesh Bhai
919909911165,Furniture Concept
919537872887,Futermal (Direct)
919425761605,G p Dabhi
919824789221,G. b Godhani Direct
919427587844,G. N Patel Direct
919726906116,Gadhavi
919825115680,Gagaji Kaka
919825910331,Gagaji Raval (Direct)
918591268994,Gagan Arora Direct
917982968294,Gagan Singh
918279777451,Gagansingh (Direct)
919925523280,Gajanand Bhaople Direct
919722896263,Gajanand More
919722896264,Gajanand More Brk Vijay More
918074825349,Gajendra Bhai
919879742245,Gajendra Girase Direct
919825056842,Gajendra Sinh Barot (Direct)
919879101970,Gajendra Sinha
918160589810,Gajendrabhai (BRK Chiragbhai Shayona)
919909901602,Gama Devangan Direct
919925351851,Gambhir Kherdiya Direct
919879855418,Gambhirsinh Solanki (Direct)
919326293246,Gamit Paniyel
919979795777,Gandhi Nagar
918264295583,Ganesh Bhai (Direct)
918141452911,Ganesh Bhai Brk Kunal Barot
919033351515,Ganesh Bhai Sen Direct
919714244241,Ganesh Desai ( Direct)
919374726967,Ganesh Gajjar
919426137394,Ganesh Gopani Direct
919979991766,Ganesh Jadhav
916353727827,Ganesh Jadhav (Insta)
918460286331,Ganesh Kadam
919974234742,Ganesh Kalgude Brk Kiran Jalaram
919228221994,Ganesh Pelkar Direct
919998232303,Ganesh Rathod
916353750109,Ganga Mistri
919662931788,Ganpat Chawda(Direct)
919426824455,Ganpat Sarvaiya ( Direct)
919328234455,Gatumbhai Mehta (Direct)
918866086650,Gaurag Parmar Brk Rajesh Gajjar
917874059744,Gaurang Bhai Direct
919913703713,Gaurang Bhai Direct
919723307112,Gaurang Bhai( Direct)
919825278177,Gaurang Desai Brk Tushar Desai
919408926184,Gaurang Gajjar (Direct)
918141148393,Gaurang Maisuriya
919726014707,Gaurang Monpara Direct
919727145999,Gaurang Nare Direct
919427473083,Gaurang Pandiya
918849332516,Gaurang Parekh
919376824525,Gaurang Parikh (Direct)
919913506318,Gaurang Patel
919825894362,Gaurang Patel (Brk Chandrakant Solanki)
918511777419,Gaurang Rathor (Direct)
919879290661,Gaurang Rawal (Direct)
918866575630,Gaurang Shah
919033999345,Gaurang Shah (BRK Ajay T Patel)
919004043075,Gaurang Shah (Brk Dipak Dariyani)
919428074031,Gaurang Thakkar
919428074021,Gaurang Thakkar (Brk Shailesh Thakkar)
919033413052,Gaurang Vare (Rupesh Johan)
919227444490,Gaurang Vyas (Direct)
919987616557,Gaurangbhai (Direct)
919879102165,Gaurangbhai Gor (BRK Pinkesh Chahwala)
919924577448,Gaurangbhai Master (BRK Kamlesh Javiya)
919998710609,Gaurangbhai Rana (Direct)
919925124999,Gaurav (Insta)
919879102114,Gaurav Aoni Direct
919428732080,Gaurav Bhai
917878119999,Gaurav Bhai
919099790748,Gaurav Bhai (Direct)
919726137586,Gaurav Bhai Calling Direct
917567077833,Gaurav Bhai Clean
917874006691,Gaurav Bidave
918200834267,Gaurav Borana Fb
919978562676,Gaurav Chaudhary
919723781758,Gaurav Chauhan (Direct)
919979856922,Gaurav Dahodwala (Vardhman)
919408330769,Gaurav Gupta (Brk Kamlesh Javiya)
918347813534,Gaurav Jain Direct
919898772376,Gaurav Jani (Direct)
919898772374,Gaurav Jani (Direct)
919979579928,Gaurav Kapadiya (Direct)
919327401899,Gaurav Khurana Direct
917845278978,Gaurav Kumar
917750977916,Gaurav Kumar (brk Dipak Dariyani)
919925519988,Gaurav Langadiya Direct
919998923261,Gaurav Mandaliya
919823562550,Gaurav Masnu Direct
919016266189,Gaurav Panchal (Brk Chandrakant Solanki)
919687474396,Gaurav Pandey
919586869595,Gaurav Parmar
918460426150,Gaurav Patel
919427971423,Gaurav Patel
919825173997,Gaurav Patel
918980070011,Gaurav Patel
918450927764,Gaurav Patel (Direct)
918866225840,Gaurav Prajapati (Brk Dipak Dariyani)
919925212871,Gaurav Raval (Direct)
919157319922,Gaurav Shah (Direct)
919726137596,Gaurav Singh
918551017433,Gaurav Sinh Chauhan
918955798676,Gaurav Soni (Brk Munna Jalaram)
919664527197,Gaurav Soni Brk Jitu Modi
919725190740,Gaurav Vani
919727756996,Gauravbhai L&T (BRK Kamlesh Javiya)
918128679554,Gauravbhai Siddhpuria (Direct)
919727719121,Gauravbhai Solanki (BRK Pinkeshbhai Chahwala)
917990435624,Gauravbhai Solanki (Direct)
919898844359,Gauravbhai Soni (BRK Ajaybhai Jalaram)
918980380492,Gauravmehra
919737323375,Gauravv DIRECT
919909278069,Gauri Pansuriya Direct
917698758481,Gautam Gohil
919913191451,Gautam Pancholi
919714992283,Gautam Patel Direct
917211110181,Gautam Patel Direct
919712033083,Gautam Pradhan G. villas
919879134768,Gautam Purohit Direct
919909158384,Gautam Raval (Direct)
918320849949,Gautam Sandish
919909903333,Gautam Shah
919824060282,Gautam Shah( Direct)
919825412241,Gautam Sikh (BRK Mehul Kapadia)
919726344525,Gautam Somani Direct
919998540205,Gautam Wagh (BRK Chandrakant Solanki)
919823823060,Gautambhai jathi
919558576806,Gautambhai Prajapati (BRK Vipul Vipul Patel)
919313311937,Gautambhai Shikh (BRK Mehulbhai)
919825826392,Gautambhai Vagh ( brk Chandrakant Solanki)
919374739492,Gayatri Soni
919033830188,Gazad Zabar Direct
919974214011,Geeta Ben Dave (Insta)
919376242000,Geeta Ben Direct
919925189966,Geeta Ben G. villas
919978465880,Geeta Chauhan (Direct)
919825809633,Geeta Makwana Brk Rupesh Jadhav
919924359359,Geeta Patel Brk Vipul Patel
919377132296,Geeta Rathod
4915129055858,Germany G. villas
917071977738,Ghanshyam
919979076662,Ghanshyam
919913099908,Ghanshyam (Brk Deepak Dariyani)
919374739724,Ghanshyam Agrawal (Direct)
919377722617,Ghanshyam Bandhara(Direct)
919901508282,Ghanshyam Bhai
919879603332,Ghanshyam Bhai (Direct)
919879103115,Ghanshyam Bhai AMNS
919824720914,Ghanshyam Bhai Brk Rupesh Jadhav
919898424024,Ghanshyam Bhai Brk Rupesh Jadhav
917041977738,Ghanshyam Bhai Direct
919558813071,Ghanshyam Bhai Direct
919673690888,Ghanshyam Chauhan
919924197962,Ghanshyam Chawda
919904986282,Ghanshyam Gadiya (Direct)
97431615328,Ghanshyam Gdhali
918000758283,Ghanshyam Goti (BRK Sunilbhai)
919016312612,Ghanshyam Khambhadiya (Direct)
918511819450,Ghanshyam Lathiya (Dixit Bhai)
919824179530,Ghanshyam Makwana ( Brk Deepak Dariyani)
917600352300,Ghanshyam Mistry (Direct)
917984252608,Ghanshyam Parekh
918141401032,Ghanshyam Parmar Direct
919998462626,Ghanshyam Pastagiya (Brk Rajesh Gajjar)
919824345711,Ghanshyam Patel
919925386888,Ghanshyam Patel (Brk Chandrakant Solanki)
919898206043,Ghanshyam Patel (BRK Ronak Patel)
919874686869,Ghanshyam singh
919106133611,Ghanshyam Singh (Direct)
919925239107,Ghanshyam Soni G. villas
919426101703,Ghanshyam Sutariya (Direct)
919898234561,Ghanshyam Tailor
917043842216,Ghanshyam Tank (Direct)
917874207525,Ghanshyam Tarsariya Direct
919879865343,Ghanshyambhai Kakadiya (BRK Hardik Jethva)
919925243776,Ghanshyambhai Ladumore (BRK Kamleshbhai)
919913531717,Ghantiwala Dharmesh G. villas
919998218375,Giga Bhai Vadhel Brk Dinesh Bhai
919408261329,Giradhan Bhadarka Brk Hardik Jethwa
919320388503,Girish Bhai
918320388503,Girish Bhai
919426864197,Girish Bhai (Direct)
919113091744,Girish Bhai (Direct)
919879071691,Girish Bhai (Direct)
919904419045,Girish Desai
919427111832,Girish Desai(Direct)
919376973458,Girish Gheewala (JPG Consultancy) (Direct)
919727695951,Girish Jariwala Direct
918980010357,Girish Kanthariya (Brk Chandrakant Solanki)
919033990321,Girish Likhie
919427637505,Girish Makwan Institution of Electronics and Telecommunication Engineers (Direct)
917990560320,Girish Mistri (Brk Bhavin Chahwala)
919909386900,Girish Nair ( Direct)
919898883255,Girish Ninama (Direct)
919824196938,Girish Panchal
917778853979,Girish Parekh
919825543656,Girish Parmar (brk Pinal BarfiWala)
919825923539,Girish Parmar Direct
919825159347,Girish Patel
919879905651,Girish Pathani Electric
917016706639,Girish Prajapati
919909092204,Girish Prajapati Direct
919664557022,Girish Sailor Brk Fenil Thakkar
919879178855,Girish Shrivastav (Brk Ajay Wakawala)
919313330746,Girish Sosa
918141837983,Girish Surti Direct
918856909724,Girish Talreja G. villas
919426746523,Girish Vora(BRK Chandrakant Solanki)
919737695951,Girishbhai Jariwala G. villas
919825026507,Girishbhai Pandya(Direct)
919998220512,Girishbhai Prajapati (Brk Chandrakant Solanki)
919925821924,Girishbhai Ravaliya (BRK Sunilbhai Jalaram)
919714282100,Girishbhai Surti (BRK Chandrakant Solanki)
916353607051,Girishbhai Vora (BRK Chandrakant Solanki)
919724500261,Girishkumar Patel (BRK Pinkeshbhai Chahwala)
919898911562,Gochang Patel (Direct)
919033664437,Godisgreat Gold-e G. villas
917069192758,Gokul Patel
919537164771,Gokulbhai Patil (Direct)
16476465766,Gold (Insta)
919429465509,Gopal Amipra
919913328036,Gopal Bhai (BRK Gordhanbhai)
919638268186,Gopal Ingre
919879767277,Gopal M. Parmar (Direct)
918264418804,Gopal Makwana
919908140292,Gopal Mali Direct
919624604203,Gopal Mandaliya (Insta)
918160755110,Gopal Nayak
919825726762,Gopal Panchigar (Direct)
919723834344,Gopal Patel
919879140205,Gopal Prajapati Brk Sudhir Prajapati
919824056240,Gopal Shah
919925825231,Gopal Shah Direct
919313363695,Gopal Vadhel
919825361081,Gopalji Pujari (Direct)
919825447758,Gopi Lal Joshi (Direct)
919724049152,Gordhan Abala (Direct)
919724749152,Gordhanbhai (Direct)
917984412234,Gordhanbhai Kamavat (BRK Hardik Jethva)
919601867400,Gori Shankar
919426920945,Govardhan Nayani
919825638471,Govind Ambaliya (Ajay Bhai Paanwala)
919825231313,Govind Bhungdiya
919825355419,Govind Khatik (Direct)
919825253884,Govind Luhar Direct
918777811204,Govind Nakum Direct
918980374013,Govind Patel
919979489088,Govind Patel
919898985751,Govind Patel Brk Pinkesh Chahwaha
919624795955,Govindbhai (BRK Kamlesh Javiya)
919879102117,Govindbhai Kathiya(Direct)
919375758417,Govindbhai Modi (Direct)
919924384867,Govindbhai Patel (BRK Sandip Patel)
919316556214,Group Media Direct
917859854605,Gruhum G. villas
919825005574,Guatam Rathod
919714884760,Gujarat Service
919893409792,Gujendra Singh (Direct)
919104538145,Gulab Bhai Kalwani Direct
919925822022,Gulas Patel
919904001266,Gulsan Bhai (Direct)
918401320000,Gulshan Sachdeva G. villas
918200003579,Gunavatbhai Bhojak (Direct)
919879785126,Gunjan Bhai L L Shah
919099251011,Gunjan Patel (Brk Deepak Dariyani)
919737371615,Gunjan Rathod (Brk Shailesh Thakkar)
919924583995,Gunvant Modi (Brk Ashwin)
918141350600,Gunvant Parmar Direct
918866071884,Gunvant Zinwala (Direct)
916356758602,Gurprit Singh
919879073752,Gurudayal Patel (Direct)
919427689232,Gyan Chandra
918866649319,Gyanchand Sharma Brk Jalaram Kiran
917226012187,Gyansing Parmar
919712508273,H B Patel
919998989240,H R Desai(Direct)
917984354502,H T
919825171034,H V Mistry
918128986410,H. M Jambukiya Direct
919638191185,H.A Lad (Brk Hardik Vaidya)
919998218405,H.K Patel (Direct)
919157071251,H.K Singh (Direct)
919909901155,Hai Sarkar (Builder)
918160670993,Haidar Shekh
919227951980,Hani Theta Direct
919537294443,Hanish Solanki
919979638260,Hansa Patel (Brk Chandrakant Solanki)
919879103984,Hansal Thakar (Essar) (Direct)
919826265902,Hansamukh Sarang Direct
919925090739,Hanshraj Singh
919825726442,Hansraj Solanki
919979529500,Hapani Vijay Surat
919924564797,Happy birthday my mom
918199833093,Happy Brokr
919033202120,HAPPY HOME
919173418270,Happy Kanani Direct
919106079940,Happy Mogera Direct
917041121442,Harat Joshi
916354141146,Hardik Ahir Direct
918306784794,Hardik Bhai
919898043775,Hardik Bhai
919081184111,Hardik Bhai ( Direct)
919664653165,Hardik Bhai (Direct)
919537188014,Hardik Bhai Direct
919974338308,Hardik Bhai Pachighqr Direct
917600012104,Hardik Bhata
919428743329,Hardik Birsiya (Direct)
919904910866,Hardik Buddhadev G. villas
919715765239,Hardik Chaudhary
917600039150,Hardik Chaudhary (Direct)
917984970996,Hardik Chauhan
918849160156,Hardik Chauhan ( Direct)
919737043006,Hardik Chawda Direct
917600020543,Hardik Chokshi Direct
918424063306,Hardik Dal
919833025217,Hardik Davra
919033418132,Hardik Desai (Brk Ashok Thakkar)
919033748531,Hardik Gheewala Direct
919979947966,Hardik Gohil Brk Dharmesh Sayona
919662297881,Hardik Gohil Direct
919023792337,Hardik Jani (Direct)
919510108496,Hardik Jariwala
919427711406,Hardik Jariwala (Direct)
918980376611,Hardik Joshi (BRK Chandrakant Solanki)
918733966504,Hardik Joshi (Dmart)
919909901351,Hardik Joshi Direct
919033955455,Hardik Kalathiya (Direct)
919016799009,Hardik Kansara
919033717443,Hardik Kansara
919879328333,Hardik Kayasth
919033747423,Hardik Keriwala (Direct)
919512272153,Hardik Khairnar
917383777444,Hardik Kothare( Direct)
919726105007,Hardik Maisuriya Direct
918140088288,Hardik Makwana
919512001679,Hardik Mali (Vijay Changulani)
919825056780,Hardik Merai
916354388986,Hardik Mistry
919586161951,Hardik Mistry (Direct)
917778055749,Hardik Palawala
919033069799,Hardik Panchal
916358024852,Hardik Parmar
919265731777,Hardik Parmar Brk Chandrakant Solanki
919974301818,Hardik Patel
919712397741,Hardik Patel
919924167779,Hardik Patel (Direct)
919909902887,Hardik Patel (Direct)
917779086771,Hardik Patel (Direct)
918849253666,Hardik Patel (Direct)
917016273043,Hardik Patel (Direct)
918200502528,Hardik Patel (Fenil Thakkar)
919173384355,Hardik Patel Direct
917990774932,Hardik Patel Direct
919714597272,Hardik Patel Direct
919624777900,Hardik Rajgor (Direct)
919886614013,Hardik Rupareliya
919925607640,Hardik Sailar
919714199959,Hardik Sha
919909791290,Hardik Sha
919907944406,"Hardik Shah ,(Direct)"
919904944406,"Hardik Shah ,(Direct)"
919930574748,"Hardik Shah ,(Direct)"
919819403408,Hardik Shah Brk Sidharth Thakkar
917698375971,Hardik Shah Direct
919925007146,Hardik Sharma (Direct)
919427780132,Hardik Shukla (BRK Ojas Parekh)
919824363771,Hardik Shukla Direct
917861078768,Hardik Soneji Direct
918460144574,Hardik Soneriya (Direct)
919426288440,hardik Sukla Direct
919879101213,Hardik Tailor
919898606110,Hardik Tailor Direct
919898609110,Hardik Tailor Direct
917990688864,Hardik Thakkar
919638640876,Hardik Thakkar (Direct)
919925235623,Hardik Vaghela (Brk Dipak Dariyani)
919429559286,Hardik Varu (Direct)
916357078166,Hardikbhai Chavda (BRK Pinkeshbhai Chahwala)
919722510802,Hardikbhai Patel (BRK Fenil Thakkar)
919712015903,Hare Krishna G. villas
917405173235,Hareen Desai
919824110727,Haren Parekh (Direct)
918141336024,Harenbhai Tailor (Direct)
917405077240,Harendra Bhai Direct
919909957508,Harendra It Jana Bank
919434223979,Harendra Singh (Direct)
919879090310,Harendra Singh Chauhan (News)
919825676300,Haresh Ailani (Direct)
918828327271,Haresh Ambaliya (Direct)
919998969679,Haresh Bhsi
918141401901,Haresh Chavda
919913666235,Haresh Chavda
919375891153,Haresh Desai G. villas
919913078410,Haresh Harsora (Direct)
919427753531,Haresh Kantharia
919825968502,Haresh Kothiya
919974707653,Haresh Kumar
919824054348,Haresh Mandora (Direct)
919974177703,Haresh Mistry
918141415002,Haresh Mordiya Brk Manthan Shah Perfect Deal
919824222744,Haresh Navadiya G. villas
919328047063,Haresh Panchal Direct
919998781805,Haresh Pandav
919824214733,Haresh Patel ( Direct)
918000058709,Haresh Patel (Direct)
919723667705,Haresh Patel Direct
917567030620,Haresh Patelb
919898127511,Haresh Prajapati
919879582182,Haresh Prajapati Direct
919429988636,Haresh sandesha ( Brk Chandrakant Sholanki)
919374706678,Haresh Shah Direct
919825658640,Haresh Vaghela
919909789961,Haresh Vora
919825378206,Hareshbhai Bhatt (Direct)
919374713189,Hareshbhai Dalal (BRK Sunilbhai)
919925243761,Hareshbhai Damani (BRK Chandrakant Solanki)
917272000723,Hareshbhai Kubavar(Brk Deepak Daryani)
918200804491,Hareshbhai Pipaliya(Direct)
919825347254,Hareshbhai Savani (BRK Chandrakant Solanki)
919840753955,Hari Gopal Kashyap
919723372690,Hari Kishan Panchal Direct
919913328333,Hari Vardhan
919429898026,Haridarshan Rathod (Direct)
918160284104,Haridk Chauhan (BRK Bhavinbhai Chahwala)
919687603958,Harihar Sharma Direct
916355861023,Harikant Bhai (Direct)
919811394409,Harikesh Giri
919408251103,Harikrushnabhai Aatiwala (BRK Pinkeshbhai Chahwala)
919909969338,Harilal
916359090077,Harindar Oberoi (Direct)
919727412121,Hariom (Direct)
919106321431,Hariom Sharma Direct
918469512165,Harish (News)
919429118211,Harish Basrani Direct
919979850105,Harish Bathwar (Direct)
919979988787,Harish Bhai (Direct)
919825128269,Harish Bhai (Direct)
919825682162,Harish Bhai (Direct)
919825324542,Harish Bhoj
918758145706,Harish Choksi Direct
918141650287,Harish Dembla (Insta)
919824480496,Harish Gajjar
919909435396,Harish Galchar
918758110093,Harish Giri Direct
919974298999,Harish Gohil Brk Piyush Tank
919925769976,Harish Kantariya G. villas
919904952963,Harish Lakdawala
918000666157,Harish Lohana (Brk Ravi Butwani)
917096190714,Harish Miyatra (Direct)
919909033444,Harish More
919909110814,Harish Nayak
919173118502,Harish Parekh
919825898632,Harish Patel
919374531132,Harish Patel (Brk Hardik Jethwa)
919898022072,Harish Patel (Direct)
919825118688,Harish Pisolakar Direct
919904319500,Harish Rathod (Direct)
919276826776,Harish Solanki Direct
919427120639,Harish Solanki Direct
919904967067,Harish Tailor
919374512828,Harish Tiwari (Direct)
919662763193,Harish Yadav
919824258803,Harishbhai chauhan ( BRK chandrakant Solanki)
917229035747,Harishbhai Parmar (Direct
919409347590,Harishbhai Paswala (Direct)
919825142887,Harishbhai Patel (Bharatbhai)
919913276775,Harishbhai Patel (BRK Kamlesh Javia)
919913750641,Harishbhai Patel (Direct)
919427504975,Harishbhai Rathod (BRL Ashosk Thakkar)
917984960066,Harishbhai Sevalia (BRK Hiteshbhai Magajvala)
919723468447,Harishbhai Tilwani(Brk Jalaram Estate)
919426777649,Harivadan Master (BRK Jatinbhai Lalawala)
917698888189,Harmin Patel
918469079022,Harnish Gajjar
919978962982,Harnish Shah (Direct)
919909900952,Harpal Singh
919879581289,Harpal Singh Rana (Fb)
918160859602,Harpit Avashati (Direct)
918511104230,Harsad Bhai Rana(Direct)
919909904005,Harsad Padhihar
919998099294,Harsh
918320158084,Harsh
917506693375,Harsh Anazwala Brk Bhavin Chahwala
918320419943,Harsh Barot
919265704319,Harsh Bhai (Direct)
919016543020,Harsh Bhai (Direct)
919979214000,Harsh Bhai Brk Saurabh Saxena
918511417185,Harsh Bhai Direct
917041015795,Harsh Bhai Direct
918866614603,Harsh Brahmbhatt (Direct)
919904069944,Harsh Brambhatt Direct
919408617004,Harsh Changani Direct
918000428338,Harsh Devganiya G. villas
917984939087,Harsh Engineer (Brk Shailesh Thakkar)
917016129828,Harsh Gajjar Direct
919723208140,Harsh Jariwal Chandrakant Solanki
918735935202,Harsh Joshi
918401337033,Harsh Joshi Direct
919898417891,Harsh Lodaliya Direct
917405497216,Harsh Mistry (Direct)
918980133500,Harsh Naila Direct
919099306761,Harsh Olpadi
919033790368,Harsh Patadiya Direct
918238287900,Harsh Patel
918485988416,Harsh Patel
917567782991,Harsh Patel
918469660919,Harsh Patel
917285055512,Harsh Patel Direct
919099185744,Harsh Patel Direct
918200612454,Harsh Patel Direct
918866647222,Harsh Pathak
918200476912,Harsh Pathak (Direct)
918238889451,Harsh Pawar
918469477974,Harsh Prajapti
918320230205,Harsh Rathod (Direct)
919909010833,Harsh Shah (Chandrakant Solanki)
918140534534,Harsh Solanki
919173096726,Harsh Sonawala
919099344656,Harsh Trivedi
919925050345,Harsh Viras (Direct)
919586060060,Harsh Vya
919824116569,Harsh Vyas
919924371171,Harsha Bodiwala Direct
919624455535,Harsha Mehta Direct
918140350910,Harsha Padvi
919535769019,Harsha Soni (Direct)
919825766284,Harsha Unarkat Direct
919825183038,Harshad Bhai
918000616343,Harshad Bhai
917600934275,Harshad Bhai (Direct)
919327573432,Harshad Bhai Direct
919825387495,Harshad Chauhan Direct
917623837410,Harshad Gajjar F196 (Direct)
917043348562,Harshad Goshwami Direct
917567424643,Harshad Jadhav Direct
919227427785,Harshad Jariwala G. villas
919724336840,Harshad Karode (Direct)
917984057687,Harshad Kharodia (Brk Chandrakant Solanki)
919913622025,Harshad Maisuriya
919987284338,Harshad Makwana
919099282739,Harshad Maniyar(Brk Deepak Daryani)
919429091301,Harshad Modi Direct
919924132680,Harshad Patel
919925504171,Harshad Patel
919825449543,Harshad Patel Direct
918866555276,Harshad Rathor
919909851502,Harshad Sanghani (Brk Deepak Dariyani)
917359963047,Harshad Shah
919503458013,Harshad Shah
919712097805,Harshad Sindhav (Direct)
916359909936,Harshad Sindnay Direct
916355689921,Harshad Solanki (Insta)
919879174765,Harshad Surti Direct
918460893207,Harshad Vajani Direct
919925594062,Harshadbhai Chauhan (Direct)
917698863474,Harshadbhai Patel (Direct)
919879256749,Harshadbhai Patel (Direct))
919879753655,Harshal Dang
917874040565,Harshal Gagnani (Brk Dipak Dariyani)
918200798607,Harshal Joshi
919898353334,Harshal Joshi (Brk Devang Bhai)
919898313334,Harshal Joshi (Direct)
919978390957,Harshal Joshi (Direct)
919924388975,Harshal Marodiya
919406805302,Harshal Parmar (Brk Dipak Dariyani)
919879296678,Harshal Patel
917046410228,Harshal Patel (Direct)
919898555721,Harshal Shah (Direct)
918866557088,Harshal Sindhe
919825555350,Harshal Tanawala (Direct)
919023503260,Harshal Vaishnav
919724412326,Harshal Vaishnav
919054808950,Harshbhai Ganeshwala Direct
919586635009,Harshbhai Panwala
919825232271,Harshbhai Patel (Direct)
919690041711,Harshid Bhai
917016303785,Harshil Dave (Direct)
919510921469,Harshil Desai G. villas
917043106017,Harshil Limbachiya
918866800545,Harshil Patel
918377078592,Harshit Kumar
919998383545,Harshit Pandey (Direct)
918200631341,Harshit Rajput (Direct)
919726025087,Harshit Surti
919426185250,Harshitbhai Shah (BRK Jay Jariwala)
919537539298,Harshkhbhai Kanani
919723695588,Harvardhan Gadhavi
918128144708,Harvijay Singh Parmar Direct
919076464643,Hashmukh
918780053068,Hashmukh Bhai
919879885744,Hashmukh Bhai
919879297761,Hashmukh Bhai (Direct)
919879252025,Hashmukh Oatel
917045384684,Hasmukh Bhai
919824937107,Hasmukh Bhai Direct
919909058293,Hasmukh Bhai Direct
919099444010,Hasmukh Bhai Direct
919879034167,Hasmukh Bhai Zinjala
919998277812,Hasmukh Gajjar (Direct)
918866619052,Hasmukh Kondalkar Brk Rupesh Jadhav
919925856444,Hasmukh Parkhi (Direct)
919825279414,Hasmukh Patel Direct
919327331336,Hasmukh Patell
919428155425,Hasmukh Prajapati
919824150626,Hasmukh Rawal Direct
919925881051,Hasmukh Savaliya
919978910036,Hasmukh Sharma Direct
919322341479,Hasmukh Thakkar G. villas
919824116657,Hasmukh Vasoya (Direct)
919925296375,Hasmukh Veluk
918000238736,Hasmukhbhai Parghi
919909255439,Hasmukhbhai Patel (BRK Chandrakant Solanki)
919979984156,Hasmukhbhai Prajapati (BRK Bhavin Chahwala)
919824195182,Hasmukhbhai Prajapati (BRK Rakeshbhai)
919825958877,Hasti Smart
917304510683,Hatim Haveliwala (Direct)
919537117118,Heena
916351254354,Heena Bhatt
919712349771,Heena C. Mehta
919824136432,Heena Desai (Insta)
919099801110,Heena Joshi ( Direct)
917990643102,Heena Joshi G. villas
919428394922,Heena Kotak
917779021103,Heena Yadav Direct
919099056854,Hem Dev Direct
918141686848,Hema Goswami (Direct)
919724301576,Hema Joshi
919033230921,Hema Mehta Direct
918000736082,Hema Sing ( Brk Deepak Dariyani)
919327368244,Hemaben Icecreamwala (Direct)
919408928247,Hemaben Manilal Patel (Direct)
919925028006,Hemal Bandara Direct
918460448473,Hemal Chauhan
919033252005,Hemal Kachiwala(Brk Chandrakant Solanki)
919998221156,Hemal Lakdawala Direct
919327107600,Hemal Panwala(Brk Deepak Dariyani)
919712900180,Hemalbhai Naik (Direct)
919979892146,Hemali Bhavesh Dastanwala (BRK Mehul Jalaram)
917874445874,Hemali Petigara
919825335234,Hemallbhai Painter(Brk Dipak Dariyani)
919879746535,Heman Bhai Direct
919328877711,Heman Patel (Brk Ashwin Virass)
918980951889,Heman Patel Direct
919558200045,Hemanat Babariya (Direct)
919898041861,Hemang Amin
919824797452,Hemang Bhai
919925211401,Hemang Desai (Direct)
919004348881,Hemang Parmar
919137572066,Hemangani Amitabh (Direct)
919099443663,Hemangi Mevawala (Chandrakant Solanki)
918777023063,Hemangini Bhagat (Brk Dharmesh Jethva)
919978641776,Hemani Joshi (News)
919099995530,Hemanshu Bhaai(Direct)
919979981396,Hemanshu Chauhan
918128992548,Hemanshu Modi Direct
919909916727,Hemanshu Patel (Direct)
917990940003,Hemant A Mistry (BRK Pinkesh Chahwala)
919820669957,Hemant B G. villas
918000709870,Hemant Bhai
919099455155,Hemant Bhai
919173079266,Hemant Bhai
918000521955,Hemant Bhai
919825150710,Hemant Bhai (Brk Chandrakant Solanki)
918511554847,Hemant Bhai (Direct)
919824181145,Hemant Bhai Direct
919426132042,Hemant Bhai Online Inquiry
919925417218,Hemant Chauhan (Brk Chandrakant Solanki)
919724230589,Hemant Gajjar / Jitendra Mistry (Direct)
919374712621,Hemant Gandhi
917016048462,Hemant Gohil (Olx)
919898977298,Hemant Jariwala (Insta)
919898916516,Hemant Jariwala Direct
919376870416,Hemant Jariwala Direct
919909027275,Hemant Kapadia Direct
919890333748,Hemant Keshvani Brk Vishal Advani
919898333748,Hemant Keshvani Brk Vishal Advani
918200358656,Hemant Khalasi
919428519103,Hemant Khaptawala Direct
919998310198,Hemant Maisuriya (Direct)
919427891909,Hemant Morkar Brk Vipul Patel
919040097702,Hemant Paditar (Direct)
919824475769,Hemant Panchal (Direct)
919909906010,Hemant Panwala
917016921192,Hemant Parmar
919979983839,Hemant Patel
919925347778,Hemant Patel
919714867596,Hemant Patel
919879746398,Hemant Patel (Brk Chandrakant Solanki)
919825698592,Hemant Patel (BRK Kaushik Jalaram)
919998197475,Hemant Patel (Direct)
919879321588,Hemant Patel (Direct)
919879147779,Hemant Patel Brk Dinesh Patel
919558566363,Hemant Patel Direct
919979617736,Hemant Patel Direct
919924904158,Hemant Patel Direct
919998219065,Hemant Prajapati (Shailesh Thakkar)
919825522184,Hemant Presswala Direct
919909244379,Hemant Rana Direct
919374715848,Hemant Rana Direct
919426559390,Hemant Shah Direct
916353108677,Hemant Shah(Direct)
919838360991,Hemant Singh Direct
919033765399,Hemant Solanki ( Direct)
919925679082,Hemant Solanki Direct
919574462444,Hemant Vasara
919824977727,Hemant Waghode (Brk Rupesh Jadhav)
919825505350,Hemantbhai Chauhan (BRK Chandrakant Solanki)
916355133969,Hemantbhai Kanpvola(BRK Ashokbhai Thakkar)
919726516549,Hemantbhai Koshti (Direct)
919825726940,Hemantbhai Patel (Direct)
919824773777,Hemantbhai Shah (Direct)
917069102124,Hemantbhai Suva (Direct)
919099099069,Hemantkumar Patel (Direct)
919033019320,Hemendra
919825800355,Hemendra Jain Direct
919274861174,Hemendra Patel
919879842211,Hemesh Modi
919824106073,Hemesh Vyas (Direct)
919825060745,Hemil Patel Direct
919687436663,Hemin Mevawala( Direct)
916351143180,Hemin Patel Direct
919978924235,Hemin Upadhyay
919328663042,Hemish Nandirwala (Brk Deepak Dariyani)
919909627608,Hemish Patel Direct
916354907448,Hemishabhai Vyas
919904344729,Hemlata Joshi
919023298702,Hemlata Prajapati G. villas
919825148096,Hemnat Bhai
919662536009,Hemqnt Maratha
919825906650,Hemraj Chaudhary (Direct)
919374237705,Hemraj Hain
918866688191,Hemraj Pawar Direct
919624982991,Hemraj Thakur London
917984933960,Hemu George Christian G. villas
919624760079,Henal Bardoliwala (Direct)
919725465659,Henij Bhai (Direct)
917227040654,Henil Modi
919712908394,Henish Mistry Direct
919909851555,Heren Majithia Direct
919033207114,Herin Oarekh Direct
918160548588,Heris Kabrawala (Direct)
919726619558,Herish Icecream Wala Karington Rivenda
919099000631,Herry Patel
919898883031,Hetal Champaneria (Direct)
919879593222,Hetal Direct
919723505385,Hetal Kothari (Direct)
919825446356,Hetal Magarpura Brk Jayesh Jms Property
919879547711,Hetal Modi (Divya Bhaskar)
919909860701,Hetal Panwala (Direct)
918160141479,Hetal Patel
918141065454,Hetal Patel Direct
918171065454,Hetal Patel Direct
919998709983,Hetal Thakkar (Dmart)
919825177061,Hetal Thakkar (Dmart)
919879618821,Hetal Vyas
61401251289,Hetsav Chauhan Direct
919974258473,Hetu Rathod
919825146702,Hidden Gandhi ( Direct)
919429332095,Him Gohil
919924758579,Himaga Sakalwala (Direct)
919687705509,Himandra Bhatt
919737612577,Himani Patel (Direct)
919727863046,Himani Patel Direct
919924107538,Himanshu Batiya (Direct)
919913781927,Himanshu Bhai
918200405108,Himanshu Bhai
918460127949,Himanshu Bhai (Direct)
918758560011,Himanshu Bhai (Direct)
919909906525,Himanshu Bhai (Direct)
918849414243,Himanshu Bhai Direct
919978955105,Himanshu Bhajiyawala (BRK Pinkeshbhai Chahwala)
919824756322,Himanshu Goshwami Direct
919725291341,Himanshu Goswami Direct
919377514348,Himanshu Jariwala (BRK Vipulbhai Jalaram)
918849652476,Himanshu Jariwala Direct
919824575025,Himanshu Joshi Direct
919276832570,Himanshu Kahar Direct
919909910970,Himanshu Makwana
919227139873,Himanshu Mehta
919375497000,Himanshu Mistry
919879108387,Himanshu Modi (BRK Nilesh Modi)
919428397025,Himanshu Paarikh (Brk Munna Hardik)
919898818288,Himanshu Panchal (Brk Jatin)
919913700096,Himanshu Parashar (BRK Chandrakant Solanki)
919979502053,Himanshu Parekh Direct
918866616311,Himanshu Parmar Direct
919725455752,Himanshu Patel
919033797400,Himanshu Patel
917698877177,Himanshu Patel (BRK Rakesh Patel)
919974917458,Himanshu Patel (Direct)
919586609222,Himanshu Patel (Direct)
919099337444,Himanshu Patel Direct
918488812626,Himanshu Patel(Brk Deepak Daryani)
919978815302,Himanshu Prajapati
918154087305,Himanshu Prajapati
917065040065,Himanshu Sharma (Abhijeet Parmar Friend)
919898233400,Himanshu Sir School
918469979799,Himanshu Tailor (Direct)
919374727428,Himanshu Thackar
919099717518,Himanshu Ujla Brk Hardik Jethwa
919712031903,Himanshu Vaid (Brk Jatin Sutariya)
919558818921,Himanshu Vayeda G. villas
919099024422,Himanshubhai Dava (BRK Himanshu)
919998291390,Himanshubhai pittalwala (direct)
919913126004,Himansu Teylar ( Dairect)
919825981702,Himant Bhai Patel
919898964809,Himesh (News)
919638268366,Himesh Mandela
917990427892,Himesh Patel
919664866108,Himil Patel
919998670299,Himil Patel Direct
919998032629,Himkar Avasthi
919825832581,Himmat (Direct)
919825444745,Himmat Bhaliya (Direct)
919586399602,Himmat Bhaliya (Direct)
919712648416,Himmat Gopani Direct
919662026456,Himmat Kantaria
919825123019,Himmat Kukdiya Direct
919375653535,Himmatbhai N Bareliya (Direct)
919827787479,Hina Ben
919924363262,Hina Ben Direct
918200270650,Hina Dabhi Direct
919727250203,Hina Kantharia Direct
919824487479,Hina Patel
919106086131,Hina Patel
919825587479,Hina Patel Brk Ojash
919904977720,Hina Rajput Direct
917878677088,Hinal Tailor Brk Jay Jariwala
917874004174,Hira Parmar (News)
918340226705,Hira Thakur Brk Kunal Contractar
918460603215,Hira Vaishnavi Direct
919979615035,Hiral Chauhan
919825125552,Hiral Majmudar (Direct)
919924661905,Hiral Parmar
919033230922,Hiral Patel G. villas
919825262999,Hiralal Patel
919227626497,Hiralbhai Navsariwala (BRK Krishna)
918603108843,Hirdev Yadav
919558819495,Hiren Barodiya (Direct)
919825374590,Hiren Barodiya Brk Jayesh Rathod
919979558850,Hiren Barot (Brk Ashok Thakkar)
919924040072,hiren barot (News)
917069471314,Hiren Bhai
919898090226,Hiren Bhai
918490930941,Hiren Bhai
917573025760,Hiren Bhai ( Direct)
919408344716,Hiren Bhai Nayak Direct
917600191819,Hiren Bhai Trivedi Direct
919979201199,Hiren Bharodiya (Direct)
917016184718,Hiren Bhartiya
919909992778,Hiren Bhatt (Insta)
919664850821,Hiren Chavdhari Direct
919426859108,Hiren Dhodkia(Direct)
918320386631,Hiren Gandhi (News)
919725320607,Hiren Gohil Direct
919228399150,Hiren Jariwala (Direct)
917043615136,Hiren Khatri
919157765444,Hiren Lakhani (Direct)
918866804195,Hiren Maheta
918000928292,Hiren Majithia 2
919913975742,Hiren Majithia Direct
919998583520,Hiren Makdiya
917698320335,Hiren Makwana
917874818486,Hiren Mali (Brk Darshan Pastagiya)
919825262315,Hiren Mawawala (Direct)
917041277533,Hiren Mehta
918000038200,Hiren Mevawala (Brk Chandrakant Solanki)
919974200069,Hiren Mewawala (BRK Chandrakant Solanki)
919427793967,Hiren Mistry
918140093926,Hiren Mistry (Direct)/
919898642445,Hiren Mistry Brk Perfect Deal
919974016511,Hiren Panchal
919909779322,Hiren Panchal Direct
919925673685,Hiren Parekh
919429685987,Hiren Parmar
917878786899,Hiren Parmar (Direct)
917984939977,Hiren Parmar (Direct)
917228088114,Hiren Passwala A. w
917600015093,Hiren Patel
919727740346,Hiren Patel
919998101881,Hiren Patel
919978341400,Hiren Patel
918141697664,Hiren Patel
919722880881,Hiren Patel (Brk Chandrakant)
919428630617,Hiren Patel (Brk)
918460265753,Hiren Patel (Direct)
919824846424,Hiren Patel (Direct)
919879173229,Hiren Patel (Direct)
919033839325,Hiren Patel Brk Hardik Jalaram
919879316858,Hiren Patel G. villas
918320551712,Hiren Patel G. villas
918866693209,Hiren Prajapati
919998173083,Hiren Prajapati (Direct)
919558021491,Hiren Prajapati (Direct)
919428855964,Hiren Rathod (Direct)
919429898020,Hiren Raulji Ongc
919898164555,Hiren Sarang
919510363083,Hiren Savliya
919727755491,Hiren Setgna
917203070900,Hiren Shah (Brk Pinkesh Chahwala )
919898021181,Hiren Sharma
919016536685,Hiren Soni (Direct)
918780979774,Hiren Soni (Directc)
919925555757,Hiren Surti
917405414369,Hiren Tariwala( Brk Sunilbhai Panjabi)
919724170101,Hiren V J
919773776696,Hirenbhai Bhatt (Direct)
919979615212,Hirenbhai Chauhan (Direct)
919879500045,Hirenbhai Jain (Direct)
918469192410,Hirenbhai Jariwala ( BRK Ajay )
919724311230,Hirenbhai Lad (Direct)
919725543045,Hirenbhai Mistry (Direct)
919904000329,Hirenbhai Modi (Direct)
919574705606,Hirenbhai Parmar (Direct)
919925113713,Hirenbhai Patel (BRK Rakeshbhai Jalaram)
919909002988,Hirenbhai Surati (BRK Chiragbhai Jethwa)
917600019732,Hit Bagodiya
919925212007,Hiten Patel G. villas
919825170551,Hitendra Bhai Direct
919879635835,Hitendra Desai Direct
919558810589,Hitendra Gohil (Brk Dipak Dariyani)
919321002205,Hitendra Kariya Brk Jatin Makwana
919898282668,Hitendra Motawala
919727863888,Hitendra Pawar Direct
919879530423,Hitendra Sing Waghela (Direct)
919925437346,Hitendra Singh Chauhan (Brk Chandrakant Solanki)
919898703820,Hitendra Sonkushare
919099726279,Hitendra Surti
919879799319,Hitendrabhai Lotwala (Direct)
919714176437,Hitesh
919099925884,Hitesh (Dmart)
919099831818,Hitesh (G Villa )
918469497546,Hitesh Aariwala
919824552327,Hitesh Advani Brk Fast Deal
919825246923,Hitesh Ahir
919904571428,Hitesh B Patel
919638030868,Hitesh Bhabhor
919619913626,Hitesh Bhai
919824040787,Hitesh Bhai
919726549554,Hitesh Bhai
919228121587,Hitesh Bhai
919662241423,Hitesh Bhai
919769496884,Hitesh Bhai ( Direct)
919238705345,Hitesh Bhai Brk Fharmesh Jethawa
917405301200,Hitesh Bhai Direct
919723823536,Hitesh Bhai Direct
919586613529,Hitesh Bhai Direct
919925190303,Hitesh Boghra(Brk Deepak Dariyani)
919824894989,Hitesh Borsaliwala
919824824095,Hitesh Borsaliwala (Brk Dipak Dariyani)
919925714819,Hitesh C Joshi (Direct)
919426124735,Hitesh Champanera (Brk Hardik Ganesh )
919925909790,Hitesh Chauhan
919825119830,Hitesh Chauhan (Direct)
919714505781,Hitesh Chauhan Direct
916359798799,Hitesh Chawda
919879070789,Hitesh Dalal (Brk Rakesh Tailor)
919328874343,Hitesh Dave Hetro (Dmart)
919967521174,Hitesh Dhameliya
916354336530,Hitesh Dodhiyawala
919825418401,Hitesh Dodhiyawala (Brk Jentikaka PWC)
916351726548,Hitesh G. villas
919824762611,Hitesh Gadhiya Direct
919426854014,Hitesh Gandhi (Direct)
919825600910,Hitesh Gandhi Direct
919898366536,Hitesh Ghoghari (Direct)
919925557776,Hitesh Gohil
919173332976,Hitesh Gohil (Direct)
919909253513,Hitesh Jagirdar
919879590712,Hitesh Jangukia (Direct)
916351838234,Hitesh Jariwala
919904874466,Hitesh Jariwala
919408272122,Hitesh Joshi (Direct)
918454862562,Hitesh Joshi G. villas
919904911169,Hitesh Kakdiya Direct
918866334859,Hitesh Kakdiya Direct
917413031000,Hitesh Kant (L &T Ex Army)
919898579364,Hitesh Kayashta Direct
919377719604,Hitesh Lad
917359779121,Hitesh Lad
919904880126,Hitesh Machi Direct
919067381143,Hitesh Maheswari G. villas
919537480572,Hitesh Maisuria
919825307367,Hitesh Makani Direct
919662665312,Hitesh Makwana Direct
919924532525,Hitesh Malaviya
918980077388,Hitesh Malvi Direct
919825596941,Hitesh Mehta (Direct)
919925241051,Hitesh Mistry
919987388848,Hitesh Mistry
919925161162,Hitesh Mistry ( Direct)
919768507703,Hitesh Modi
916355652612,Hitesh Modi (Direct)
919879103425,Hitesh Nakam (Brk Sonu Thakkar)
919998006216,Hitesh Nirmal (Brk Pinkesh Chawala)
919909506682,Hitesh Oatel Direct
919737272252,Hitesh Panchal
919998617191,Hitesh Pandit Perfect Deal
918826687462,Hitesh Pandit Perfect Deal
919723241616,Hitesh Pandiya (Direct)
919723595731,Hitesh Pandya Direct
919879474078,Hitesh Patel
919824520345,Hitesh Patel
919913725745,Hitesh Patel
919969229610,Hitesh Patel
919925018454,Hitesh Patel ( Direct)
919586304015,Hitesh Patel (Brk Chandrakant Solanki)
917977537625,Hitesh Patel (Brk Chandrakant Solanki)
919979528825,Hitesh Patel (Brk Purvesh Pasuwala )
919998223815,Hitesh Patel (Direct)
919825144613,Hitesh Patel (Direct)
919712764489,Hitesh Patel (Dmart)
916351805717,Hitesh Patel Direct
919426113536,Hitesh Patel Direct
919909355511,Hitesh Patel Direct
917383701448,Hitesh Patel Direct
919825420345,Hitesh Patelwala Direct
917862935978,Hitesh Pol(Direct)
918238190810,Hitesh Prajapati
919979428262,Hitesh Prajapati (direct)
919624949777,Hitesh Prajapati Direct
917778881259,Hitesh Prajapati Selfie Shot
919974752283,Hitesh R Shukla (BRK Vijaybhai Mavawala)
919898863420,Hitesh Rajde (Direct)
919898757558,Hitesh Ramparia Direct
919909245456,Hitesh Shah
919909245156,Hitesh Shah
919825836913,Hitesh Shah
919825242117,Hitesh Shah Direct
919998962332,Hitesh Shah Direct
919727276686,Hitesh Sharma
919974217282,Hitesh Shirkhe Direct
917383773332,Hitesh Solanki
919228355978,Hitesh Solanki Direct
919228355908,Hitesh Solanki Direct
919974272672,Hitesh Soni ( Direct)
917016410761,Hitesh Soni (Direct)
917600710373,Hitesh Soni (Direct)
919879851020,Hitesh Takkar Direct
919427968417,Hitesh Tank (Brk Mahesh Tala)
919879612076,Hitesh Tank (Direct)
919825167716,Hitesh Thakkar (Direct)
919824400053,Hitesh Trivedi Brk Bhavin Chahwala
919898613975,Hitesh Vajuwala Direct
919825427967,Hitesh Wadia
919925003130,Hiteshbhai (Brk Deepak Dariyani)
919687643126,Hiteshbhai (BRK Pinkeshbhai Chahwala)
919104205301,Hiteshbhai Bhatt (Direct)
919768331545,Hiteshbhai Doshi (BRK Kaushik Patel)
919825100921,Hiteshbhai Gatiwala (BRK Ajaypanvala)
919825142334,Hiteshbhai Gediya (BRK Hardik Jethva)
919840119387,Hiteshbhai Jani (BRk Dharmesh Jethva)
919925108240,Hiteshbhai Parmar (Direct)
919624296967,Hiteshbhai Patel (BRK Manish Parikh)
919825387933,Hiteshbhai Prajapati (BRK Pinkesh Chahwala)
919224455470,Hiteshbhai Ramani (BRK Chandrakant Solanki)
919824644689,Hiteshbhai Solanki (Direct)
918758265709,Hiteshbhai Vegad (BRK Munnabhai Thakkar)
919879212504,Hiteshbhau Kahar (BRK Chandrakant Solanki)
918238820813,Hitik Dodiya (BRK Chandrakant Solanki)
917434057157,Home Loan
918200332330,HR Patel (Brk Jms Property)
919870031007,hrudik Shashtri
919067116244,Hshahhs Hahshhs G. villas
919711476147,I N Bansal Cripco
919725958559,Ichchapur Furniture
919879885608,Icici Ankur Dabheliya
919825886589,Idrajit Direct
919825207620,Idrish G. villas
917624034165,Indra Bhulani (BRK Vijay Kareliya )
916353818417,Indra IMANDAR
918799570193,Indra Mehta Brk Kalpesh Bhai
919909180321,Indrabhai Parsad (Manubhai )
919586012194,Indrajeet Bhai (Direct)
918980080491,Indrajit Dube (Direct)
919909945746,Indravadan Patel (Direct)
918200524129,Indravadhan Bhrambhatt Direct
919924899660,Infinix Marketing Preet Shah
918141397287,Inquiry
919827058589,Inquiry
919427544466,Inquiry
919712964454,Inquiry
918200793413,Insta
919067661016,Insta
918780143292,Insta
919825484796,Insta2
919925240607,Iraj Dolatwala
918347102683,Ishaben (Brk Chandrakant Solanki)
919106113441,Ishan Dave
919737790944,Ishan Padya Direct
919099777111,Ishan Patel (Direct)
919426154315,Ishan Shah
919978084867,Ishan Thakkar
919099975481,Ishant Transit
917801982604,Ishika Patel
916352851278,Ishita Ben
916352523890,Ishvar Darji(Deepak Dariyani)
917016832047,Ishvar Mulchandan Direct
917600032315,Ishvar Patel Ankleshwar (Direct)
919979984117,Ishwar Besan Mandap
919727016219,Ishwar Bhai
919825192228,Ishwar Krishnani Direct
919377151113,Ishwar Makwana
919725671110,Ishwar Patel ( Direct)
919974912488,Ishwar Patel Direct
919879393979,Ishwar Patel Direct
919327339131,Ishwar Patel G. villas
919879414238,Ishwarbhai Chavda (BRK Chandrakant Solanki)
919913140356,Ishwarbhai Rabari (BRK Kamlesh Javiya)
919825884793,Ishwarbhai Solanki (BRK Kamlesh Javiya)
919879544307,J d Surti
919825049280,J J Ramanuj (Direct)
916357078194,J K Patel (BRK Vipul Patel)
919426866057,J Kailash Patra
916355500830,J p Khalasi
919427974670,J P Patel
919328354111,J. d Khatri Direct
919904917043,J. modi G. villas
919925371414,J.D Patel
919825757972,J.P Bhatol Direct
919904707251,Jaayesh Solanki
918866546131,Jack G. villas
918401009385,Jacky Bhai
918238205619,Jacky Chelhani (BRK Jatinbhai Jariwala)
919328578724,Jadav Sujal
917975016854,Jadeja (Insta)
918320327335,Jagadeep Singh
919427506928,Jagat S Mehta (Direct)
919904990888,Jagat Soni Brk Vijay Changulani
919879521465,Jagdeepbhai L Patel(Brk Parth Indoria)
919825863028,Jagdipbhai Joshi G. villas
918758989597,Jagdish
919313597918,Jagdish Ahir Direct
919979614660,Jagdish Bhadrod (Insta)
917777962300,Jagdish Bhai
919924725930,Jagdish Bhai (Direct)
919825471134,Jagdish Bhai Direct
919898076932,Jagdish Bhai Janiwala (Direct)
919974380982,Jagdish Bhai Parek Ref. Ashwin Bhai Brk
919978922274,Jagdish Bhai Patel Direct
919998333383,Jagdish Bhai Soni Direct
917863087201,Jagdish Dabhi (Direct)
919879573078,Jagdish Goshwami
919825094941,Jagdish Jariwala (Brk Chandrakant Solanki)
919825093941,Jagdish Jariwala Brk Vijay Jms Property
917878757507,Jagdish Kanurkar (Direct)
919879315113,Jagdish Metro Direct
919909987890,Jagdish Momra Direct
919909435800,Jagdish Pandya Direct
919427633982,Jagdish Patel
919427966043,Jagdish Patel
917043318442,Jagdish Patel
919428214214,Jagdish Patel (Direct)
917600277343,Jagdish Patel (Dmart)
919712924183,Jagdish Patel Brk Fenil Thakkar
919879102628,Jagdish Patel G. villas
919574348221,Jagdish Patil Direct
919824747405,Jagdish Prajapati
919510542077,Jagdish Rana
919925060801,Jagdish Shiyani (Direct)
919737259259,Jagdish Singh Direct
919428676374,Jagdish Thakkar Brk Gaurav Thakkar
919428676371,Jagdish Thakkar Pat
919327362589,Jagdish Vaghela
919157681405,Jagdish Vakawala
919913076631,Jagdish Varotiya Direct
919825032600,Jagdishbhai Bhagat (BRK Smit Thakkar)
919510011688,Jagdishbhai Chauhan(Direct)
919723032732,Jagdishbhai Gediya (BRK Ghanshyam Chavda)
919486864611,Jagdishbhai Parmar (Brk)
919724422407,Jagdishbhai Salvi (BRK Nileshbhai Sai E-state)
919825160934,Jagdishbhai Vaghela (BRK Hiteshbhai)
919925600305,Jagdush Vasava Brk Dharmesh Parmar
917227890710,Jagjitsing (Brk Chandrakant Solanki)
919327284709,Jagnu Parekh
919427472107,Jagpal Sing (Direct)
917202863876,Jagrut Mavani Direct
917383964872,Jagrut Vaghela (Insta)
918980689456,Jagruti Chunawala
919913753587,Jagruti Joshi (BRK Vivekbhai)
917069154846,Jagruti Patel
919879654966,Jagruti Patel (Brk Sandip Bhai)
918200369003,Jagruti Shah
919825182818,Jah Soni
919512225606,Jai Trivedi (BRK Kamlesh Javiya)
919879052685,Jaimin Bhai (Direct)
919978884729,Jaimin Bhai Patel
919925246135,Jaimin Dave
917434007424,Jaimin Gadhavi Direct
918980531142,Jaimin Joshi Direct
919974095282,Jaimin Patel
918320126712,Jaimin Patel (Brk Prakash Nathvani)
916351172835,Jaimin Patel Direct
919510353568,Jaimin Patel Direct
919016137221,Jaimin Patrl
918866500289,Jaimin Rathor
917778900849,Jaimini Ben
919974203855,Jaimini Chauhan (Direct)
919327390631,Jaimini Shukla (BRK Jigish Shah)
919099449379,Jaimis Patel
919714865489,Jainam Bhatia (Direct)
919265555418,Jainam Bhavsar (Direct)
918530285385,Jainam Properties (Brk)
917984273268,Jainam Surti (Direct)
917741807787,Jainesh Dodia G. villas
919227906693,Jainesh Patel Direct
918155066870,Jainesh Rao
919601103376,Jainesh Thakkar ( Chandrakant Solanki)
919913753758,Jainex Tailor
919712752552,Jainik Lakhani Direct
918160190164,Jainil Dave (Direct)
919427632255,Jainil Shah AMNS
919662038320,Jainish Jariwala
917338720753,Jainish Modi (Brk Dipak Dariyani)
918780565769,Jainish Nai Direct
919925824018,Jainish Tailor
919033991386,Jainulbhai Kapadiya (Direct)
919904102613,Jaishree Trivedi G. villas
918320064137,Jaishu Kakariya( Direct)
917016118492,Jaivam Gohil
917623883572,Jaivish Bombaywala (Brk Vishal Gede)
919909242747,Jakshaben Prajapati (Direct)
917096858501,Jal Singh(Direct)
917048484950,Jale Gadhavi Direct
919106042387,Jalpa Parmar G. villas
919328914759,Jalpa Parmar G. villas
919428290143,Jalpa Shah
919909100700,Jalpan Bhatt
917046000985,Jalpesh Sangini (Direct)
919974093088,Jalpesh Solanki Direct
917600556337,Jalpesh Vaghela Dmart
919909916495,Jalpeshbhai Dhamelia (BRK Pinkeshbhai Chahwala)
919879279777,Jalpeshbhai K Patel (BRK Chandrakant Solanki)
919328954714,James Patel Cement Pipes
919726477077,Jamesh Bhai ( Direct)
917203859096,Jami Patel
919828945765,Jamrsh T. c Brk Dinesh Umrigath
919879034551,Jamubhai N Patel (BRK Ashokbhai Thakkar)
919825913838,Janak Bhutwala (News)
918780735161,Janak Davawala (News)
919879141499,Janak Khalasi
917984729095,Janak Panchigar (News)
918460194307,Janak Pandya
918980801097,Janak Patel (Brk Dipak Dariyani)
919898878589,Janak Patel (Direct)
919374713212,Janak Prajapati (Direct)
919879515765,Janak Prajapati (Direct)
919054030857,Janak Rathod (Brk Parth Sumar)
919879393394,Janak Sindha Direct
919426728110,Janak Soni Call
919374716157,Janakbhai Shah (Direct)
919913016564,Janat Pitrodiya
918160378830,Janesh Padia (News)
919819789734,Jantibhai (BRK Dharmesh Jalaram)
919879182938,Janubhai Ahir (BRK Kamleshbhai Javiya)
918291277319,Japan Bhqi Brk Prakash Nathwani
918153852630,Jaram Mistry Direct
919428060051,Jarooth Patel Brk Bhavin Chahwala
919925854463,Jasavant Dabhi Direct
918200803649,Jash
919428509654,Jash Contractor
917878949332,Jashan Desai (Direct)
917016442884,Jashpal Jadhav (Direct)
919099733885,Jashu Ben Patel Direct
919825817193,Jashvant Patel (Direct)
919825293008,Jashvant Rathod (brk Dipak Daryani)
916354968875,Jashwantbhai Bhutwala (Direct)
919879095008,Jasmin Dave Direct
918469444552,Jasmin J Patel (Direct)
918490001821,Jasmin Singwala
919033406748,Jasminbhai Kho (Direct)
919824501214,Jasminbhai Patel (BRK Pinkeshbhai Chahwala)
919909901704,Jason Pal AMNS
919998489177,Jasu Kaviwala (Direct)
919879397674,Jasvant Patel
919898853131,Jaswant Rajput (News)
919925468755,Jaswantbhai Patel (BRK Pravinbhai Padhiyar)
919033568147,Jatin Anadariya Direct
916358942202,Jatin Baria Direct
919106560290,Jatin Bhai
919428450250,Jatin Bhai
919173731805,Jatin Bhai
917674656820,Jatin Bhai (Direct)
919924504089,Jatin Bhai Direct
919409103049,Jatin Chauhan
919913004724,Jatin Dabhawala
919979297220,Jatin Dabheliya Direct
919909918114,Jatin Dave Brk Shailesh Ved
919265165252,Jatin Desai (Brk Hardik Jethwa)
919909793070,Jatin Dobariya (Direct)
919624130841,Jatin Gatwani
919909050565,Jatin Ghabani Direct
919624130041,Jatin Gotwani
918320430017,Jatin Jarmanwala (Direct)
918849956405,Jatin Macchi (Insta)
919737883161,Jatin PANCHAL DIRECT
919327537102,Jatin Patel ( Insta)
917016213358,Jatin Patel (Brk Prakash Nadyani )
918866585974,Jatin Patel (Direct)
919687699904,Jatin Patel CCTV Camera
919974242947,Jatin Patel Direct
919725089063,Jatin Patel Direct
919825089063,Jatin Patel Direct
918866779991,Jatin Pentair
919909902637,Jatin Prajapati AMNS
919372940343,Jatin Pujara (Direct)
917567850062,Jatin Ravliya
919909020109,Jatin Sumra (Direct)
919879249365,jatin surati (News)
919016402822,Jatin Sutariya (Brk Shailesh Thakkar)
919409507459,Jatin Tailor (Direct)
918390046971,Jatin Tamakuwala (Direct)
919033978522,Jatin Tollawala Direct
919920480182,Jatin Vaghani (Brk Ashok Thakkar)
919825426150,Jatinbhai Bardoiwala (BRK Kiran Kalaram)
918511129726,Jatinbhai Chapanaria (BRK Kamlesh Javiya)
919979511748,Jatinbhai Chapatwals (BRK Himanshu Kapadia)
919824144044,Jatinbhai Dalwadi (Direct)
917016802968,Jatinbhai Jathani (BRK Jay Jariwala)
918849909772,Jatinbhai Kosamba(Direct)
919725451422,Jatinbhai Panchal (BRK Daxit Monpara)
919376111255,Jatinbhai Pansia (BRK Chandrakant Solanki)
919712325553,Jatinbhai Patel (BRK Vipulbhai Jalaram)
916358109325,Jatinbhai Pungera (Direct)
919879106184,Javed AMNS
919825460448,Javlant Sukla G. villas
919724775777,Jay
919033132980,Jay Ahir G. villas
919879068575,Jay Anazwala Direct
37495041099,Jay Balar
919879454483,Jay Bhai
919920202095,Jay Bhai
919375763262,Jay Bhai (Direct)
918849150764,Jay Bhai Ntpc
917874299355,Jay Bhai Patel 180 No. Villas Member
919924666000,Jay Bhai Thakkar
919426106624,Jay Bhaj Direct
919429408239,Jay Chandra
919624751355,Jay Chanwani
919510428996,Jay Gandhi Fb
919825859143,Jay Ghantiwala (Direct)
918320342792,Jay H
916357002001,Jay Hasani (Direct)
918469550601,Jay Hinglaj (Insta)
919824506199,Jay Jadav (BRK Chandrakant Solanki)
919824134560,Jay Jain (Direct)
919374715368,Jay Jalaram (News)
918980266600,Jay Jariwala (Direct)
919979733600,Jay Jariwala (Direct)
916359344114,Jay Jariwala Jms
919727228747,Jay Kanet (Direct)
917041941015,Jay Kayasth
919265175252,Jay Kishan Sharma Brk Vijay Changulani
918780621154,Jay Kothari Direct
919638870676,Jay Kulkarni (Dmart)
919428452307,Jay Kushan
919825966788,Jay Makwana
919723171021,Jay Makwana Direct
918866400867,Jay Meghawala (Direct)
919327777664,Jay Mehta G. villas
919913888022,Jay Mistry (Direct)
919586765175,Jay Modi
919426775218,Jay Modi Canada (Brk Chandrakant Solanki)
918155954944,Jay Modi G. villas
919426866189,Jay Murjani
918141802020,Jay Nayak Direct
919723442057,Jay Pachhigar Direct
918401873334,Jay Parekh
917567301290,Jay Parmar (Direct)
919638595640,Jay Parmar Brk Chandrakant Solanki
917043609749,Jay Parmar Direct
918467486080,Jay Pastagiya Brk Rajesh Gajjar
919913351755,Jay Patel
919924256166,Jay Patel
917383760606,Jay Patel
919825434689,Jay Patel
917351710770,Jay Patel
919909922331,Jay Patel
919099088624,Jay Patel
916351008716,Jay Patel
919909912318,Jay Patel
916358095440,Jay Patel
919377573923,Jay Patel (Direct)
919978787496,Jay Patel (Direct)
919099603248,Jay Patel (Direct)
919909814121,Jay Patel Direct
917984006112,Jay Patel Direct
919879585005,Jay Patel G. villas
918238981255,Jay Patrl
918140581019,Jay Prajapati
918904604462,Jay Prajapati Direct
918866866010,Jay Prajapati Direct
919979145917,Jay Prakadh Solanki Direct
919824703002,Jay Prakash Lashkari (Brk Anuj Kapdiya )
919879224877,Jay Raj Direct
917622951009,Jay Rajput
918849369754,Jay Rajput Direct
918758531243,Jay Rajput G. villas
919601528887,Jay Rana Direct
917016112544,Jay Rathod
919099119095,Jay Rathod
919099119055,Jay Rathod (Direct)
917567136902,Jay Rathod Brk Vijay Changulani
919429870021,Jay Sailor
918530732436,Jay Shah Direct
919825686408,Jay Shastri Direct
917778886355,Jay Singh
919265681098,Jay Singh Direct
919913400855,Jay Solanki
918160019916,Jay Solanki G. villas
919601351351,Jay Sorthiya Direct
918160558050,Jay Surti
917096722499,Jay Swaminarayan (Direct)
918160848901,Jay Tailor Direct
917211114525,Jay Upadhyay Direct
918160811105,Jay Vaghela Utu
919727395317,Jay Vora (Direct)
919408626090,Jay Vyas Direct
917587392660,Jaya Patel
919998173577,Jayam Patel G. villas
919824301971,Jayant Bhai (Direct)
918469878116,Jayant gaiwala Brk Chandrakant Solanki
919978944405,Jayant Viswas
919913142114,Jayantbhai Chodvadiya (Direct)
919825658980,Jayanti Ambaliya Direct
916354260347,Jayanti Anbhetia Direct
918320415251,Jayanti Bhanderi (Brk Jitesh Batliwala)
919895984186,Jayanti Bhaskaran (Kerala)
919979692379,Jayanti Chauhan
919913769545,Jayanti P. Patel (Direct)
919824458877,Jayanti Patel
919426185558,Jayanti Patel Direct
919033150213,Jayanti Pathak
919825695064,Jayanti Prajapati
919825553936,Jayanti Solanki Direct
919824735207,Jayantibhai Bhanderi (BRK Jiteshbhai Batliwala)
919825418451,Jayantibhai Kalsaria (Direct)
919909798484,Jayantibhai Parmar (Direct)
919825280856,Jayantibhai Ramoliya
919371015460,Jayantibhai Rathod (Direct)
919825176729,Jayantibhai(Brk Pinkeshbhai Chahwala)
919324040547,Jayantilal Mota Direct
917046461807,Jayashri Desai Brk Pinkesh Chahwala
919327755155,Jaybhai Chaddawala (Chandrakant Solanki)
919825139191,Jaybhai Jadav ( BRK Pinkesh Chahwala)
919374674691,Jaybhai Modi (BRK Vijaybhai Mavawala)
918200520242,Jaydeep Bhai (Direct)
919375178001,Jaydeep Paladiya (Direct)
918866542873,Jaydeep Patel
918866253254,Jaydeep Rathod (BRK Kamlesh Javia)
918849953270,Jaydeep Tank
919909860848,Jaydeep Thakkar (Direct)
919773473056,Jaydeep Vala
919974042249,Jaydeep Vyas
919429092792,Jaydev Gonnade (Direct)
919898569965,Jaydev Sevak (Direct)
917359774547,Jaydev Varu ( Direct)
919723318777,Jaydip Bhai Brk Sidharth Bhai
917405314243,Jaydip Desai
919824961517,Jaydip Desai
919510209882,Jaydip Dodiya Brk Chandrakant Solanki
918160342961,Jaydip Mahida (Direct)
919974284552,Jaydip Pardesi(Direct)
919925473074,Jaydip Patel
918980981262,Jaydip Patel
918849707817,Jaydip Patel
917226811113,Jaydip Patil (Direct)
918511299427,Jaydip Prajapati Direct
919714144404,Jaydip Singh
919879696532,Jaydip Singh Direct
919638062776,Jaydip Vaghasiya Direct
917016704649,Jaydip Vyas
919913540000,Jaydipsing (Direct)
916353658627,Jayeaj Mukwana
919925946446,Jayedh Vaghasiya
919099964253,Jayen Randeri G. villas
919099034265,Jayendra Bhai (Direct)
917201818793,Jayendra Kaklotar Direct
919998101535,Jayendra Pawar Direct
919998401535,Jayendra Pawar Direct
919099962510,Jayendra Ravaji (BKR)
919429150484,Jayendra Sidupara (Direct)
919879101621,Jayendra Solanki
919825197442,Jayendrabhai Gotawala (Direct)
919925246110,Jayendrabhai Sharma (Direct)
918320178784,Jayes Parmar (Direct)
919712921313,Jayesb Prajapati Direct
919510616097,Jayesh
919067512099,Jayesh Aiwala
919825135439,Jayesh Asodaria (News)
919377755507,Jayesh Balani Direct
919106284361,Jayesh Bamta
919574683700,Jayesh Bapodara Direct
919099898957,Jayesh Bhadiyadra Direct
919426470773,Jayesh Bhagela Direct
919824113689,Jayesh Bhai
917878389543,Jayesh Bhai
919427122016,Jayesh Bhai
919925715224,Jayesh Bhai
919825716548,Jayesh Bhai ( Direct)
919825757331,Jayesh Bhai (Direct)
919925148933,Jayesh Bhai (Direct)
919879631022,Jayesh Bhai (Direct)
919827099541,Jayesh Bhai (Direct)
919227935354,Jayesh Bhai Asian Point
917990673601,Jayesh Bhai Direct
919925146446,Jayesh Bhai Direct
919712745800,Jayesh Bhai Joshi (Dipak Dariyani)
919429093610,Jayesh Bhai Patel Direct
919909506676,Jayesh Bhai Solanki ( Direct )
919428060422,Jayesh Borda
919998971416,Jayesh Champaneria (Brk Chandrakant Solanki)
918469198523,Jayesh Chaudhary Direct
918000863747,Jayesh Chauhan
919904227215,Jayesh Chauhan
919825947904,Jayesh Chauhan ( Brk Rupesh Jadhav)
919825580564,Jayesh Chauhan Direct
919712780111,Jayesh Chauhan Direct
919898140015,Jayesh Chorawala
919825138273,Jayesh Dalal Direct
919978836432,Jayesh Desai
919978920225,Jayesh Dhanani
919727355346,Jayesh Dhola Brk Dipak Dariyani
919099287105,Jayesh Divawala (Brk Chandrakant Modi )
919426140650,Jayesh Doshi (Direct)
919909018444,Jayesh Dsa (Dmart)
917600275827,Jayesh Gandhi G. villas
919724652616,Jayesh Ganjawala
919879525570,Jayesh Gotecha (Direct)
919824111331,Jayesh Jain Direct
919727064639,Jayesh Jariwala
919879875784,Jayesh Jivrani
919825112081,Jayesh Jogiya
919925415011,Jayesh Joshi (Direct)
917014069093,Jayesh Kadiya
919376988939,Jayesh Kapasiawala G. villas
919662413634,Jayesh Kayasth G. villas
918866447692,Jayesh Kevlani Brk Perfect Deal
919898229152,Jayesh Kheli Direct
918401234534,Jayesh Limbachiya (Direct)
918866879005,Jayesh Limbachiya Direct
919824704647,Jayesh Lingayat
919925312810,Jayesh Magukiya
919033123014,JAYESH Magukiya Direct
919574900272,Jayesh Makwana
918488005151,Jayesh Manwani Direct
919879583528,Jayesh Mardiya
919925298925,Jayesh Megha (Insta)
919428580481,Jayesh Modi (Direct)
919714214355,Jayesh Nayi Advocate
918732774488,Jayesh Panchal
919879158338,Jayesh Panchal
919537009731,Jayesh Pandiya Direct
919327337944,Jayesh Panwala (Brk Chandrakant Solanki)
917069300581,Jayesh Parekh(Direct)
919825118299,Jayesh Parikh (Direct)
919586389823,Jayesh Parmar
919824325280,Jayesh Parmar Direct
919054346260,Jayesh Parmar Direct
919909931305,Jayesh Patel
919879154502,Jayesh Patel
917043371996,Jayesh Patel
916359070555,Jayesh Patel
919824717767,Jayesh Patel
917211199445,Jayesh Patel
919687609745,Jayesh Patel
919426375644,Jayesh Patel
919909030616,Jayesh Patel
919879887748,Jayesh Patel
919099209001,Jayesh Patel ( Direct)
919428056990,Jayesh Patel (Direct Investor)
919909322872,Jayesh Patel (Direct)
919426975644,Jayesh Patel (Direct)
919825939544,Jayesh Patel (Direct)
919879101625,Jayesh Patel (Direct)
919824786235,Jayesh Patel (Direct)
919106840408,Jayesh Patel (Direct) Sherdi
919825600274,Jayesh Patel Direct
919925009796,Jayesh Patel Direct
919925233570,Jayesh Patel Direct
919099516677,Jayesh Patel Direct
919619493997,Jayesh Patel Direct
919328012289,Jayesh Patel Direct
919033604130,Jayesh Patel Direct
919265774841,Jayesh Patel Direct
919913571144,Jayesh Prajapati
919429330413,Jayesh Prajapati Brk Bharat Prajapati
919429577220,jayesh purohit (direct)
919662643390,Jayesh Rampura
918780976991,Jayesh Rangunwala (Direct)
917405645646,Jayesh Rathod (Brk Dipak Dariyani)
917016082993,Jayesh Rathod Direct
919904757540,Jayesh Sailar
919904332934,jayesh sathwara (brk dipak Daryani)
919687609642,Jayesh Selar(Direct)
919106376152,jayesh Sgcci
919913046308,Jayesh Shah Direct
919820290805,Jayesh Shah Mumbai (BRK Chandrakant Solanki)
919825929039,Jayesh Shani ( Brk Bhavin Chavda)
917698993333,Jayesh Shyara (Direct)
919426107790,Jayesh Sojitra (Direct)
919638628766,Jayesh Solanki
919016532747,Jayesh Solanki (direct)
919376833332,Jayesh Solanki Direct
918747353646,Jayesh Soni (Direct)
919601274172,Jayesh Thakkar
919879498211,Jayeshbhai (BRK Himanshu Kapadia)
919723326646,Jayeshbhai (Direct)
919825604243,Jayeshbhai (Direct)
919825936066,Jayeshbhai Bapotara (BRK Himanshu Kapadia)
918490848450,Jayeshbhai Gandhi (BRK Pinkeshbhai Chawla)
918128327411,Jayeshbhai Hirabhai (BRK Amit Taylor)
919825088807,Jayeshbhai Mandviwala(Direct)
919879169882,Jayeshbhai Maniya (BRK Kamlesh Jalaram)
918460133944,Jayeshbhai Meghani(Direct)
919825936278,Jayeshbhai Mistry (BRK Ashwin Pandya)
919909798915,Jayeshbhai Modi (BRK Dharmesh Aatiwala)
919146736036,Jayeshbhai Nayak(Direct)
919719214355,Jayeshbhai Nayi (Direct)
919825705067,Jayeshbhai Patel (BRK Kaushik Patel)
919998223599,Jayeshbhai Patel (BRK Shailesh Thakkar)
919601158982,Jayeshbhai Rathod (Direct)
919879101538,Jayeshbhai Rathod (Direct))
919879067545,Jayeshbhai Shah (Brk )
919727273436,Jayeshbhai Shah (BRK Chandrakant Solanki)
919725019048,Jayeshbhai Tailor (BRK Daxit Monapara)
919427547684,Jayeshbhai Vaiya (Direct)
919727788177,Jayeshbhau Dholawala (Direct)
919825831581,Jayeshbhau Pushtiwala (Direct)
919898082703,Jayeshkumar Aiwala (Pankajbhai Plotholder)
919638708899,Jaylin Tailor (Direct)
919016137227,Jaymeen Patel
919978950180,Jaymin Bhai Solanki Direct
919879112667,Jaymin Mistry (Direct)
919825000251,Jaymit Bhavsar
919825101233,Jaynti Patel Direct
919408790824,Jayprakash Shah (Direct)
919099061665,Jayprakash Singh G. villas
919909798897,Jayraj Singh (Narendra Joshi)
919376012199,Jayraj Thakkar Direct
919898594806,Jayram Bhai (Kamlesh Bhai)
919879539040,Jayram Patel
918485916819,Jayshree Patel
919978093217,Jayshree Raval
919427214642,Jayshri
919925347887,Jaysukh Bhai Direct
919824197963,Jaysukh Dobariyal (Direct)
919998221691,Jaysukhlal Kardani
917990639822,Jayu Kapadia (Direct) D
919967031304,Jayu Shah (Mumbai)
917567955659,Jayubhai D. Ahir (Ajaybhai Jalaram)
918460884304,jayvariya51
919152039512,Jecki Shah (Insta)
918086754203,Jeena Rajeev
919624656167,Jeet Solanki (Insta)
919879898422,Jeevan Bhai (Direct)
919726567603,Jekab Joshua (Direct)
919824149995,Jemi Bharucha
919998078090,Jemini Pandey (Direct)
919998232001,Jemis
919925683573,Jemis Gandhi
917490828123,Jemish Bhingadkar
919099722945,Jemish Patel (Direct)
919327010150,Jenil Bhai (Insta)
918980325766,Jenil Maisuriya
918780469097,Jenil Malviya
919016806494,Jenil Patel Direct
919998459944,Jenish Doriwala Brk Jimanshu Kapadiya
919099846444,Jenish Gandhi (Direct)
919978999965,Jenish Lad
919137618204,Jenish Maheta (Direct)
919724128886,Jenish Mistri (Direct)
918140638471,Jenish Modi Brk Viresh Thakkar
919586968713,Jenish Panchigar (Brk Chandrakant Solanki)
919909249217,Jenish Patel
919998465464,Jenish Patel
916351336799,Jenish Patel
919714861213,Jenish Patel
919925489178,Jenish Patel
918160105015,Jenish Patel
919725151283,Jenish Patel Direct
919227609887,Jenish Patel Direct
919898402323,Jenish Patel Direct
919727146891,Jenish Patel Direct
918866797138,Jenish Patel(Brk Chandrkant Solanki)
917016452652,Jenish Sailor
918401468716,Jenish Tailor
919265298466,Jenish Tailor
919033659079,Jenish Tailor (Direct)
919909656076,Jenish Tikiwala Direct
919909356076,Jenish Tikiwala Direct
917487873717,Jenish Vaghani
919328161610,Jenishbhai Mehta (BRK Mehul Kapadia)
919825293448,Jenny Bharatwala
919687666804,Jenny Christian G. villas
918866774294,Jensi Siklikar
919879363288,Jentibhai Chautaliya (BRK Kamlesh Javiya)
919328105027,Jeram L.Donda (Direct)
917984957426,Jery Chauhan (Dmart)
971582261979,Jesang Munshi G. villas
919909862287,Jess Patel (FB)
919723814948,Jetal Patel
919825884987,Jethalal Chaudhari
919374987280,Jeval Doshi Direct
917990593051,Jigal Kumar
918460775005,Jigar
919725383988,Jigar Bhai
917069568380,Jigar Bhai ( Direct)
917434042733,Jigar Bhai (Insta)
917990257318,Jigar Bhatia Lnt
919427424526,Jigar Bhatt Direct
919033162172,Jigar Chauhan (Direct)
919898933973,Jigar Dave
919725720035,Jigar Kansara
919724301676,Jigar Mayak
919099668764,Jigar Meghani Direct
919724839009,Jigar Mehta (Direct)
917874672709,Jigar Modi (Direct)
919723956409,Jigar Modi (Direct)
919004361005,Jigar Narola Direct
919724301976,Jigar Nayak
919879108391,Jigar Pachhigar Brk Vijay Changulani
917490014551,Jigar Panchal (News)
919909979913,Jigar Panchal G. villas
918866068015,Jigar Patel
918320286432,Jigar Patel
919825159446,Jigar Patel
918866135400,Jigar Patel
919558800933,Jigar Patel
919998848202,Jigar Patel (Direct)
919909993202,Jigar Patel (Direct)
919879959182,Jigar Patel Brk Pinkesh Chahwala
919925246116,Jigar Petigara Direct
919687710004,Jigar Raval (Direct)
919545851884,Jigar Rawal
919377121806,Jigar Shah
918758208656,Jigar Shah (Direct)
919590667011,Jigar Soni G. villas
919377662736,Jigar Surati (Direct)
919426891537,Jigar Sutariya
919773126097,Jigar Suthar
919427154482,Jigar Suthar Direct
919033311869,Jigar Tailor
917600614489,Jigar Vakhariya (Direct)
919879101887,Jigar Vankawala
919099063646,Jigar Vyas
919979677670,Jigarbhai Maheya(Brk Umeshbhai Parekh)
919537733366,Jigarbhai Mehta (BRK Ojas Parekh)
919898077011,Jigarsinh Parmar (BRK Rameshbhai Gondaliya)
917600452222,Jigish Shah
919998249617,Jigish Shah
919974692616,Jigisha Gheewala
919998007325,Jigisha Parekh
917016209419,Jigisha Tamakuwala (Dmart)
919712985088,Jigna Desai
919033044903,Jignasha Gohil G. villas
919727252467,Jigneah Bhai
918128025064,Jignesg Marfatiya
918401937430,Jignesh Aagariya
919825110319,Jignesh Anchal
919662532309,Jignesh Bhadarkar
919274079397,Jignesh Bhai
919974101502,Jignesh Bhai (Direct)
919427747818,Jignesh Bhai (Direct)
919725114313,Jignesh Bhai (Direct)
919924392805,Jignesh Bhai (Direct)
919898038029,Jignesh Bhai Brk Chandrakant Solanki
919879463000,Jignesh Bhai Chavda (Direct)
919723422482,Jignesh Bhai Direct
918160176188,Jignesh Bhai Direct
919033170910,Jignesh Bhai Gotawala (BRK- Jitendra Bhai)
919909787858,Jignesh Bhai Nanavati(Direct)
918160235296,Jignesh Bhai Topiwala
919879555622,Jignesh Bhaib
919537476797,Jignesh Bhavsar Direct
916353069694,Jignesh Chauhan (Direct)
919925160975,Jignesh Clakzi (Direct)
919909902712,Jignesh Darbar Direct
919824157979,Jignesh Desai
918320946393,Jignesh Dodiya
918788493615,Jignesh Gandhi Brk
919909914956,Jignesh Ghaskata
917861827275,Jignesh Gilitwala Direct
919825749595,Jignesh Gohil Direct
918866867366,jignesh Gondaliya
918866834003,Jignesh Gopani
918980015125,Jignesh Goswami Direct
919727979944,Jignesh Jani Direct
919427139929,Jignesh Jariwala
918000237530,Jignesh Jariwala Direct
919924897499,Jignesh Javde
919824648196,Jignesh Jikadra (Direct)
918780730775,Jignesh Joshi 2
918511616770,Jignesh Joshi Brk Ajay Dave
918866776117,Jignesh Jotaniya
919979218504,Jignesh Kanthariya
917777995580,Jignesh Kapdiya( BRK Dipakbhai Dariyani)
919723282199,Jignesh Kar
919825616270,Jignesh Kosbiya
919879102126,Jignesh Lad (Direct)
919979217770,Jignesh LevaWala Direct
919879101803,Jignesh Luhar Direct
919898003434,Jignesh Mehta Direct
919586101494,Jignesh Mistry (Direct)
918329111279,Jignesh Modi
919427423840,Jignesh Modi (BRK Chandrakant Solanki)
919727743202,Jignesh Morkar (Direct)
919426890305,Jignesh Motorkar (Brk Dipak Dariyani)
919904099444,Jignesh Nayak Direct
919925027554,Jignesh Padshala Soil Testing
919879066801,Jignesh Palsanawala
919925691623,Jignesh Pancholi
919925491623,Jignesh Pancholi (Brk Chandrakant Solanki)
919978144001,Jignesh Pandya (Direct)
919879185735,Jignesh Parekh
919099387778,Jignesh Parekh
919426105135,Jignesh Parekh (Brk Rajesh Gajjar)
919033142564,Jignesh Patel
919925224489,Jignesh Patel
919825933204,Jignesh Patel
918401751487,Jignesh Patel
919924839360,Jignesh Patel
918401751787,Jignesh Patel
919725053064,Jignesh Patel
919825462278,Jignesh Patel
919265417750,Jignesh Patel
919712547501,Jignesh Patel (BRK Chandrakant Solanki)
919377096261,Jignesh Patel (Direct)
919429899188,Jignesh Patel (Direct)
919726012704,Jignesh Patel Direct
919512961330,Jignesh Patel Direct
919712525555,Jignesh Patel Direct
919978601962,Jignesh Pawar (Direct)
919904830033,Jignesh Prajapati
918000388333,Jignesh Prajapati (Direct)
919879464548,Jignesh Prajapati (Direct)
919723454608,Jignesh Prajapati (Direct)
919328194807,Jignesh Prajapati (Direct)
919924250511,Jignesh Rajput ( Direct)
917990679452,Jignesh Rana
917600056143,Jignesh Raval G. villas
919327188199,Jignesh Rupawala
919714413192,Jignesh Sapra
919909968829,Jignesh Shah
919998220415,Jignesh Shah ( Brk Karode Saheb )
919662530149,Jignesh Shah (Brk Dipak Dariyani)
919825111224,Jignesh Shah (Direct)
918460577584,Jignesh Shah (Direct)
919586602243,Jignesh Shah Direct
918758989097,Jignesh Solanki (BRK Chandrakant Solanki)
919428141009,Jignesh Sony Soni G. villas
918866355956,Jignesh Tailor (Direct)
919726815679,Jignesh Tandel (Direct)
919913076875,Jignesh Tank(Direct)
919227358507,Jignesh Thakkar (Direct)
919427894573,Jignesh Trivedi
919900990705,Jignesh Trivedi (Direct)
919909900705,Jignesh Trivedi (News)
917405233236,Jignesh Vaghela Brk Vijay Changulani
918780281264,Jignesh Vaidya
919723335055,Jignesh Variya (Brk Dipak Dariyani)
919099989324,Jignesh Vibhandik(Direct)
919879449372,Jignesh Vyas Direct
918154932312,Jignesh Vyas Direct
919409103382,Jignesh Wala
919429898076,Jignesh Yadav Ongc
919428220845,Jigneshbhai B Patel (BRK Chandrakant Solanki)
918460129455,Jigneshbhai Chauhan (BRK Shailesh Thakkar)
919898027945,Jigneshbhai Dalal (Direct)
919033129170,Jigneshbhai Fansia (BRK Vipul Jalaram)
919898558585,Jigneshbhai Gheewala (BRK Himanshu Kapadia)
919879467720,Jigneshbhai Icewala (Direct)
919723765662,Jigneshbhai Jadhav (Direct)
919824760141,Jigneshbhai Kapadiya (BRK Jimmybhai)
919429898045,Jigneshbhai Parekh (BRK Vipul Patel )
919638644026,Jigneshbhai Patel (BRK Kaushik)
919723111055,Jigneshbhai Patel (BRK Pinkeshbhai)
919574534444,Jigneshbhai Patel (BRK Vijay Kareliya)
919979223347,Jigneshbhai Patel (Direct)
919909251871,Jigneshbhai Patel (Suda) (BRK Kaushik Jalaram)
919099333567,Jigneshbhai Sakle(BRK Chandrakant Solanki)
919737087123,Jigneshbhai Solanki (BRK Chandrakant Solanki)
919099430869,Jigneshbhai Thakkor (BRK Pinkesh Chahwala)
919998414375,Jigneshbhai Topiwala (Direct)
919662138198,Jigneshbhai Topiwala (Direct)
919978988856,Jigneshbhai Vaghasiya (BRK Dharmesh Jalaram)
919898048885,Jigneshbhai(HDFC Direct)
918866546918,Jigqr Kayasth Direct
919099920186,Jigu Patel Direct
918866752566,Jill Patel Direct
919099100042,Jimisha Chapaneria Direct
916359275410,Jimit Bhai
919725104919,Jimit Desai (Direct)
917069150054,Jimit Desai (Direct)
919377664460,Jimit Patel
919426539539,Jimmy Bhai (Direct)
919429268740,Jimmy Fabrication
919173684023,Jimmy Gajiyavad ( Brk Deepak Dariyani
919925626699,Jimmy Gajjar
919879212308,Jimmy Modi (Brk Deepak Dariyani)
919427897956,Jimmy Patel
919909901438,Jinal Maheya(Direct)
918735815897,jinal More (brk Dipakbhai)
919016298470,Jinal Panchal(Brk Kunal Surati)
919726020611,Jinang Desai Direct
917043770900,Jinesh Mehta
919909495877,Jinesh Patel Direct
919898849204,Jinish Soni (Direct)
918460096095,Jinithbhai Khodhiyar (BRK Girish Punjabi)
917574964975,Jinkal Diyora (Insta)
919327155713,Jinwala Shreenath Ji
919537456705,Jiten Soni (Direct)
919825333310,Jitendra Bavaliya (Direct)
919327704947,Jitendra Bhai
919824136356,Jitendra Bhai
919824136365,Jitendra Bhai
919825124327,Jitendra Bhai
919173272874,Jitendra Bhai
917575099222,Jitendra Bhai
919925820920,Jitendra Bhai (BKR)
918107979999,Jitendra Bhai (Direct)
919687474879,Jitendra Bhai Patel Broker
919825142526,Jitendra Bhatiya Brk Dipak Dariyanib
919924610432,Jitendra Bombaywala Direct
919909911663,Jitendra Bothara Direct
917990621792,Jitendra C Patel Ntpc (Brk Deepak Dariyani)
919106299138,Jitendra Chaudhary
919825509598,Jitendra Chauhan (Direct)
919426842782,Jitendra Chourasiya (Brk Rakesh Modi)
919825483635,Jitendra D. patel
919574208926,Jitendra Dalal (Direct)
919824729255,Jitendra Gajiwala
919427744355,Jitendra hai Nathvani (Brk Dipak Dariyani)
919825608205,Jitendra Jadav (Direct)
919377266772,Jitendra Jariwala
918238370006,Jitendra Joshi
918866430008,Jitendra Kalsariya (Brk Chandrakant Solanki)
918469494946,Jitendra Kanjani
918789710755,Jitendra Kumar
917667924617,Jitendra Kumar mahto
917600005643,Jitendra Mistry
919979270092,Jitendra Modi
919638595956,Jitendra Parmar (Direct)
919979484949,Jitendra Parmarv
919328728712,Jitendra Pastagiya
917600010723,Jitendra Patel
919426854926,Jitendra Patel
919998971426,Jitendra Patel (Direct)
919825554143,Jitendra Patel Direct
919879843029,Jitendra Patel Direct
916353885908,Jitendra Patil Brk Vijay Changulani
919974009135,Jitendra patmar
919727255254,Jitendra Rathod
918511154860,Jitendra Sadhavani (Direct)
919879827258,Jitendra Sharma G. villas
919106826260,Jitendra Singh Direct
919909910155,Jitendra Singh Thakkar
918140777166,Jitendra Sodha
919909436594,Jitendra Tailor Direct
919428519996,Jitendra Vasva (BRK Chandrakant Solanki)
919928631004,Jitendra Yadav (Direct)
919824122238,Jitendrabhai Jariwala (BRK Dharmeshbhai Jethva)
919277906116,Jitendrabhai Mistry (BRK Kamlesh Javiya)
918460119000,Jitendrabhai Modi (BRK chandrakantBhai Solanki)
917227019456,Jitendrabhai Patil (BRK Chandrakant Solanki)
919925862022,Jitendrabhai Surti (BRK Bhavinbhai Chahwala)
919909531443,Jitendrasinh Solanki(Brk Krunal)
919879143794,Jitendta Patel Direct
919033859755,Jitesh Bhai
919879571760,Jitesh Gandhi
919925531041,Jitesh Gandhi(Brk Pinkesh Chahwala)
919824370025,Jitesh Jariwala Direct
916352345760,Jitesh Manglani
918200629830,Jitesh Parmar
919998942135,Jitesh Patel Direct
919426228108,Jitesh Shah
919376857034,Jitesh Single (Direct)
919825145292,Jitesh Thakkar G. villas
919898593115,Jiteshbhai (BRK Kamlesh Javiya)
919067110535,Jiteshbhai Batliwala (Direct)
917359184598,Jiteshbhai Rana (Direct)
917567958123,Jiteshbhai Sangore (BRK Dharmesh Ariwala)
918905580910,Jiteshbhai Soni (BRK Chandrakant Solanki)
919898173186,Jiteshbhau Jobadiya (BRK Rakeshbhai G Patel)
919925580882,Jitu Bhai (Contractor)
919924610841,Jitu Bhai (Direct)
919979422000,Jitu Bhai Purohit Direct
919898422426,Jitu Bundeliya
919601287035,Jitu Chavda (Direct)
917508884444,Jitu Jain Direct
919925936729,Jitu Kachariya (Direct)
919879851751,Jitu Kansara (Direct)
919974624944,Jitu Modi Direct
917984166307,Jitu Patel Direct
919898127998,Jitu Udhanawala Direct
919820472909,Jitubhai Bochadva (Harekrishna) (Brk Plot 100)
919909897004,Jitubhai J.R Equipment (Direct)
918866101446,Jitubhai Paptiya(Brk Chandrkant Solanki)
919726347900,Jitubhai Rana (BRK Bhavin Chahwala)
918734909693,Jivan Marathe
919879101552,Jivan Umare Direct
917041347262,Jivesh Sharma
919820199614,Jivraaj Sarkar (Direct)
919825267151,Jivram Bhai
919879281480,Jogin Patel (Direct)
919099053907,Jolly Patel (Direct)
919376347234,Jonty Mahi (Direct)
919173341345,Joseph George (Direct)
918780850616,Joshi
919909096360,Joshi Survey G. villas
919925779788,Joshilaben (BRK Gordhanbhai)
919173660384,Joy
919377609998,JP Sharma (Direct)
918238058387,Jsimis Maisuriya
916353099431,Jugal Dalal
916354842759,Jugal Muthiwala (Brk Dipak Dariyani)
919974411056,Jugal Panchal
917974115181,Juhil Patel ( Direct)
917874115181,Juhil Patel (Direct)
919227890214,Jummy Jariwala Direct
919998331931,Jupiter Rajesh Kamlesh Commite
919825349883,Jusinbhai Chrtisan (BRK Sunilbhai)
918488888337,Jyoti Khandelwal Direct
919925593164,Jyoti Makwana (Insta)
919825987788,Jyoti Panchal
918980160687,Jyoti Parmar Direct
919662897733,Jyoti Presswala Brk Chandrakant Solanki
919726392066,Jyoti Sharma Direct
919723639144,Jyotiben (R Group)
919904459152,Jyotikakis Indian
919427928851,Jyotshna Ben P.Kharodiya ( Brk Deepak Dariyani)
919737055000,K D Mehta (BRK Pinkeshbhai Chahwala)
919909932080,K H Bhavinwala (BRK Kiranbhai Jalaram)
919099079671,K k Handa
919425601394,K L Chohan ( Direct)
919374531690,k m shah (Direct)
919879200037,K n Nivas
919825115918,K p Gupta
919104312212,K P Parmar G. villas
919904873306,K P Prajapati (Direct)
919879065123,K. D Devganiya Direct
919601295388,K. J. thakkar (Direct)
919909919124,K. k Singh Direct
917069018485,K. p Singh Direct
919825108356,K. S Singh Direct
919879102716,K. v Reddy Brk Vijay Changulani
919879570873,K.C Chauhan Direct
919913176153,K.D Jamakar (Direct)
919033204228,K'Dip (Fb)
918657821897,Kabir Sekhavat (Direct)
919825114697,Kacha Lala (BRK Chandrakant Solanki)
919328134049,Kadir Sagar G. villas
919879963676,Kadu Basant
919979142000,Kadu Goyani Direct
919825646314,Kadu Parmar Brk Jay Katodiya
919979731199,Kaean Gandhi
919909280476,Kahul Sutariya
919898816524,Kailash Bhai
918401635682,Kailash Bhai Direct
919104340183,Kailash Kumavat Direct
917878626563,Kailash Patel Direct
919879646877,Kailash Suryavanshi
919998325125,Kainaiya Lal Patel
918154999933,Kaishor Parmar
919722334499,Kaizad Engineer G. villas
919033507880,Kajal Gandhi (Direct)
917764961456,Kajal Kumari
919104072454,Kajal Patel (Insta)
919265748486,Kajal Raj
919879824865,Kalidas Patel
919426277605,Kalol Majumdar (BRK chandrakantbhai Solanki)
918200868992,Kalp Kansara (Direct)
919909794355,Kalpan Shah Direct
919586474077,Kalpana Patel (Direct)
918347550945,Kalpana Sonawala (Brk Chandrakant Solanki)
919978698836,Kalpani Anandbhai Kulkani (Direct)
919998595963,Kalpash Vyas Direct
918980866001,Kalpesh Ahir
919879500073,Kalpesh Badami (Direct)
919099171005,Kalpesh Bhai
919825069992,Kalpesh Bhai
919712654917,Kalpesh Bhai (Direct)
919727840656,Kalpesh Bhai (Direct)
919624998636,Kalpesh Bhai Direct
919824504177,Kalpesh Bhai Direct
919825491915,Kalpesh Bhai Direct
919624998650,Kalpesh Bhai Direct
919033557161,Kalpesh Bhai Direct
919825800063,Kalpesh Bhai Kamdhar Direct
918980463050,Kalpesh Bhatt
918238045683,Kalpesh Bhavsar
918155016260,Kalpesh Bhavsar G. villas
919537118570,Kalpesh Bhoj (BRK Kamlesh Javiya)
918758203739,Kalpesh Chapaneria Direct
919879728224,Kalpesh Chaudhary
919558948910,Kalpesh Chauhan (Direct)
919879737326,Kalpesh Chavda (BRK Kamlesh Javiya)
919898288130,Kalpesh Chokhawala (Direct)
916359660000,Kalpesh Dave
919898182550,Kalpesh Devani Direct
919825155718,Kalpesh Dhangar (Direct)
919724341350,Kalpesh Dhimmar
919979202095,Kalpesh Gaglani (Direct)
919662042583,Kalpesh Gamit (Direct)
919427543945,Kalpesh Gandhi
919099580003,Kalpesh Italiya
919227901521,Kalpesh Jariwala
919408844569,Kalpesh Joshi (Dmart)
919825306049,Kalpesh Kanthariya (Direct)
917359999964,Kalpesh Khatana
919924511266,Kalpesh Konkna Brk Anuj Kapadia
919998465440,Kalpesh Mishra
919712523365,Kalpesh Mistry
917016802934,Kalpesh Mistry Direct
919825353053,Kalpesh Mistry Direct
919426585590,Kalpesh Modhiy Direct
919998287792,Kalpesh Modi
919427833966,Kalpesh Modi
919998257792,Kalpesh Modi (Brk Pinkesh Chawala)
919898210114,Kalpesh Modi (Direct)
919825460745,Kalpesh Nimavar
919879069900,Kalpesh Padhiya Direct
919825188897,Kalpesh Padya
917383510195,Kalpesh Parmar Direct
919727713191,Kalpesh Patel
918488888899,Kalpesh Patel
919925155907,Kalpesh Patel
919825298079,Kalpesh Patel (Brk Chandrakant Solanki)
919879102730,Kalpesh Patel (Brk Kaushik Patel)
919727013191,Kalpesh Patel (Direct)
919510236432,Kalpesh Patel (Direct)
917575876158,Kalpesh Patel Brk Ashwin Padiyar
919723582827,Kalpesh Patel Brk Perfect Perfect Deal
919712571218,Kalpesh Patel Direct
919879215355,Kalpesh Patel Direct
919879851583,Kalpesh PatharWala (Brk Chandrakant Solanki)
918000027322,Kalpesh Patil (Direct)
919819972072,Kalpesh Prajapati (Direct)
919374540238,Kalpesh Prajapati Brk Viresh Thakkar
918780954687,Kalpesh Presswala
919825248406,Kalpesh Rabdiya Direct
919924944228,Kalpesh Raval (Direct)
919327084126,Kalpesh Sethna (Direct)
919428868770,Kalpesh Sevak
919825918247,kalpesh Sevak (Direct)
919998213217,Kalpesh Shah Direct
919825900099,Kalpesh Shroff Direct
919067029629,Kalpesh Sonani Direct
918866680789,Kalpesh Suratwala G. villas
919375959380,Kalpesh Tanna Direct
919824094291,Kalpesh Tejani (Direct)
917016145405,Kalpesh Thakkar
919825687489,Kalpesh Thakkar (Brk Deepak Dariyani)
919408793369,Kalpesh Trivedi
918200063366,Kalpesh Trivedi Brk Siddharth
919879109873,Kalpesh Upadhyay Direct
919427111041,Kalpesh Vaidaya (News)
919033906100,Kalpesh Vasani ( Direct)
918141121118,Kalpesh Vasava (Direct)
919426826190,Kalpesh Vyas
917984588463,Kalpesh Vyas (Direct)
919067979793,Kalpeshbhai Gadhiya (BRK Ghanshyambhai)
919825945143,Kalpeshbhai Gajjar (BRK Chandrakant Solanki)
919879291005,Kalpeshbhai Parmar (BRK Daxit Monapara)
918320845402,Kalpeshbhai Patel (BRK Rakeshbhai Jalaram)
917016103948,Kalpeshbhai Patel (Ojasbhai Jalaram)
919879101549,Kalpeshbhai Shah (BRK Ajay T Patel)
919879579965,Kalpeshbhai Shah (Direct)
919879104314,Kalpeshbhai Tailor (Direct)
919825141421,Kalpeshbhai Vadi (BRK Dineshbhai Thakkar)
919925121313,Kalpeshbhai Vasani (Direct)
916353123708,Kalpeshbhai Vesuwala (Direct)
919825563444,Kalpna Ben Kedatiya ( Brk Dipak Bhai)
971529707221,kalyani piali (Insta)
917405550017,Kamal
919328999371,Kamal Bhai Direct
919825633778,Kamal Bhai Direct
919228716368,Kamal Fruitwala
919428141533,Kamal Jani Brk Viren Thakkar
919909902357,Kamal Kaushik Direct
918460405323,Kamal Modi Direct
919727382577,Kamal Panchal (Direct)
919460333526,Kamal Prajapati Direct
917043107193,Kamal Rajput
917383886111,Kamal Solanki Direct
919427113779,Kamal Trivedi (Direct)
917600701000,Kamal Vadvani (BRK Ajay Jalram)
919106938141,Kamalbhai (Brk Lakshmikant Shah)
919824936600,Kamar
918692081189,Kamesh Modi (Direct)
919825124876,Kamil Gajjar
917211199337,Kamini Kelawala (BRK)
919924985041,Kamish Rana(Brk Chandrkant Solanki)
919377717780,Kamlesh (DIRECT)
919825221010,Kamlesh Akbari
919054567419,Kamlesh Bagul G. villas
919724305354,Kamlesh Barot (Direct)
919825252608,Kamlesh Bhai
919898040480,Kamlesh Bhai
919374516650,Kamlesh Bhai
919925816116,Kamlesh Bhai
919429945436,Kamlesh Bhai (Direct)
919879370000,Kamlesh Bhai America 2
919909757941,Kamlesh Bhai Direct
918140490395,Kamlesh Bhai Direct
919662515900,Kamlesh Bhai Gandhi (Direct)
916359653711,Kamlesh Bhai Sahu
918804911811,Kamlesh Bhargav
918469236315,Kamlesh Chandnani Direct
919427822644,Kamlesh Chaudhary Direct
917490925744,Kamlesh Chawda Direct
919879959193,Kamlesh Dave (Direct)
919825134814,Kamlesh Dave Direct
919429686016,Kamlesh Dhodkiya Direct
919898029059,Kamlesh Gandhi(Direct)
919727682309,Kamlesh Insta
919558107270,Kamlesh Jadav (BRK Tushar Desai)
919725965060,Kamlesh Jain
919909160033,Kamlesh Jain (Direct)
918799188066,Kamlesh Javia (Direct)
919825759999,Kamlesh Joshi America (Jyoti Panwala)
919826807609,Kamlesh Jota
919428743954,Kamlesh Kaduskar (Brk Rajesh Gajjar)
919825112508,Kamlesh Kapadia Brk Chhaya Jadhav
919033870299,Kamlesh Katara
919429265228,Kamlesh Kevat (News)
919328546425,Kamlesh Konde
919638749695,Kamlesh Maisuria
919909437374,Kamlesh Maisuriya Direct
919033610472,Kamlesh Modi ( Direct)
917016624837,Kamlesh Modi Direct
919825126008,Kamlesh Modi Direct
918799190328,Kamlesh More(Brk Rupesh Madhav)
919820061022,Kamlesh Mungara Direct
919228210472,Kamlesh Ojha Direct
918980000760,Kamlesh Oza (Deepak Dariyani)
918511978869,Kamlesh Parekh
916352005122,Kamlesh Parekh
919426429045,Kamlesh Parghi
919426129045,Kamlesh Pargi Brk Vijay Changulani
919512969399,Kamlesh Parmar (Direct)
919824155796,Kamlesh Patel
917624001792,Kamlesh Patel
917096762002,Kamlesh Patel
919727362671,Kamlesh Patel
917016303843,Kamlesh Patel
917016303842,Kamlesh Patel
918866987793,Kamlesh Patel (Direct)
919898157939,Kamlesh Patel Direct
919879332468,Kamlesh Patel Direct
919824129818,Kamlesh Patel Direct
919723565842,Kamlesh Patel Direct
919824718383,Kamlesh Patel Direct
919909155734,Kamlesh Prajapati
919867550759,Kamlesh Prajapati (Brk Deepak Dariyani)
919427504869,Kamlesh Prajapati (Direct)
919427504864,Kamlesh Prajapati (Direct)
919099330121,Kamlesh Prajapati (Direct)
919824722676,Kamlesh Prajapati Direct
918128659795,Kamlesh Prajapti
919428743454,Kamlesh Pushkar (Brk Dipak Dariyani)
919879280330,Kamlesh Rathod
919825593876,Kamlesh Shah (Brk Kamlesh Javia)
919723458079,Kamlesh Surti Direct
919879959192,Kamlesh Tailor (Direct)
919408899246,Kamlesh Teli
919898615960,Kamlesh Thakkar (Brk Sonu Thakkar)
919879848709,Kamlesh Upadhyay (Direct)
917874527525,Kamlesh Vadhwani G. villas
919601753132,Kamlesh Vasava
919925089617,Kamlesh Vasava Direct
919327607550,Kamlesh. Lic A. w
919714425026,Kamleshbhai Ahir (BRK Krishna)
919925105500,Kamleshbhai Baraiya (Direct)
919924894940,Kamleshbhai H Patel (BRK Kiran Jalaram)
919624520967,Kamleshbhai Joshi (BRK Chandrakant Solanki)
919426788778,Kamleshbhai Patel (BRK Ajay Jalaram)
919824021104,Kamleshbhai Patel (BRK Gulabhai Jalaram)
919979984285,Kamleshbhai Vijuda (Direct)
918530462325,Kamli Parth Manubhai
919924810552,Kanabhai Ahir (BRK Krishna)
919825119007,kanaiya lal bhadiyadra (direct)
919879338620,Kanaiya Lal Patel (Direct)
919824552762,Kanaiya Parekh G. villas
919879255510,Kanaiya Patel Direct
919825126136,Kanaiyabhai (Brk Bhavin Chawala)
919879100158,Kanappar R (Direct)
919925307367,Kanchan Patel Direct
919925328865,Kanchanbhai Patel (Directl
919426646247,Kandarp Soneria Direct
919825136126,kaniya (direct)
919375499124,Kaniya Chaudhari Direct
919887380423,Kanka Jija Direct
919558031228,Kansha Bhai (Dipak Dariyani)
919913456090,Kanta Patel Direct
919898061009,Kanti Ahitr
919924350050,Kanti Bhai Adajan (Direct)
919898870574,Kanti Direct
919824069444,Kanti Munjani
919825055041,Kantibhai Khandelwal ( Brk Chandrakant Solanki)
917698123000,Kantibhai Raygor (BRK Nileshbhai Modi)
919099824848,Kantibhai Surti (BRK Amit Taylor)
916359111151,Kantilal Bhai
918511102324,Kantilal Parmar (Brk Viren Makvana)
919428456218,Kantilal Patel
919825177719,Kantilal Ramanlal (BRK Dinesh Thakkar)
919374066862,Kanu Bagdiya Direct
919979459752,Kanu Bhai Direct
919426847382,Kanu Patel Direct
919898672064,Kanu Thakkar ( Vinod Thakkar)
919998212992,Kanu Trivedi (Direct)
919825265290,Kanubhai Patel(Brk Chandrkant Solanki)
919879101661,Kapil Anand AMNS
919173487573,Kapil Contractor
919910624991,Kapil Dharma
919099922172,Kapil Jani (BRK Girishbhai Jalaram)
919825770669,Kapil Joshi Direct
919662156920,Kapil Khalasi
919930900780,Kapil Modi (Direct)
917623011087,Kapil Parmar
918000161681,Kapilraj Bhanderi (BRK Nileshbhai Modi)
919712513145,Kapur Bhai
919825291652,Karamshi Patel
918511469587,Karan
919925799717,Karan Bhai
919664661827,Karan Bhai (Direct)
919879251818,Karan Bhai (Direct)
917201095138,Karan Bhai Direct
919173532614,Karan Chauhan
919624245577,Karan Gandhi Direct
919978233446,Karan Joshi Brk Rajesh Gajjar
917201063751,Karan Kathare Brk Krunal Jatiwala
917777918155,Karan Makwana
919586664492,Karan Modi (Brk Chandrakant Solanki)
918141809696,Karan Modi (Direct)
919033320073,Karan Panchal (Direct)
919924462678,Karan Pardiwala
919714120757,Karan Patel
918140381966,Karan Patel ( Brk Deepak Dariyani)
919925414552,Karan Patel (Brk Rajesh Gajjar)
919978457973,Karan Rajput
919510603991,Karan Rajput Brk Ajay Panwala
919638372495,Karan Rupareliya G. villas
919727622666,Karan Shah (Direct)
918758572111,Karan Solanki
919227000508,Karan Soni
918140144381,Karan Surat
919769991547,Karan Suthar Direct
919081312564,Karanbhai Palanpuriya Direct
918141234176,Karanbhai(Direct)
919727890827,Karansingh Parmar(Direct)
918160000159,Karansinh Parmar (Direct)
917383003079,Karbin
918140800021,Karishma Narula Direct
916354794856,Karishma Rajput G. villas
918733072907,Karishma Vyas
917698497573,Karmraj Singh (diyabhaskar advertising)
918866611147,Karnesh Kachiwala Direct
919978902482,Karsan maheshvari Direct
919426369353,Karshan Mali (Direct)
919879106126,Kartavya Patel Brk Dinesh Thakkar
919667910030,Kartik
918140734208,Kartik Bhagvagar (Brk Bhavesh Padwal )
919409304170,Kartik Bhatt Direct
919638756612,Kartik Charnaya Brk Jay Jariwala
917990062894,Kartik Charnaya D
919824370035,Kartik Dave G. villas
918128848961,Kartik Doni
919998389306,Kartik Kanoje Direct
919909785585,Kartik Khalasi (Direct)
919428159348,Kartik Ntpc
919825855428,Kartik Panchal Direct
61433655656,Kartik Pancholi (Direct)
919930042645,Kartik Pandav
96879393549,Kartik Pandav
916354362898,Kartik Parihar G. villas
918530063963,Kartik Patel
918866168503,Kartik Patel
919978073366,Kartik Patel (Direct)
919638017600,Kartik Psnchal (Direct)
918758144419,Kartik Sadiwala
919106186073,Kartik Solanki (Direct)
919825212468,Kartikbhai Ahir (Direct)
917046571529,Kartikbhai Patel (BRK Chandrakant Solanki)
919429898014,Kartikbhai Patel (BRK Vipul Patel)
919898413518,Kashinath Matri
919099740808,Kashmir MaharajwLa
917778878472,Kashyab Patel
917228015140,Kashyap
918696613199,Kashyap Bhai Patel [Brk] Hardik Bhai
919099841663,Kashyap Gajiwala (Brk Sonu Thakkar)
917889843639,Kashyap Kachroo
917600548711,Kashyap Maheta (Direct)
919726341124,Kashyap Parekh (Direct)
918156016147,Kashyap Patel (Direct)
918140146362,Kathid Pandiya (Direct)
918140176362,Kathid Pandiya (Direct)
919978903242,Kausha K Gandhi (Direct)
918347603333,Kaushal Barot
919033358576,Kaushal Cherulkar (Sonu Lakhwani)
919979900377,Kaushal Kapadiya
917990821144,Kaushal Maheshvari
919825022501,Kaushal Masrani Direct
918849587792,Kaushal Motawala
918849422369,Kaushal Parghi
918200917450,Kaushal Patel
919898281043,Kaushal Patel
917574071149,Kaushal Patel (Direct)
919429145459,Kaushal Pitolwala
919987798301,Kaushal Sidhpuriya
918866071718,Kaushalbhai (Direct)
919824198168,Kaushik Bha
919825631677,Kaushik Bhai
917016815398,Kaushik Bhai
917600469874,Kaushik Bhai Direct
919712074723,Kaushik Bhai Direct
919978455575,Kaushik Busha
916358099413,Kaushik Chaudhary (Direct)
917016617412,Kaushik Kasodariya G. villas
919099736455,Kaushik Maru( Direct)
919879101654,Kaushik Mistry (Direct)
919879194928,Kaushik Nathani
919408262694,Kaushik Panchal
918925993297,Kaushik Pandiya Direct
917016193777,Kaushik Pandya
918347978513,Kaushik Parmar
919586157357,Kaushik Patel
917383512455,Kaushik Patel
919909437501,Kaushik Patel Direct
918849366756,Kaushik Shah
916376207361,Kaushik Tandel (Brk Dipak Dariyani)
919974764846,Kaushik Thummar(Insta)
919898199767,Kaushika Mam Direct
918141531637,Kaushikbhai Dabhi (Direct)
919909253699,Kaushikbhai Dalal ( BRK Pinkesh Chahwala)
919925908543,Kaushikbhai Katriya (Brk D. N. panday)
919879102786,Kaushikbhai Kundel (BRK Mehul Kapadia)
919428869324,Kaushikbhai Solanki (BRK Ashwinbhai Patiya)
919033208550,Kautik Mistry
919408790890,Kavach Bhai
917818871099,Kaval Bagal
919727070270,Kaval Patel(Direct)
918160730194,Kaval Raval
917016769458,Kavan Bhatt G. villas
919016362297,Kavita Ben Direct
918141550043,Kavita Chotaliya
919427163100,Kavita Dave Direct
918238257783,Kavita Kadu Brk Shailesh Thakkar
918469915929,Kavita Mam
919558802503,Kavita Mam
919029713990,Kavita Patel
919727573599,Kavita Rathod (Insta)
918160311262,Kayath Banwarilal G. villas
919979500222,Kayra Suru
919662512162,Kehul Mistry
917004347492,Keishna Kant Kumar
919825126936,Kekin Zaveri Direct
919173747491,Kelvin Patel
919723076067,Kenal Prajapati (Direct)
919099369148,Kenil Patel Direct
918320022406,Kenil V Patel (Direct)
919377734569,Kenit
919909537225,Keral Patel
919824489994,Keran Jariwala (Direct)
919228872832,Keran Jariwala (Direct)
919726777557,Kersasp Pajnigara G. villas
919824770232,Keshav Gopani (Direct)
919712253967,Keshav Jha (Direct)
919728801626,Keshavbhai (Brk Sonu Lakhwani)
917984572298,Keshavbhai Maru (BRK Pinkesh Chahwala)
919727754562,Keshva Nare
919825084738,Ketan Adataia
919726699888,Ketan Bhai
919408117049,Ketan Bhai
919825033965,ketan Bhai (Direct)
919016507079,ketan Bhai (Direct)
919601332063,Ketan Boricha
919428872086,Ketan Brahmbhat (Brk Vidisha Property)
917567524097,Ketan Buksela Brk Chandrakant Solanki
919377711156,Ketan Chauhan (BRK Vijay Kareliya)
919825412070,Ketan Chauhan
919909879078,Ketan Chauhan G. villas
919909911806,Ketan Chinaiwala (Direct)
919825033544,Ketan Desai
919427652277,Ketan Gadani Brk Jay Jariwala
919825690944,Ketan Gajjar(Direct)
919825100569,Ketan Gheewala
919925140080,Ketan H Lakhani(Brk Deepak Daryani)
919824505254,Ketan H Patel (Direct)
919913352621,Ketan Harsora Direct
917405959555,Ketan J Dhanak
919409102250,Ketan Jadhav
917874162134,Ketan Jariwala
919824615551,Ketan Jasoliya (Direct)
919925435008,Ketan Jinwala Direct
919765490026,Ketan Joshi G. villas
919898922458,Ketan Kalavdiya (Direct)
919898000344,Ketan Lakdawala (Direct)
919978493321,Ketan Mistry Brk Bhavik Patel
919824253937,Ketan Mistry G. villas
919725685401,Ketan Modi
919664634303,Ketan Modi (Fb)
919825947899,Ketan Modi (Fb)
919316627731,Ketan Navdiwala (Direct)
919825142200,Ketan Panchal
918849772336,Ketan Pancholi (Direct)
919825760070,Ketan Pandya
917046820366,Ketan Parmar
919904977478,Ketan Parmar (Direct)
919099919854,Ketan Parmar
918153019025,Ketan Patel
918320715050,Ketan Patel
919825133347,Ketan Patel
919824183099,Ketan Patel
919974272765,Ketan Patel
919510355736,Ketan Patel ( Direct)
919601286657,Ketan Patel (Direct)
919825822002,Ketan Patel (Direct)
919638668500,Ketan Patel (Direct)
919712903453,Ketan Patel (Direct)
919909660400,Ketan Patel Direct
919979888074,Ketan Patel Sumul (Direct)
917016293638,Ketan Purani (Direct)
919886506815,Ketan Savan
919429017331,Ketan Shah
919825350717,Ketan Shah (Direct)
919427113328,Ketan Shahb
919824384114,Ketan Sharma (Direct)
919925228318,Ketan Soni (Direct)
919925243316,Ketan Tailor (Brk Dipak Dariyani)
919913651500,Ketan Thakkar Direct
919924372535,Ketan Varlekar Direct
919909095836,Ketan Vyas (Brk Ashwin Padiyar)
919879563309,Ketanbhai (Brk Chandrakant Solanki)
919824161319,Ketanbhai Dirawala (BRK Chandrakant Solanki)
919428870660,Ketanbhai Fitter G. villas
919377051717,Ketanbhai Gheewala(Direct)
919825400399,Ketanbhai Patel (BRK Chandrakant Solanki)
919427139330,Ketanbhai Patel (Direct)
917405187003,Ketanbhai Patel (Direct)
919879533933,Ketanbhai Soni (BRK Amitbhai Tailor)
917405757555,Ketanbhai Soni (BRK)
917359205050,Ketanbhai Tailor (Direct
919998823729,Ketanbhai Vasa(Brk Sagar PWC Property)
917600012683,Ketannparmar
919930886874,Ketna Chapatwala G. villas
919879300019,Ketu Bhai (Direct)
919099554747,Ketubhai Patel (Direct)
919099055909,Keval Bhai Brk Sidharth Thakkar
918888788071,Keval Brk Rakesh Patel
919904339787,Keval Chasiya Direct
918511515333,Keval Gajjar
919909437022,Keval Patel (Direct)
918866464664,Keval Patel (Direct)
919898462125,Keval Patel Direct
917878766655,Kevalsinh (Direct)
918320603038,Kevin Ashmaniwala G. villas
919662288704,Kevin Bhai
916353141455,Kevin Bhai
919879102722,Kevin Gohil Direct
919662255704,Kevin Jaiyawala Direct
919824839953,Kevin Modi (Direct)
918000604045,Kevin Modi Direct
917878167219,Kevin Papaniya
919924904423,Kevin Parekh
918866205688,Kevin Patel
919724795900,Kevin Patel
919904759060,Kevin Sohagiya Brk Vishal Advani
919574055505,Kevin Yogesh Mevawala(Brk Dipesh Sopariwala)
918238383578,Kevinbhai Bodiwala (Direct)
919724997219,Kevinbhai Kovadiya (Direct)
919978841563,Kevinbhai Nicks SMC (Direct
919033183637,Kevinbhai Solanki(Loan Agent)
919879615466,Keyur B Dave (Brk Chandrakant Solanki)
919227012411,Keyur Bhai
919427152112,Keyur Bhai Suthar Direct
919316176151,Keyur Bhatia
919879510825,Keyur Desai (Brk Chandrakant Solanki)
919925607356,Keyur Devkar
918866330155,Keyur Gajwala (Brk Chandrakant Solanki)
919426835977,Keyur Gandhi Direct
919016200802,Keyur Gatorwala Direct
918141684501,Keyur Jain
919712577027,Keyur Jariwala
919825437556,Keyur Jariwala (Direct)
919825264651,Keyur Khatlawala
918980009064,Keyur Kothari (Direct)
918000148200,Keyur Lakdawala Direct
918469149000,Keyur Lakdawala(Direct)
917016911001,Keyur Mehta (Direct)
918866388234,keyur Mistri (Direct)
919974990073,Keyur Modi Direct
919714826323,Keyur Parekh Direct
918200667380,Keyur Patel
917433077307,Keyur Patel
919714155076,Keyur Patel
919537775880,Keyur Patel
919687091020,Keyur Patel (Direct)
919998275558,Keyur Patel (Direct)
919687639167,Keyur Patel Direct
918264677777,Keyur Patel Direct
919726899780,Keyur Patel Direct
919915867950,Keyur Shah Direct
919099980734,Keyur Shah Direct
918000270515,Keyur Shah Direct
919687464068,Keyur Surti (Direct)
919033550092,Keyur Tailor
919624885770,Keyur Tailor
919898018817,Keyur Tamakuwala Direct
919429011605,Keyur Thakkar
919909111290,Keyur Vadlekar
918866622996,Keyur Zaveri
919909966097,Keyurbhai Chapaneri (Direct)
919998893739,Keyurbhai Lavana (Direct)
919974990079,Keyurbhai Modi (Direct)
917383847285,Keyurbhai Rathod (BRK Himashu Kapadia)
919099216601,Khan G. villas
919377603265,Khangendra Nayak Direct
918655844557,Khayali Mehta Mumbai
918460584811,Khayati Doshi
918980919290,Khimji Dabhi Direct
919825414662,Khoda Bhadraka (Katargam)
919879836851,Khodabhai Rathod (Brk Chandrakant Solanki)
919998450761,Khusboo Mam Direct
919974285051,Khusbu Dave (Direct)
918160612357,Khushal Bhagat
919510662233,Khushal Mehta
919537759899,Khushboo Goshwami Direct
919426545553,Khushboo Patel
919274794007,Khusi isuratproperty
919879282505,Khusnaz Italiya (Brk Chandrakant Solanki)
919624453630,Khyati
918511191031,Khyati (Direct)
919313107739,Khyati (Insta)
919558792947,Kinjal
917435031306,Kinjal Bhai Direct
919586447878,Kinjal Mistry
918160079739,Kinjal Modi
919558748493,Kinjal Patel
919998053758,Kinjal Shah (Direct)
919372458454,Kinjal Trivedi Direct
917226979400,Kiran Ben Limbachiya
919909292016,Kiran Bhai
919638121669,Kiran Bhai
919320240919,Kiran Bhai ( Direct)
919824712462,Kiran Bhandari (Direct)
919408336226,Kiran Bharatiya (BRK Dinesh Thakkar)
919879681842,Kiran Chauhan
919825743480,Kiran Chhowala
919825377555,Kiran Daruwala Direct
919726710000,Kiran Desai (Direct)
918320240929,Kiran Gohil
919428879562,Kiran Jingar Direct
919913005689,Kiran Joshi (Direct)
919909090369,Kiran Joshi (Direct)
919033042228,Kiran Joshi Direct
918734063307,Kiran Joshi Direct
918140692529,Kiran Joshi Direct
919426855444,Kiran Kansara Direct
919727383684,Kiran Kante (Direct)
919979622693,Kiran Marchan Direct
919979257298,Kiran Modi
919904503333,Kiran Modi
918140775735,Kiran Modi (Brk Rajesh Gajjar)
919898375601,Kiran Modi Brk Pinkesh Chahwala
919033791025,Kiran Modi Direct
919033327552,Kiran More (Direct)
919879616273,Kiran Nayak (Direct)
917405456889,Kiran Parmar(News)
919033717428,Kiran Patel
919277177118,Kiran Patel
919426883480,Kiran Patel
919979144891,Kiran Patel (Direct)
918320036299,Kiran Patel (Direct)
919925850613,Kiran Patel Direct
917874075460,Kiran Rathod Direct
919825766913,Kiran Sakare
917567077589,Kiran Shah (Brk Chandrakant Solanki)
919825140073,Kiran Shaila
919998993472,Kiran Sindha (Direct)
919898376233,Kiran Sinemiya G. villas
919925154951,Kiran Sosa Brk Manish Bhoj
919825741192,Kiran Tailor (Direct)
919512258133,Kiran Vastarpara
919624413326,Kiranbhai ((Direct))
919409908899,Kiranbhai (Direct)
919909977703,Kiranbhai Aariwala (Direct)
916352324751,Kiranbhai Bangadiwala (BRK Pinkesh Chahwala)
919825163394,Kiranbhai Goswami (BRK Chandrakant Solanki)
919228832188,Kiranbhai Koshaliya(Dinesh Dabholi)
919898511041,Kiranbhai Mahajan ( Direct)
919727709682,Kiranbhai Parjapti Brk Ponkeshbhai
918347831283,Kiranbhai Patel ( Direct)
918128679858,Kirit B Solanki (Brk Chandrakant Solanki)
919825344729,Kirit Bhai Silverstone Villa
919374723326,Kirit Charkhawala Direct
918092000134,Kirit Daxim (Direct)
918401059589,Kirit Icecream Wala (Brk Ashwin Viras)
918401059588,Kirit Icecream Wala (Brk Chandrakant Solanki)
919016288441,Kirit Jethwa Direct
919662340437,Kirit Ketu Fountain School
919925939860,Kirit Limbachiya
918401621615,Kirit Mandaliya Direct
919426812029,Kirit Mistry
917990597561,Kirit Modi
919725798419,Kirit Modi Direct
919879509755,Kirit Navsari Chapat (Direct)
917574969737,Kirit Parmar
918140789512,Kirit Parmar
919727000202,Kirit Parmar Direct
919426860658,Kirit Patel
919824704009,Kirit Patel Direct
919898401769,Kirit Prajapati
919426138203,Kirit Prajapati (Direct)
919724312489,Kirit Prajapati Direct
919925026721,Kirit Rathod
917383772592,Kirit Rathod Direct
919825093062,Kirit Shah(Direct)
919727501066,Kirit Singh Brk Sandip Modi
916354738390,Kirit Solanki (News)
919898858444,Kirit Solanki Direct
919825167225,Kirit Trivedi
919275168415,Kirit Vankariya
918401659589,Kiritbhai (Direct)
919428457988,Kiritbhai Bhatlavala (BRK Chandrakant Solanki
919574608326,Kiritbhai Dumasia (BRK Jai Jariwala)
919898961711,Kiritbhai K Patel (BRK Pinkeshbhai Chahwala)
919825568682,Kiritbhai Pandya (BRK Nileshbhai Modi)
919924777978,Kiritbhai Panwala (Direct)
919638955855,Kirpal Chawda
919825871997,Kirtalbhai(Brk Deepak Daryani)
919377719757,Kirtan Mehta (Direct)
919723119139,Kirtan Surti
919824686867,Kirtangiri Goswami (Direct)
919824183041,Kirti Bhai Brk Manthan Shah
919825405118,Kirti bhai Raval (Brk Amarshibhai)
919509577876,Kirti Patel (Direct)
919427580818,Kirti Prajapati
917874688319,Kirti Rajput (Direct)
919879249129,Kirtibhai (Direct)
917905678051,Kishan Avashthi Direct
918980033331,Kishan Bhai
916356628560,Kishan Bhai
919979101160,Kishan Bhai (Direct)
919767887666,Kishan Bhai Brk Rajesh Gajjar
919909926081,Kishan Brahmbhatt (brk dipak dariyani)
919898495364,Kishan Budheliya (Brk Chandrakant Solanki)
919898495362,Kishan Budheliya (Direct)
919157975619,Kishan Chotliya Direct
919621585014,Kishan Dubey
919724975031,Kishan Khatik (FB)
919265856674,Kishan Makwana
916354055025,Kishan Mehta Direct
919313924708,Kishan panchal
919979489993,Kishan Panchal
919106558516,Kishan Patel (Brk Rakesh Tailor)
919638699783,Kishan Patel (Dipak Dariyani)
916352525628,Kishan Patel Direct
919664787182,Kishan Patel Direct
918866556684,Kishan Prajapati
918866886684,Kishan Prajapati
919824701291,Kishan Pritmane Direct
919638817662,Kishan Raghawani
919879162412,Kishan Thakkar
919727753499,Kishan Vasava
919429510055,Kishor
919377782682,Kishor Aahara Direct
919824917793,Kishor Barad Direct
919821434832,Kishor Baria
919825270376,Kishor Bha
919824159115,Kishor Bhai
919601942987,Kishor Bhai
917227953457,Kishor Bhai Arora (Direct)
919879077328,Kishor Bhai Brk Jay Kapdiya
919033123687,Kishor Dhamecha Brk Perfect Deal
919925133356,Kishor Dudharth ( Direct)
919601291159,Kishor Dungrani (Direct)
919978437018,Kishor Gopani (Direct)
919925284056,Kishor Katariya G. villas
918140666539,Kishor Motwani (Direct)
919825492550,Kishor Nada
919727760212,Kishor Nimavat
919726586151,Kishor P Vora (Direct)
919825390887,Kishor Pandav Direct
919879533990,Kishor Patel
919904589489,Kishor Patel
919825294241,Kishor Patel (Brk Rajesh Gajjar)
919820703737,Kishor Patel Brk Rajesh Gajjar
919879653655,Kishor Patel Direct
919825091781,Kishor Patel Direct
917567059922,Kishor Prajapati
917016821435,Kishor Rajput
919904222445,Kishor Rawal
919925045789,Kishor Singh Direct
918758917654,Kishor Solanki Direct
919737359995,Kishor Thakkar Direct
919879105677,Kishor Vitthlani(Brk Dipak Dariyani)
919687660666,kishor yadav direct
919898884307,Kishorbhai (BRK Jitu Master)
919924397154,Kishorbhai Gadani (Direct)
919909583282,Kishorbhai Gamti(Brk Dipak Daryani)
919820234981,Kishorbhai Mavani
919033625524,Kishorbhai Mori Chauhan (Brk Jainam Property)
919879201321,Kishorbhai Patel (BRK Manubhai Jalaram)
919825333667,Kishorbhai Patel(Brk Pinkesh Chahwala)
919426859691,Kishorbhai Sayona Prajapati (BRK Nilesh Modi)
919173999695,Kishore Gohil (Direct)
919898018371,Kishorsingh Pawar (Direct)
917600059021,Kitan Rathir
919328151599,KK WORLD G. villas
917698213111,Komal Karia Direct
918866250489,Komal Parnar
919925577972,Komel Bhagat
919825815005,Konshi Gandhi (Direct)
919925454853,Kosadi
919726551933,Koshi Mangawa
918469631773,Koyal Malankita
917817840034,KR
919879612733,Kribhco Surat G. villas
919313478989,Krina Vishal Patel (Brk Ashwin Viras)
917382072000,Kripachand Dave Security Guard
918758021055,Krish
919824287721,Krishi Modi (Direct)
919316267158,Krishna (Direct)
919723377190,Krishna Agrawal (Direct)
919924604050,Krishna Bhai (Direct)
918460811999,Krishna Bhatt
918734815315,Krishna Bhutwala Direct
919067945425,Krishna Chauhan (Brk Deepak Dariyani)
916359014000,Krishna Dube
917874727921,Krishna Gai
919427122989,Krishna Gandhi
919727845819,Krishna Kapadiya G. villas
917227043224,Krishna Kumar
917874797841,Krishna Mahajan (Brk Chandrakant Solanki)
919328386457,Krishna Mam Facebook
919662516773,Krishna Mistry
918469271133,Krishna Pathak Direct
919737779397,Krishna Raj Direct
919374628491,Krishna Rana (Ketan Bandre)
917984283806,Krishna Rathod G. villas
919638755249,Krishna Sethna (Direct)
919824657888,Krishna Solanki
919374999499,Krishna Sopariwala G. villas
919904377400,Krishna Trivesi
918758335192,Krishna Yadav Direct
919054512104,Krishna Yarn Mehul Champaneria
919558092877,Krishnabhai (Direct)
919978318032,Krishnakant Patel(Direct)
919978318038,Krishnakant Patel(Direct)
919724448444,Krishnapal Sing (Direct)
918511893736,Kristen Exports Private Limited
918200036285,Kriti Pande Enquiry
917405575763,Kritikaben Goswami (Direct)
919879393244,Kriyal Hasani (Brk Chandrakant Solanki)
919978483942,Krtki R. Doshi Direct
919726911213,Krunal Bhatt
919909460369,Krunal Bhatt ( Dmart)
917878886777,Krunal Biscuitwala (Dmart)
919601432791,Krunal Brahmbhatt
919925842969,Krunal Chaudhary
917878636162,Krunal Chauhan (Direct)
919727413679,Krunal Dalal
918130490431,Krunal Dudhwala
919879889994,Krunal Gandhi Direct
919879276589,Krunal Hathiwala (Direct)
918849360417,Krunal J Jariwala - Mahidharpura
917574883143,Krunal Joshi
919099975877,Krunal Kansaria (BRK Chandrakant Solanki)
917874866777,Krunal Kosada Direct
919033600227,Krunal Mistry
919033125442,Krunal Modi
919898057257,Krunal Modi (Direct)
919727191974,Krunal Modkar Direct
919925133116,Krunal Pachchigar
919904422876,Krunal Panchal Direct
919909408595,Krunal Panchal(Direct)
919033115348,Krunal Patel
919924327195,Krunal Patel
919712909942,Krunal Patel (BRK Pinkeshbhai Chahwala)
917878785784,Krunal Patel (Direct)
918238785007,Krunal Patel (Direct)
919106967352,Krunal Patel Direct
919824776777,Krunal Patil (Direct)
919510725007,Krunal Patil (Direct)
919426734118,Krunal Prajapati
919924488022,Krunal Rathod (Direct)
919909011354,Krunal Seth
917801849559,Krunal Shekh Direct
916205515177,Krunal Tripathi
918460603258,Krunal Viradiya
918866448797,Krunalbhai (Direct)
919702252054,Krunalbhai Mevada (BRK Sandip Modi)
918866662240,Krunalbhai Rathod (Direct)
919898389777,Krunalbhai Shah (Direct )
918154880962,Krunalbhai Vansdeviya (Direct)
919099079647,krunnal
919712988036,Krupalbhai (Direct)
919998583343,Krushank Gujarati (Dmart)
919727799926,Krushil Bhai Direct
919104515315,Krushna Bhootwala
918238637221,Krushnakant Joashi
919712715762,Krutarth Baruchawala ( Brk Deepak Dariyani)
919909914070,Kruti Patel (Brk Chandrakant Solanki)
919998793660,Krutik Pastagiya
919960451397,Krutika Mam
919099444060,Kshitij Patel (Direct)
917043138430,Ksrinvas (Direct)
918866975053,Kuki Paras G. villas
916357212326,Kuldeep Mayda Direct
919723535692,Kuldeep Patel
919727396346,Kuldeep Singh (BRK Chandrakant Solanki)
917433077651,Kuldeep Singh (Brk Kamlesh Javia)
917573901916,Kuldip Gadhavi Direct
919727645892,Kuldip Jadeja
919228235696,Kulinbhai (BRK Dharmeshbhai)
919861867370,Kumar Deep
919537473790,Kumar Hemnani
919909925342,Kumar Velu (Sandipbhai Mel)
919825120854,Kumar Zaveri
918460158164,Kumash Vajir Direct
918849550076,Kun Mistry Direct
919924818596,Kunal
919825056584,Kunal Barot Direct
919825058584,Kunal Barot Direct
919828058584,Kunal Batot
917405653314,Kunal Bhai
919227405819,Kunal Bhai (Direct)
917383757221,Kunal Bhai (Direct)
919564475674,Kunal Bhai Direct
919879103691,Kunal Biswas
919510727791,Kunal Chauhan G. villas
918460866565,Kunal Desai ( Direct)
919825454562,Kunal Desai (Direct)
917600476552,Kunal Gemlawala
918100768646,Kunal Ghosh Direct
919879108273,Kunal Goshwami
918849360147,Kunal Jariwala
919824182172,Kunal Kelawala (Brk Chandrakant Solanki)
918469979925,Kunal Lakadawala (Direct)
919979172227,Kunal Malkan
919067144408,Kunal Modi (Direct)
917567922737,Kunal Modi Direct
918140705928,Kunal Panwala
919712193777,Kunal Parmar (Direct)
918141432777,Kunal Patel
919879102684,Kunal Patel
919998076891,Kunal Patel (Direct)
919978150756,Kunal Patel Direct
918866333442,Kunal Rajput Direct
919033563670,Kunal Rangpuriya
919825948855,Kunal Retiwala
919825041686,Kunal Sabarvar (Direct)
918000090084,Kunal Shah
919979139978,Kunal Soni (Direct)
919099396007,Kunal Staff
919624109380,Kunal Surti
917990678303,Kunal Tailor (Brk Hardik Jethwa)
919879103572,Kunalbhai Vaidhya (BRK Chandrakant Solanki)
919824988708,Kundan Chauhan (Dmart)
919328406066,Kundan Kumar Singh Direct
919879074913,Kundan Singh (Brk LL Shah)
919998190345,Kunjal Nagar
919687022822,Kunjanbhai Engineer (BRK Chandrakant Solanki)
919724989942,Kunjkumar Singh (BRK Ashwin Pandya )
919825119257,Kuntal Pandya (BRK Jigish Shah)
919033115657,Kuntal Patel (BRK Chiragbhai )
918128016900,Kuntal Suthar (Direct)
917778878478,Kununsingh Zala (BRK Ajay Panwala)
919054456003,Kurmesh Kuchiwals
918128695200,Kurvin Kapadia Direct
919737322270,Kushagra
919724749340,Kushal Gandhi ( Direct)
918866234000,Kushal Mehta (Direct)
919601388383,Kushal Patel
918980171798,Kushal Patel
919978481793,Kushal Shah (Brk Dipak Dariyani)
919427898488,Kushal Vani
919081765576,Kushan Vaghasiya
919427835409,Kushor Dada
918490079374,Kusum
916354942459,L S
918238352067,Labdhir Desai Direct
918849560926,Lad Girish (Direct)
918828142773,Lahu Gadge(Brk Vijay Perfect Deal)
919601262319,Lakha Aghat (Brk Rasesh Thakkar)
919016976866,Lakhabhai G. villas
919709272727,Lakkhwinder Singh
917385557613,Lakshmi Rajput
919825117777,Lala Bhai Ahir
919428059168,Lala Bhai Direct
919714493236,Lala Pathare (News)
917359236251,Lalchand Kanthariya
919825912037,Lalchand Vatvani Direct
919714299921,Lalit Bhai
917383007001,Lalit Bhai (Direct)
917043777561,Lalit Bhai Doshi Direct
919825488392,Lalit Dave Direct
919824830333,Lalit Diwanharamimanus
919879366570,Lalit Dubriya Direct
918401329044,Lalit Katria
919724922013,Lalit Patel
919825176665,Lalit Patel
919900456745,Lalit Patel Direct
919724649461,Lalit Prajapati Brk Fenil Thakkar
919978894309,Lalit Rathor
919723915721,Lalit Rule (Ketan Bandre)
919173723646,Lalit Sanju
919099235136,Lalita Modi
919546638907,Lalitesh Manglani
919825675341,Lalji Jadhav
919909010197,Lalji Jain Direct
919913789004,Lalji Kavad Direct
918480077777,Lalji Shiyanagar (Direct)
919409441122,Lalji Vaghela
919099985386,Laljibhai Chauhan (Direct)
918228842904,Laltu Pandey
919879735481,Lalu (Insta)
918460789949,Lalu Bhavin Direct
919974974565,Lalu Maharaj Madhuram Villas
919879917418,Lalu Patel Direct
919978042165,Lalu Rajkot Hardware
919879040799,Lalu Soni
919879160256,Lalubhai (BRK Kamlesh Javiya)
917600490576,Lata Arora (Direct)
918128658061,Lavkush Mishra (Direct)
918850496918,Laxman Algotar G. villas
919825167001,Laxman Bhai
919662850193,Laxman Gadhvi (Direct)
918460265917,Laxman Khande (Direct)
917698768968,Laxman Lalwani (Direct)
918320733098,Laxman Morandani
919979264864,Laxman Patel
919978936669,Laxman Patel Direct
919909395576,Laxman Sorthiya Direct
919879151729,Laxmanbhai Patel (BRK Chandrakant Solanki)
919429093378,Laxmi Babriya
917226016698,Laxmi Chand Bhai
919988802831,Laxmibhai Raghav (Direct)
919099249603,Leela Jadhav
918866201835,Leena Direct
916354844939,Leena Jariwala Direct
917567765384,Leena Khalasi (Direct)
919712148367,limbachiya munish
919714006894,LRajesh Jain
918780830294,LSanket Tailor Brk Vyash Jogad
919824366960,Lucky Kapoor (Direct)
916359918749,Lulu Tailor Direct
918000833554,Luv (Dummas)
918980170087,M Balachandra (Direct)
919016624748,M G G. villas
916359909039,M H chawada (Direct)
917046769047,M k Patel
919898414986,M mishra AMNS
919979070980,M P Patil
919879906990,M R Chavda (Brk Chandrakant Solanki)
917990313763,M. D G. villas
919898337543,M.K Pandey (Direct)
917984798785,M.S Maheta (AMNS)
919033529901,M.S Umrigar Direct
918780354476,Maayur Javeri (Direct)
919375081000,Madan Bhai (Direct)
919824021958,Madan Maisuriya
919376045000,Madanlal Mardiya (Direct)
919067574316,Madhav
919016596334,Madhav Goratela (Direct)
917573045438,Madhavi Sarang (Direct)
919327189488,Madhavjibhai Solanki (Direct)
919724769606,Madhavl Malik
919275141161,Madhu Bhai
919825757251,Madhu Bhai
919426480855,Madhu Bhai ( Direct)
919693558270,Madhu Kumari
919512483493,Madhu Patel (Direct)
919723236655,Madhuben Desai (Brk Dipak Dariyani)
919909992428,Madhubhai Dhapa
918264210169,Madhubhai Patel (Direct)
919033485890,Madhukar Patil (Direct)
919537148980,Madhumati Nanavati (Direct)
919099001922,Madhurya Dixit
919971965663,Madhusudan Singh
919978225054,Madhusundhan Bhai
919104578542,Madni Savani (Direct)
919898056756,Madusudhan Olpadwala (BRK Pinkesh Chahwala)
919924946111,Mafhav Bhai
919920996318,Mafrin Dastar Direct
919427868490,Magan (News)
918799160731,Magaru Patel (Dmart)
919574248936,Mahadev Bhai
918866423072,Mahadev Jani
918128166353,Maharshi Oandya
919879444832,Maharsukh Bhai ( Direct)
917201060412,Mahavir Singh
918780249915,Mahavir Singh (BRK Chandrakant Solanki
919998223720,Mahendra Baria (Brk Shailesh Thakkar)
919725782610,Mahendra Bha
919879340253,Mahendra Bhai
919825549605,Mahendra Bhai (Direct)
919879100357,Mahendra Bhai (Direct)
916354994047,Mahendra Bhai Direct
919825142811,Mahendra Bhai Direct
918905326577,Mahendra Bhai Gohil Direct
919998306919,Mahendra Chauhan
919328244787,Mahendra Dabhekar (Direct)
919824145452,Mahendra Desai Direct
919723455143,Mahendra Gajera
919998309742,Mahendra Gami Direct
919825393181,Mahendra Gohil (Direct)
919429504141,Mahendra Gohil Direct
919033299768,Mahendra Jadhav
917984367892,Mahendra Jain
919867235366,Mahendra Jain G. villas
919724338640,Mahendra Kapadiya
919687149800,Mahendra Katariya
919913166427,Mahendra Kumar Direct
919301082933,Mahendra Kushwah
919825146664,Mahendra Maisuriya (Brk Dipak Dariyani)
918725146664,Mahendra Maisuriya (Direct)
919824354226,Mahendra Mistry (Brk Nilesh Prajapati)
918238319271,Mahendra Mohite (Brk Dipak Dariyani)
918485969604,Mahendra Mudhaliya G Villas
919714214447,Mahendra N.Patel (Brk Jayesh borda)
919925347930,Mahendra Paneriya Direct
919265304017,Mahendra Parekh G. villas
917620151157,Mahendra Parmar
919978596157,Mahendra Parmar Direct
919016356187,Mahendra Parmar Direct
919619709734,Mahendra Patel (BRK Pinkesh Chahwala)
919824361280,Mahendra Patel (Direct)
918160129979,Mahendra Patil
918799302187,Mahendra Rajput (Brk Ashok Thakkar)
919039099408,Mahendra Sharma (Direct)
919898250537,Mahendra Singh
917878434343,Mahendra Solanki G. villas
919712756698,Mahendra Vadhel (Direct)
919924596691,Mahendra Vaghela Direct
919374714664,Mahendrabhai Balar (Direct)
918000166661,Mahendrabhai Dewasi (Direct)
919328955364,Mahendrabhai Dumaswala(Direct)
919879850932,Mahendrabhai P Katarai (BRK Chandrakant Solanki)
917802993779,Mahendrabhai Savariya (Direct)
917016688376,Mahendrabhai Thorat (BRK Chandrakant Solanki)
919106029185,Mahendrabhai Vadhel(Direct)
919825108247,Mahesh Aahir Direct
919925229009,Mahesh Agarwal (BRK Tushar Desai)
917096279765,Mahesh Bhai
917285858562,Mahesh Bhai
919825133376,Mahesh Bhai
919023135198,Mahesh Bhai (Direct)
919825493289,Mahesh Bhai (Direct)
919726587149,Mahesh Bhai (Direct)
919408072337,Mahesh Bhai Arogya Inspector (Direct)
919979465400,Mahesh Bhai Direct
919925052491,Mahesh Bhai Direct
919574533777,Mahesh Bhai Direct
971564383640,Mahesh Bhai Fb
919723424431,Mahesh Bhai Katargam
919726962695,Mahesh Bhatt (Direct)
918238198504,Mahesh Chaudhary
919427917694,Mahesh Chauhan Direct
918200726182,Mahesh Chauhan Perfect Deal
919825393235,Mahesh Chavda G. villas
919825717029,Mahesh Chawda
919825945925,Mahesh Chawda Direct
919724830839,Mahesh Dave
919824108469,Mahesh Desai
919727426431,Mahesh Dholakiya (Direct)
919898108218,Mahesh Gajjar G. villas
919825132611,Mahesh Gandhi (Brk Bhavin Chahwala)
918733070073,Mahesh Gohil
918758061080,Mahesh Gorle Direct
919925122245,Mahesh Gujarati Direct
919909022333,Mahesh Italiya
919820202333,Mahesh Italiya
919825138939,Mahesh Jariwala Direct
919374593012,Mahesh Javlekar
919998218967,Mahesh Joshi (Direct)
917016803183,Mahesh Joshi (Direct)
919377257711,Mahesh Kaklotar Direct
919925794495,Mahesh Kalathiya
919106954046,Mahesh Madwale
919662547124,Mahesh Magle
917984310891,Mahesh Makwana
919913008255,Mahesh Manglani (Direct)
919426831527,Mahesh Mehta
916355865280,Mahesh Moorjani
919892155829,Mahesh Pandya
919925414339,Mahesh Parmar
918140763497,Mahesh Parmar (Direct)
971563864463,Mahesh Parmar Direct
966536865056,Mahesh Parmar Dubai
919825540727,Mahesh Patel
918980621389,Mahesh Patel
919925190954,Mahesh Patel ( Direct)
919879101658,Mahesh Patel (Brk Bhavin Chahwala)
919898689858,Mahesh Patel (Brk Chandrakant Solanki)
919987124064,Mahesh Patel (BRK Kantibhai Patel)
919727480581,Mahesh Patel (Brk Pinkesh Chawala)
919427475680,Mahesh Patel (Direct)
919579246192,Mahesh Patel Brk Rajesh Tailor
919998213329,Mahesh Patel Direct
919377852342,Mahesh Patel Direct
919979621156,Mahesh Patel Direct
919925801355,Mahesh Prajapati
916354138930,Mahesh Prajapati
919724524878,Mahesh Prajapati Direct
919879870139,Mahesh Sharma
919825495765,Mahesh Shree Vastav Direct
917990068891,Mahesh Solar Green House
918980116183,Mahesh Soni (Direct)
919825540901,Mahesh Surti
919825109653,Mahesh Surti (Direct)
919825762870,Mahesh Tailor Direct
917203999989,Mahesh Vaghani (Direct)
919898438909,Mahesh Vazani Direct
919825118635,mahesh wankawala jyotiben usa
918849011361,Mahesha Chuhan Direct
917405005555,Maheshbhai (Direct)
919228229813,Maheshbhai Chokwala (BRK Chandrakant Solanki)
919979710159,Maheshbhai Godhani (BRK Shailesh Thakkar)
919374030926,Maheshbhai Hirani (BRK Nayan Vesuwala)
919106486908,Maheshbhai J Vesuwala (BRK)
919998223782,Maheshbhai Joshi (Direct)
918866883888,Maheshbhai Kareliya (BRK JMS Property)
919898767700,Maheshbhai Kashyap (BRK Jay Jariwala)
918849203008,Maheshbhai Kataria (BRK Himanshu Kapadia)
918320072445,Maheshbhai Patel (BRK Ojasbhai)
919426106837,Maheshbhai Patel (Direct)
919825543777,Maheshbhai Patel (Direct)
919998740074,Maheshbhai Patel (Direct)
917778845987,Maheshbhai Prajapati (BRK Girishbhai)
919898201728,Maheshbhai Sabhadiya (BRK Sanjaybhai)
919925606138,Maheshbhai Soca (Direct)
919825162607,Maheshbhai Tank (BRK Himanshu)
917383737182,Maheshbhai Vora (BRK Chandrakant Solanki)
917984515058,Maheshkumar Bhagalia (Kunal Tailor Friend)
919925100063,Mahipadsingh Chauhan (BRK Sanjay Bhatt)
919978524707,Mahipal Singh
919925177791,Mahipat Sinh Dodiya (Direct)
919898068275,Mahtama Kaka
919727729812,Mahul Dave
919033101451,Maitril Shah Direct
919428873322,Mala Desai (BRK Kamlesh Javiya)
919824787507,Malaben Matawala(Brk Chandrkant Solanki)
918849513012,Malav Umeao
919879684711,Malay Chokshi
919328060707,Malay Joshi G. villas
919687114111,Malay Thakkar Direct
919374530387,Malchuji Pal (Direct)
918866331834,Mali Jeel G. villas
919925647673,Malini Deshai ( Brk Deepak Dariyani)
916352713864,Mamata Singh (Direct)
919624889070,Mamta Darshan Direct
919702250210,Mamta Mehta Direct
918347994199,Mamta Mishra Direct
919586260080,Mamta Patel G. villas
918422016687,Mamta Rathod
918200085780,Mamta Vaghela (FB)
918469885751,Man Mohan
917990646698,Manal Acharya
4917644432970,Manali Somani
919925564890,Manan Kelawala (Direct)
919979044012,Manan Pandya(Direct)
917777970733,Manan Parekh
919879797965,Manan Shah (BRK Mehul Kapadia)
919920992217,Manan Shah (Brk Pinkesh Chahwala)
919979043812,Manan Soni
917990216359,Manani Ben (Bkr Chandrakant Solanki)
918758153744,Manani Vipul Brk Daxesh Bhai
919725563066,Manaram Tandi Direct
919725353147,Manasukh N Polara
919879556180,Manav Aaiyar Direct
919408337018,Mandip Jain
917405446049,Mandip Patel(Deepan Dariyani)
919825943768,Mangal Patel (Direct)
919825508474,Mangawa
919537924743,Manhar Bhai Direct
917507744995,Manhar Jiwan(Direct)
919825518814,Manhar Patel
919925533960,Manhar Patel (BRK Chandrakant Solanki)
919825313353,Manhar Patel (Direct)
917990600918,Manhar Prajapati Direct
919714134115,Manhar Solanki (BRK Kamlesh Jalaram)
918866005703,Manhar Thakur Direct
919998242333,Manharsingh Rathod Direct
919825570178,Mani Bhai Delvadiya (Direct)
919824282825,Manilal Bhai
919429960619,Manilal Patel (Direct)
919328876000,Manish
919979886007,Manish (Direct)
919879103319,Manish Agarbatti (Sunil Punjabi )
919327395955,Manish Bhai
917715993999,Manish Bhai (Brk Chandrakant Solanki)
919727165432,Manish Bhai (Direct)
919898194587,Manish Bhai (Direct)
919979387964,Manish Bhai (Direct)
919664872407,Manish Bhai (Insta)
918141444678,Manish Bhai Direct
917874140094,Manish Bhai Direct
917874636484,Manish Bhai Direct
919898263679,Manish Bhai Direct
919879401261,Manish Bhai Direct
919429688418,Manish Bhai Dodiya Direct
917574941992,Manish Bhai Patel Direct
919925828492,Manish Bhatia
919979888009,Manish Bhatt (Brk Chandrakant Solanki)
919428758523,Manish Bhatt (Brk Rakesh Tailor)
917621094323,Manish Chadnani (Direct)
919909966062,Manish Chahan Direct
919099923001,Manish Chapaneri Direct
917486930357,Manish Chaudhary
918238030110,Manish Dadvad
919714440222,Manish DaseraWala Direct
919374757601,Manish Desai
919825147086,Manish Dodiya (Brk Chandrakant Solanki)
919998962827,Manish Gadhval ( Direct)
919624520746,Manish Gandhi
919725897399,Manish Gandhi
919825426299,Manish Gornana Direct
919033517190,Manish Goswami Direct
919081768335,Manish Halpati
919979596336,Manish I Patel (Gulamama)
919879260298,Manish Itc G. villas
919016176846,Manish Jain (Board
919879101241,Manish Jain Direct
919824810690,Manish Jambukiya
917984589376,Manish Jambukiya
919825788329,Manish Jariwala Direct
919725823085,Manish Jasani
919825567773,Manish Javiya
919427165432,Manish Joshi (Direct)
918140951353,Manish Kalkani (Direct)
919624349274,Manish Kapadiya (Brk Dipak Dariyani)
919824097886,Manish Khare (Direct)
919638879200,Manish Kothari Direct
919909978932,Manish Kumar
919033959502,Manish Lad
919825520367,Manish Lakhtariya (Direct)
919374501504,Manish Maisuriya Brk Rajesh Gajjar
919727767671,Manish Malke Direct
919925736472,Manish Mazi
917698051890,Manish Mehta ( Direct)
917698051893,Manish Mehta Direct
917016021121,Manish Mevawala (Direct)
919925073974,Manish Modi (Direct)
919909787620,Manish Modi Brk Harshil Shah
917046138146,Manish Morkar Direct
919924288099,Manish P Kondalkor (Direct)
919825498660,Manish Pandya (Direct)
919987385484,Manish Parekh (BRK Prakash Nathwani)
919426570892,Manish Parekh (Direct)
919426540892,Manish Parekh (Direct)
919824026919,Manish Parikh (Direct)
919825681476,Manish Patel
919824764168,Manish Patel
919979560126,Manish Patel (BRK Ojas Parekh)
918200193334,Manish Patel (BRK- Rajesh Gajjar)
919925242781,Manish Patel (Direct)
919825124508,Manish Patel (Direct)
917990429131,Manish Patel (Direct)
919558803172,Manish Patel (Direct)
919898961624,Manish Patel (Direct)
919909020128,Manish Patel (Direct)
919723555401,Manish Patel (Hiteshbhai Gatiwala Mutual Funds)
917600829317,Manish Patel (Nebula)
918511195068,Manish Patel Direct
919998223118,Manish Patel Direct
919825046316,Manish Patel(Brk Rajesh Gajjar)
918153924956,Manish Pawar Direct
919879101261,Manish Pendarkar Direct
919820656197,Manish Purohit Direct
917383494098,Manish Rana (Direct)
971505457954,Manish Rana (Shailesh Thakkar)
919904368316,Manish Ranpara (Direct)
916353363275,Manish Rathod
918200723594,Manish Sahani Direct
919016487168,Manish Sapatiya
919898097374,Manish Sarvaiya (Direct)
919327994891,Manish Shah
918511109110,Manish Shah ( Direct)
919825251850,Manish Shah Direct
918780428491,Manish Shah Direct
917874791781,Manish Shah Direct
919825297327,Manish Shah G. villas
919624796091,Manish Shi De
919724932580,Manish Singh Direct
919664853047,Manish Somani (Brk Kunal Gum)
919978924909,Manish Sonawala (Direct)
919925045597,Manish Sorthiya Direct
919712858546,Manish Sumani (Direct)
919375721703,Manish Sumnani (Brk Sonu Lakhwani)
919328233228,Manish Tailor
919974233228,Manish Tailor Direct
919408848483,Manish Talaviya (Direct)
919054393193,Manish Tiwari
917863059056,Manish Tiwari
919825338161,Manish Trivedi (Brk Chandrakant Solanki)
919825811001,Manish Vakhariya Direct
919879687188,Manish VankaWala Direct
919978844721,Manish Vasava (Direct)
919638053547,Manish Vekariya Lighting
919925042694,Manish Yadav
919825042694,Manish Yadav
919374539500,Manish Zareri Direct
919924121200,Manisha (FB)
919833238264,Manisha Atos
917096146773,Manisha ben ( Direct)
919408957505,Manisha Chauhan (Direct)
919979582681,Manisha en Patel(Brk Dipak Dariyani)
917573871074,Manisha Solanki (News)
917567328477,Manisha Vij G. villas
919879287653,Manishbhai Batliwala (BRK Pinkeshbhai Chahwala)
919824791828,Manishbhai Bhoj (BRK Chandrakant Solanki)
919998773035,Manishbhai Bhootwala (BRK Pinkeshbhai Chahwala)
919825188324,Manishbhai Jariwala (BRK Dineshbhai Thakkar)
919825640662,Manishbhai Pachighar (BRK Krunal Surati)
919879207783,Manishbhai Patel (BRK Chandrakant Solanki)
919904701242,Manishbhai S Patel (BRK Rakesh Patel)
919033506962,Manishbhai Tailor (BRK Chandrakant Solanki)
916359618196,Manishbhai Vandra (Direct)
919427159185,Manishbhai Varani (Direct)
919930136990,Manjit Shah
918780654644,Manju Maurya
919427135989,Manju Singh
918485848520,Mann Gupta
919079399567,Manohal Singh (Direct)
919377053923,manohar chandwani direct
919910070950,Manoj (Direct)
919327733771,Manoj (Insta)
919783840641,Manoj Agrawal
916355734097,Manoj Bardoli
918000600086,Manoj Bhai
919925574232,Manoj Bhai
919662813614,Manoj Bhai
919819166669,Manoj Bhai
919342938738,Manoj Bhai ( Direct)
919737899099,Manoj Bhai (Direct)
917567128949,Manoj Bhai (Direct)
917574001512,Manoj Bhai (Direct)
919979377099,Manoj Bhai (Direct)
919374118199,Manoj Bhai (Direct)
919429898477,Manoj Bhai Direct
919176865088,Manoj Bhai Direct
919998168960,Manoj Bhai Direct
919426908390,Manoj Bhai Katargam (Direct)
919998789290,Manoj Bhaib
919924702586,Manoj Bhargav
919925919250,Manoj Bhavsar (Direct)
918690429188,Manoj Chandwani Fb
917778804699,Manoj CharkhaWala (Direct)
919099835888,Manoj Chasia (Brk Chandrakant Solanki)
919825380990,Manoj Dalal Brk Pinkesh Chahwala
919979451771,Manoj Gajjar
919978310056,Manoj Gajjar Direct
919898530832,Manoj Gandhi (News)
919727657181,manoj jangid (direct)
917069455588,Manoj Jariwala
919586853848,Manoj Kakreja (BRK Chandrakant Solanki)
919879303041,Manoj Kamothi
919727844044,Manoj Kaniya (Brk Pinkal Anajwala)
919879516022,Manoj Kayasth (Direct)
919687160260,Manoj Khatri
918897234803,Manoj Kumar Direct
918743009800,Manoj Kumar Direct
919631096792,Manoj Kumar Ji Direct
919825166889,Manoj Layanswala (Direct)
919909506342,Manoj Lekavre ( Direct )
919928874232,Manoj Limbad
919778262728,Manoj M Modi (Brk Yogesh Jethwa)
919712541995,manoj m. roghwani (direct)
919898913321,Manoj Makwana
919879072468,Manoj Makwana
918892183154,Manoj Mishra
919909901404,Manoj Mohalik G. villas
919420374891,Manoj Motwani
919327380940,Manoj NavadiWala Direct
918320422302,Manoj Panawala
919462800245,Manoj Pandit
919825636300,Manoj Panjoli
919033978837,Manoj Panwala Direct
918758469108,Manoj Patel
917405110054,Manoj Patel
919825511448,Manoj Patel (Direct)
919727740041,Manoj Patel (Direct)
918460141911,Manoj Patel (Direct)
919909913395,Manoj Patel (Direct)
919427894583,Manoj Patel (Direct)
918238270133,Manoj Patel (Insta)
919825607686,Manoj Patel Direct
919726009569,Manoj Patel Direct
919925714154,Manoj Patel Pal (Fb)
917779042581,Manoj Patelv
918306886551,Manoj Patil (Bri Viraj Shah)
919824725961,Manoj Patil Direct
919824191321,manoj pipaliya (Anuj kapdiya)
918287342239,Manoj Pradhan (Direct)
919898500618,Manoj Rana (Direct)
919427138245,Manoj Rathod
918160610669,Manoj Sawani
919725129267,Manoj Sharma
919624116477,Manoj Shinde Brk Kunal Barot
919016391875,Manoj Singh (Direct)
918989238140,Manoj Soni
919898159008,Manoj Sumra Direct
918733051014,Manoj Surti Direct
918866457664,Manoj Tarsariya
919662023339,Manoj Thakkar
918141079501,Manoj Thana Direct
919979264735,Manoj Thule (Direct)
917228024060,Manoj Tiwari (Direct)
918128989245,Manoj Topiwala (Brk Paresh Patel Jalaram Group)
919879323000,Manoj Valor
917016381356,Manoj Vyash
917990529918,Manojbhai (BRK Sunilbhai Punjabi)
917990929918,Manojbhai Chapatwala (Direct)
919898586663,Manojbhai Gupta (BRK Bhavinbhai Chahwala)
919978725502,Manojbhai Modi (BRK Chandrakant Solanki)
919727820008,Manojbhai Parmar (Direct)
919879979927,Manojbhai Patel (BRK Rakeshbhai Patel )
919510718999,Manojbhai Rana (Direct)
919033174399,manojbhai Sevak (Sandip Patel )
917878717134,Manojbhai Thakkar (BRK Sanjaybhai)
919687599444,Manojbhai(Brk Dipakbhai)
917359286255,Manojit Bhai Direct
919377054344,Manojkumar Borad (FB)
918866254864,Manshi Mam
919137707786,Manshi Rathor Direct
919825131721,Manshukh Bhai (Direct)
919687763038,Mansi Gajjar (Direct)
917799848450,Mansi Khera
96897797126,Mansi Mehta (BRK Ravi Panchal)
918758532436,Mansukh Aahir (Direct)
919099019525,Mansukh Bhai
919426869629,Mansukh Brother Maskati
918980165880,Mansukh Desai (Direct)
919724332377,Mansukh Jadhav
919825241601,Mansukh Savaliya Direct
917567753451,Mansukhbhai Patel (Ramjibhai Koli Plot Holder Friend)
918511175464,Mansukhbhai Rana (Direct)
918141774433,Mansukhbhai Vaghela (BRK Dharmesh Jalaram)
918200593409,Manthan Jadav (Direct)
919409999044,Manthan Mavawala
919033125583,Manthan Patel Brk Rasesh Thakkar
919712323941,Manthan Shah Perfect Deal
917802010381,Manthan Shastri (Direct)
919913359262,Manu Fabricator
919429510783,Manu Limbachiya (Direct)
919375956993,Manu Parmar Direct
919909991266,Manu Rathod (Direct)
916356385591,Manvir Singh (Direct)
919033456791,Maran Lakdawala
919824384663,Mararjibhai Rathod (BRK Rahul Relative)
919726993124,Margesh Bhagat Direct
918104767877,Margi Shah
918291569087,Marketing
918928358575,Marsh Jariwala Direct
919724356959,Martand Kutar Direct
919825133313,Martin Modi (Direct)
917016369734,Masom Chaudhary
919574310443,Masukhbhai A Ghinaiya
918793631224,Mathukant Jhah (Direct)
918347575230,Maulik (Fb)
917016209942,Maulik Bhai
919723457215,Maulik Bhai (Direct)
919925585550,Maulik Bhatt Direct
919429277222,Maulik Desai
919724049431,Maulik Dhodakiya (Direct)
917984830859,Maulik Joshi
919106780075,Maulik Madrasi
917990856455,Maulik Maniya
919714140042,Maulik Nanavti Direct
919033793548,Maulik Panchal (Direct)
919825118239,Maulik Parekh G. villas
919913839056,Maulik Purohit
919909860984,Maulik Shah
919909860985,Maulik Shah
919624883333,Maulikbhai Patel(Direct)
919825194532,Maulin Master Direct
919662766856,Maunik Patel(Brk Shailesh Thakkar)
919879796432,Mauvlik Dve(Brk Chandrakant Solanki)
918490009201,Maya Avaiya G. villas
919638751288,Maya Patel (Dmart)
919825867656,Mayank Bhai
919016105325,Mayank Bhai (Direct)
919898247171,Mayank Bhai Fountain School
918780676030,Mayank Bhai Mehta Direct
917600565006,Mayank CA
919725753252,Mayank Chauhan
919033999347,Mayank Chawda
917567286366,Mayank Chitre
919898721580,Mayank Daruwala (Direct)
919427886068,Mayank Diheniya (BRL Chandrakant Solanki)
918866118499,Mayank Gajjar (Brk Deepak Dariyani)
917043150041,Mayank Goshwami
919974459972,Mayank Hindocha
919067223262,Mayank Kabutarwala
919537977799,Mayank Kharvar
918849453528,Mayank Maharaj (Brk Dipak Dariyani)
919376306060,Mayank Mevawala (Chandrakant Solanki)
917908271343,Mayank Mishra
919033130680,Mayank Patel
919033130630,Mayank Patel
917048822309,Mayank Patel (Direct)
917600911903,Mayank Patel (Direct)
918460335048,Mayank Patel (Direct)
919879102565,Mayank Patel Brk Sonu Thakkar
919408962510,Mayank Prajapti(Direct)
919638948003,Mayank Raval (Brk Hardik Jethwa)
917984942228,Mayank Shukla Brk Dipak Dariyani
919313197935,Mayank Soni
919574447220,Mayank Soni (BRK Parth)
919913163991,Mayank Steelvala
919925499889,Mayank Sueati
918200134715,Mayank Tailor
919925808008,Mayanka Patel Direct
918160940898,Mayankbhai Chitre (BRK Ajay T Patel)
918866486101,Mayankbhai Majethia (BRK Chandrakant Solanki)
919426115246,Mayankbhai Merchant (BRK Pinkesh Chahwala)
919925752989,Mayankbhai Patel (Direct)
919825966599,Mayankbhai Pathak (BRK Harshadbhai )
918469347748,Mayukh Rasania
919427106980,Mayur Ajmera (FB)
919375415370,Mayur Ariwala (Direct)
918758343830,Mayur Bajaj
917405332571,Mayur Bhagat (Brk Hardik Jethwa)
919712601989,Mayur Bhai
919687248081,Mayur Bhai
917777947534,Mayur Bhai ( Direct)
918980008211,Mayur Bhai Vaghela Direct
919909902422,Mayur Bhau Rana Direct
919537783344,Mayur Chauhan
919979498898,Mayur Chauhan Direct
918899498898,Mayur Chauhan Direct
917405674621,Mayur Dadamwala Direct
919898046760,Mayur Damanwala Direct
917984764885,Mayur Direct
919327585121,Mayur Gagnani
919510133345,Mayur Gajjar Direct
919724993405,Mayur Goghari G. villas
919825692012,Mayur Goshwami
919429469760,Mayur Italia(Brk Deepak Daryani)
919427864689,Mayur Jadav(Direct)
919427788951,Mayur Jade
919712675760,Mayur Kapadiya (Brk Dipak Dariyani)
919913579716,Mayur Katorawala Direct
919512222111,Mayur Khatri (Dmart)
919016530550,Mayur Magukiya
919429815059,Mayur Maheta
919033424369,Mayur Malavi
919879260225,Mayur Mali Direct
918780664822,Mayur Mamrawala (Brk Chirag Fastdeal Properties )
919925278789,Mayur Mistry
919328026856,Mayur Munali Direct
919099380326,Mayur Pandav (Insta)
919737233020,Mayur Parmar
918320409250,Mayur Patel
919998002483,Mayur Patel (Direct)
918200915767,Mayur Patel (Direct)
919879103542,Mayur Patel Brk Prakash Bhai
919687512384,Mayur Patel Direct
916352333815,Mayur Patel Direct
919090121128,Mayur Patel Direct
917567512043,Mayur Patel Direct
917600066544,Mayur Patel Direct
919909284463,Mayur Patel Direct
919377643971,Mayur Pnb Bank
919824657237,Mayur Prajapati (Direct)
918511557885,Mayur Prajapati Direct
919904176607,Mayur Prajapti
919712608897,Mayur Raval (Brk Jayesh Rathod)
919824133822,Mayur Rawal (BRK Chandrakant Solanki)
919662838877,Mayur Sapariya
919825563590,Mayur Shah
918490852612,Mayur Shah
918460852612,Mayur Shah
919099741757,Mayur Solanki (Direct)
919825562322,Mayur Soni (Direct)
917984048126,Mayur Soni (Direct)
919724849923,Mayur Surti
919428822071,Mayur Sutaria Vyara
919375523339,Mayur Tailor
919879113964,Mayur Tailor Direct
919925999055,Mayur Unagar (Direct)
919638665758,Mayur Vanani (Direct)
919925652049,Mayurbhai (BRK Pinkeshbhai)
918866227195,Mayurbhai Champaneria (Direct)
919824195464,Mayurbhai Choksi (Direct)
919033186885,Mayurbhai Pardiwala (BRK Kamleshbhai Javia)
919879528250,Mayurbhai Parikh (Direct)
919898182801,Mayurbhai Patel (BRK Ojas Parekh)
919898027218,Mayurbhai Prajapati (Brk Dipak Dariyani)
919978300194,Mayurbhai Prajapati (Direct)
919727564647,Mayurbhai Soni (BRK Chandrakant Solanki)
919977159112,Mayuresh Bhai
919998955899,Mayuri Ben G. villas
919099223307,Mayuri Mehta
919913087506,Mayuri Modi
919328623614,Mayuri Oza (Brk Deepak Dariyani)
917801989735,Mayuri Shrimali Direct
919327501573,Meena Ben (News)
919408612883,Meena Jethavani (Direct)
918264826759,Meena Sharma
918452040222,Meerabo Shah
919426747094,Meet
919054322522,Meet Atrasha (Insta)
918538306688,Meet Bhai
918530306688,Meet Bhai
919974103505,Meet Damakia (Direct)
917069165604,Meet Dobariya (Direct)
919913419461,Meet Haresh Bhai
918511643881,Meet Mehta
918197267179,Meet Mehta
918866224077,Meet Monpara
918866224078,Meet Mordiya
917016195345,Meet Narkar Brk Rajesh Gajjar
919638900868,Meet Parekh Direct
919979030630,Meet Parmar
918866014020,Meet Patel
918896014020,Meet Patel
919429186501,Meet Patel (Direct)
918488095953,Meet Rathor
919558916624,Meet Shah Btk Jatin Tejwani
918128974873,Meet Solanki
919724510097,Meeta Chapaneria
917874967858,Megh (Direct)
919712974493,Megha Bhatani
919408680004,Megha Shah (Direct)
919909445643,Megha Shah Direct
918320550287,Meghaben (BRK Kamlesh Javiya)
919327010278,Meghana Ben Direct
919099603930,Meghaya Adhvarya Direct
919687428521,Meghraj Bhai Fountainhead School
919979298083,Mehesh Patel
919998965116,Mehul Barafiwala
919909955375,Mehul Barbodhania G. villas
919624637899,Mehul Bhai
919924512127,Mehul Bhai
918141551110,Mehul Bhai ( Direct)
919173340773,Mehul Bhai (Direct)
919879547730,Mehul Bhai (Direct)
919624735343,Mehul Bhai (Direct)
919879103171,Mehul Bhai Bhavsar (Direct)
918690776674,Mehul Bhai Direct
919904493377,Mehul Bhai Jadav (Direct)
919724035582,Mehul Bhai Mehta (Direct)
919825278922,Mehul Bhai Patel Direct
919173386244,Mehul Bhai Vala Direct
919913159123,Mehul Bhandari
919920590099,Mehul Bhanushali (Insta)
919904789925,Mehul Bhava Direct
919825295600,Mehul Boghawala
919327022622,Mehul Bundela G. villas
919825911999,Mehul Champaneria (News)
917874753123,Mehul Chauhan
918140105208,Mehul Chauhan (BRK Chandrakant Solanki)
919428871910,Mehul Chauhan Brk Hardik Vaidya
917043312040,Mehul Chawla
919967968057,Mehul Chhatbar
918320210932,Mehul Dave Brk Ashvin Vyas
919879887033,Mehul Dhoti Jotawala Direct
919825766570,Mehul Gandhi
919924380540,Mehul Gandhi
919927380540,Mehul Gandhi
918460405048,Mehul Gandhi (Direct)
919925112029,Mehul Gandhi Direct
919712995059,Mehul Ganzawala
919879103430,Mehul Gohil (BRK Chandrakant Solanki)
916356118726,Mehul Gohil (Kamlesh Javia)
917778892510,Mehul Ingle Direct
918511196127,Mehul Jani
919979970180,Mehul Jariwala (Direct)
919909902447,Mehul Kachia (Direct)
919099733632,Mehul Kaklotar
919825185336,Mehul Kansara
919662164235,Mehul Katarganiya (Direct)
919033706105,Mehul Kelawala (Direct)
919712030787,Mehul Kumar
919904221197,Mehul Lekavare Brk Ravi Drivedi
917433808909,Mehul Maisuriya (Direct)
917990435556,Mehul Master (Direct)
919824525613,Mehul Mewawaka
919825126590,Mehul Modi (Brk Dipesh Sopariwala)
919924505658,Mehul Modi (Direct)
919824704654,Mehul Nanavati (Direct)
919824014064,Mehul Oatel
919687626929,Mehul Panchal (Direct)
919998963595,Mehul Panchal Direct
919924309396,Mehul Parekh
919979100049,Mehul Parmar (Direct)
919824154540,Mehul Patel
919913497993,Mehul Patel
919978919586,Mehul Patel
919998750744,Mehul Patel
919825862063,Mehul Patel
919727971911,Mehul Patel
919925612500,Mehul Patel
919099988852,Mehul Patel (Direct)
919909901049,Mehul Patel (Direct)
919979970077,Mehul Patel (Insta)
919913650944,Mehul Patel Direct
919099025465,Mehul Patel Direct
918000790299,Mehul Patel Direct
917990708359,Mehul Patel Direct
919979615545,Mehul Prajapati (BRK Sahaj Gadhiya)
919167085599,Mehul Prakash Bhanushali (Insta)
919377779929,Mehul Sanghvi
919586898285,Mehul Shah (Direct)
919428394596,Mehul Shah (Direct)
918200312204,Mehul Shinoa (Direct)
917383834141,Mehul Solanki Direct
919662023950,Mehul Soni (Direct)
919510661177,Mehul Tailor G. villas
916359115056,Mehul Tamakuwala (Brk Himanshu)
919099781810,Mehul Vaghasiya
919773196332,Mehul Vijuda (Direct)
917874232511,Mehul Vyarawala (Direct)
919824147513,Mehul Zaveri Brk Chandrakant Solanki
919737043030,Mehulbhai (BRK Chandrakant Solanki)
919925966667,mehulbhai (Direct)
919979880844,Mehulbhai Desrawala (BRK Chandrakant Solanki)
919724049072,Mehulbhai Golwala (BRK Pinkalbhai Anujwala)
919925060193,Mehulbhai Kalsania (Direct)
919377893865,Mehulbhai Masroowala (BRK Jalaram)
919737945999,Mehulbhai Modi (Direct)
919909099000,Mehulbhai More (BRK Chandrakant Solanki)
919898072056,Mehulbhai Parmar (Direct)
919712969005,Mehulbhai Patel ( BRK Kamleshbhai Jalaram)
919725992490,Mehulbhai Patel (BRK Ajay
919824374964,Mehulbhai Patel (Direct)
919824683292,Mehulbhai Soni (BRK Keyurbhai)
919979865035,Mehulkumar Gatorwala
919825374964,Melvin Thomas
918511449696,Meru Odedara Direct
919825639391,Meru Patel Direct
917874285242,Micky Solanki
919909024599,Midhit Patel (Direct)
919933059598,Mihir Bhai ( Direct)
919033059598,Mihir Bhai ( Direct)
919879771499,Mihir Bhatt
919726816303,Mihir Chauhan (Direct)
918401175677,Mihir Gandhi (Direct)
919019408114,Mihir Gatiwala (Direct)
919601151348,Mihir Jha Direct
918980096949,Mihir Mahajan
919033949159,Mihir Maisuriya (Direct)
917874785471,Mihir Mevawala(direct)
919879107894,Mihir Pancholi (Direct)
916352860981,Mihir Parekh Direct
918200745179,Mihir Patel
919825085809,Mihir Patel
916351100820,Mihir Patel (Direct)
919825885809,Mihir Patel Brk Hardik Jethwa
919737776916,Mihir Patel Direct
919099670353,Mihir Patel Direct
919904722463,Mihir Pathak Direct
918600145107,Mihir Raval
919974065194,Mihir Shah Direct
918153022711,Mihir Tailor
919979144366,Mihirbhai Patel (Mehul Kapadia)
917383821737,Milan Bhai (Brk Chandrakant Solanki)
919586647800,Milan Bhai Odedra Direct
917405740890,Milan Chauhan (Direct)
917567577738,Milan Chauhan Brk Shailesh Desai
919099599006,Milan Chawda (Brk Munna Jalaram)
919510563343,Milan Darji (Direct)
919016223923,Milan Desai Direct
919909534583,Milan Khuman
918160639013,Milan Oatel
919879104932,Milan Panchal Bbt
918866830059,Milan Patel
918980027192,Milan Sukla
917359178178,Milan Tripathi(Direct)
919409304041,Milan Vaghasiya Direct
919737149422,Milanbhai / Amitbhai (BRK Ojasbhai )
919913072678,Milanbhai Shishagria (Direct)
918469964746,Milap Mayani (Direct)
919824095688,Milap Nasikkar
918980606505,Milap Patel
919924006937,Milap Patel 2
918980606506,Milap Patel Direct
919925508801,Milap Prajapati
919313062163,Milay Surti
919824477044,Milin Trivedi Direct
919898008961,Milind Bhatt (Direct)
916355870059,Milind Khambhata
919574055510,Milind Majmudar (Direct)
917600028296,Milind Modi
919687380423,Milk Dhudhvala
919925755069,Mimonsh Bodiwala (BRK Pinkesh Chahwala)
919023235299,Mina Ben Ladva
919979618561,Mina Manik Direct
919824233660,Minakshi H Kabrawala (Direct)
918732918383,Minal Maheshvari Brk Perfect Deal
918140529429,Minaxi (Dmart)
918451877456,Minaxi Ben (Brk Dakshit Bhai)
919825862929,Minesh Lapsiwala (Direct)
919998220199,Minesh Pardeshi ( Direct)
919099943340,Minesh Parekh
919558204360,Minesh Patel Direct
919537556919,Minesh Patelv
919375759233,Minesh Pipaliya
919512396655,Minesh Ranggani
919825835648,Mineshbhai Gohil (BRK Jatinbhai Lalawala)
919924944110,Minrsh Mistry
919099016767,Mira Chaudhary
918460086050,Mirag Bhai (Direct)
919930936925,Miraj Bhayani Direct
919558567476,Miraj Parekh (Brk Deepak Dariyani)
919909984230,Miral Patel Direct
918980802480,Mishra
919825898096,Miss Prajapati
919825299002,Mistry Janak G. villas
918690712109,Mit Prajapati
919638281601,Mita Burade
919035246455,Mital Gandhi Direct
916353367633,Mital Modi (Rasesh Thakkar )
917622046965,Mitali Rathod (Direct)
919898066227,Mitang Shah G. villas
919723539345,Miten Parmar
917202960834,Mitesg Patel
919725037837,Mitesh Aahir (Direct)
918003380016,Mitesh Aahir (Direct)
919879067688,Mitesh Adhvarya Brk Rajesh Modi
919925241294,Mitesh Bha
917045442093,Mitesh Bhai
918735076667,Mitesh Bhai Direct
919925829258,Mitesh Bhai Silverstone Villas
919558052255,Mitesh Bhatiya
918511004440,Mitesh Bhatt
919998007253,Mitesh Gandhi
917830417794,Mitesh Garg
917990327232,Mitesh Gohil
917600909636,Mitesh Gohil
916355202455,Mitesh Gohil
917016603565,Mitesh Gore Brk Rasesh Thakkar
919825024441,Mitesh Kanthariya Brk Dixit Monpara
919974654274,Mitesh Kataria (Direct)
919898628398,Mitesh Lad (BRK Chandrakant Solanki)
918070888000,Mitesh Matnani (Direct)
918238202916,Mitesh Mehrani (Direct)
919925417268,Mitesh Methiwala
919033370483,Mitesh Modi (Brk Chandrakant Solanki)
918160687794,Mitesh Panchal
918238799728,Mitesh Panchal (Direct)
919925661813,Mitesh Parekh
919714890606,Mitesh Parekh Direct
917600727663,Mitesh Patel
919825057466,Mitesh Patel
919081888191,Mitesh Patel
917016776322,Mitesh Patel ( Brk Kamlesh)
919825781845,Mitesh Patel (Direct)
919586438756,Mitesh Patel (Direct)
918849819583,Mitesh Patel (Direct)
919737917063,Mitesh Patel Direct
919979946657,Mitesh Patel Direct
919898916216,Mitesh Patel Direct
919099353525,Mitesh Prajapati (BRK Dakshit Monpara)
917383069266,Mitesh Purohit (Direct)
918141399575,Mitesh Rajput (Direct)
919879193402,Mitesh Rasawala
919974220530,Mitesh Sevak
918291910275,Mitesh Shah (Direct)
917984877171,Mitesh Singh
919979488667,Mitesh Sojitra
919879144511,Mitesh Solanki Direct
919909902801,Mitesh Solanki Direct
919974422550,Mitesh Thakkar (Direct)
919824439677,Mitesh Thakkar Direct
919687809306,Miteshbhai Chauhan (Direct)
919687688803,Miteshbhai Darji
919898049988,Miteshbhai Joshi (BRK Ashwin Pandya)
919227037000,Miteshbhai Lambawala (BRK Chandrakant Solanki)
919725913164,Miteshbhai Nakum (Direct)
919173245573,Miteshbhai Pardhi (BRK Bhavinbhai Chahwala)
919662414347,Miteshbhai Patel (Direct)
918866621221,Miteshbhai Purohit (Direct)
919825100606,Miteshbhai Raval(BRK Hitesh Gatiwala)
919327547807,Miteshbhai Sampat (Direct)
919967702729,Mithil Chapaneria
919687950666,Mithil Mehta (Direct)
919811399038,Mithilesh Goyal
917405064000,Mithun Bhagat (BRK Chandrakant Solanki)
917990313582,Mithun Khatiwala (Fb)
919537699300,Mitsh Gavni
919276355224,Mittal Bhai Gohel ( Brk Chandrakant Solanki)
917600520711,Mittal Modi (Brk Bhavinbhai)
919638666636,Mittal Patel Direct
919727740129,Mitu Patel Direct
919998381405,Mitul Aahir (Brk Rasesh Thakkar)
917977981471,Mitul Bhai
919049835877,Mitul Bhai
917874553373,Mitul Bhai Savaliya Direct
919913083366,Mitul Desai
919714153118,Mitul Diyora Direct
919879672572,Mitul Gandhi(Direct)
918690979299,Mitul Jedeeya Direct
917069003622,Mitul Kiritbhai Patel (Direct)
919925959196,Mitul Parmar Direct
919825320288,Mitul Patel (Direct)
917405735044,Mitul Patel Fb
919277707303,Mitul Shah
919586895945,Mitul Suchak
917567575875,Mitulbhai (Direct)
919930906445,Mitulbhai Dailya (BRK Chandrakant Solanki)
919825150586,Mitulbhai Gamit (BRK Chandrakant Solanki)
917600029740,Mitulbhai Rana (BRK Bhavinbhai Chahwala)
919879586781,Mitulbhai Sailor (BRK Pinkeshbhai Chahwala)
919601291199,Mitulbhai Soni (Direct)
919934985070,Modan Mishra
919898009062,Modi Direct
919924876639,Modi Sandip
918879887919,Mogu Bhai (Insta)
919879383076,Mohan Bhai
918849700081,Mohan Bhai (Direct)
919879237286,Mohan Bhai Direct
919898303268,Mohan Bhai Nepal
919879337352,Mohan J Patel Direct
919913090657,Mohan Misra (Direct)
919825971245,Mohan Patel
919168878068,Mohan Patel
919825154642,Mohan Patel
919898084616,Mohan Patel G. villas
919712641610,Mohan Sumra
919376198137,Mohan Wagh
917405280316,Mohan Yadav
919913460306,Mohanbhai Purohit ( Direct)
918401827535,Mohik Shah (Direct)
919879859220,Mohin Jariwala Direct
919099157254,Mohini Patel
918460275586,Mohit Baraiya
919017532126,Mohit Bhai (BRK- bhavik Thakkar)
919725193020,Mohit Bhai Patel Direct
918200184484,Mohit Jariwala Direct
919552539029,Mohit Joshi ( Direct)
919552439029,Mohit Joshi (Direct)
917817067152,Mohit Kansara
918169757652,Mohit Mistry
918602955383,Mohit Ntpc
919033621901,Mohit Parekh (Direct)
919725193028,Mohit Patrl
917240035139,Mohit Purohit
918866601398,Mohit Sharma
919016630704,Mohit Sorya
918320554113,Mohit Wakawala (Direct)
919586592235,Mohit Walawala (Kunal Surti)
917984186471,Mohitbhai Patdiya Brk Sonu Thakkar
919724338144,Mohitbhai Shastri (BRK Jalaram)
919924585348,Moil
919429643714,Mojadi Gordhanbhai
919426630808,Mojis
919913197650,Moksh Patel (Camera)
917096089571,Molah Bhai Bkr Rashesh Thakkar
919723252310,Monika Patel Direct
919033425608,Monil Gandhi
919723918880,Monil Patel Direct
919099242555,Monil Tailor (Direct)
917043042955,Monilbhai Prajapati (BRK Munnabhai Thakkar)
919428821932,Monish Rathod
919104117038,Monish Surti
919033933208,Montu Axaresh
919033116491,Montu Bhai
919898555387,Montu Chauhan (Direct)
918401156542,Montu Gohil (Direct)
919173577592,Montu Jadav(Direct)
919409304335,Montu Kumar Patel (Direct)
919016948220,Montubhai (BRK Pinkesh Chahwala)
919825058886,Montubhai Amin (BRK Pinkesh Chahwala)
919998031184,Montubhai Charan (Direct)
919099862083,Montubhai Patel (Brk Deepak Dariyani)
919879379557,Montubhai(Direct)
919725966467,Mormukut Sharma G. villas
919327272272,Mritun Jay
919328837002,Mrudang Kothari
919537399571,Mrugesh (Brk Dipak Dariyani)
918780276787,Mrugesh Mardan (Insta)
919924561491,Mrunal Kothari (Insta)
919724322634,Mrunal modi Direct
917211119806,Mrunal Solanki
919824035536,Mrunal Trivedi Direct
919265138946,Mudit Gandhi (Direct)
919898375725,Mukehbhai Dalia (BRK Ravibhai)
919712345454,Mukesh Aahir (News)
919879108377,Mukesh Agrawal
919375305481,Mukesh Avasthi Direct
919099848726,Mukesh B Patel Direct
919909450685,Mukesh Barot
916355433188,Mukesh Bhadarka ( Direct)
918141738673,Mukesh Bhai
919374191802,Mukesh Bhai
917778870117,Mukesh Bhai
919512593537,Mukesh Bhai
918000265840,Mukesh Bhai (Direct)
919825769979,Mukesh Bhai (Direct)
919909508488,Mukesh Bhai Direct
919375587681,Mukesh Bhai Kilani (Brk Chandrakant Solanki)
919825044029,Mukesh Bhai Postywala Direct
919825666480,Mukesh Bhai V Lakdiya(Direct)
919913156564,Mukesh Bhoj(Direct)
919825241479,Mukesh Boricha ( Brk Deepak Dariyani)
919824466664,Mukesh Chablani(Brk Sonu Lakhwani)
919426146880,Mukesh Chandra Direct
919033080711,Mukesh Charaniya
919033880711,Mukesh Charniya
919824002606,Mukesh Chatani (Direct)
919825377750,Mukesh Chaudhary
919825287760,Mukesh Chauhan
919427414658,Mukesh Chauhan Direct
919106645583,Mukesh Gandhi
919824627483,Mukesh Gangani (Brk Kamlesh Javia)
919429472130,Mukesh Gauswami ( Direct)
917567245456,Mukesh Ghoghari Direct
919879687595,Mukesh Gupta G. villas
919879361583,Mukesh H. Sompura (Direct)
919726923400,Mukesh Italiya Block
919925673858,Mukesh Kachariya
919898191771,Mukesh Kothari Brk Siddhartha Thakkar
919764815353,Mukesh Kumar
917276857250,Mukesh Kumar
919426812251,Mukesh Lakkad
919727458174,Mukesh M. patel
919327955888,Mukesh Makwana (Direct)
919727448481,Mukesh Maniya Direct
919427448481,Mukesh Maniya Direct
919998973103,Mukesh Mehta
918734937666,Mukesh Mewada
919558740060,Mukesh Mistry (News)
917984344714,Mukesh Modi
919375494176,Mukesh Nair (Rajesh Gajjar)
917990280014,Mukesh Nayak
919925048336,Mukesh Nayak
919924567277,Mukesh Palsanwala D
919879821834,Mukesh Panchal
918141811055,mukesh panchani Insta
919879606626,Mukesh Pande Brk Nilesh Modi
919376952241,Mukesh Pandya (Direct)
918963959004,Mukesh Pandya (Direct)
919726272350,Mukesh Parekh (Brk Shailesh Thakkar)
919173068851,Mukesh Parmar
919106023840,Mukesh Parmar
918200991487,Mukesh Parmar (Direct)
919725960970,Mukesh Patel
919714660000,Mukesh Patel
919824126646,Mukesh Patel
919825941262,Mukesh Patel
919904403446,Mukesh Patel
917228004300,Mukesh Patel
919099003611,Mukesh Patel (Brk Chandrakant Solanki)
919824139670,Mukesh Patel (Brk Viresh Thakkar)
919824198541,Mukesh Patel (Direct)
919724321772,Mukesh Patel (Direct)
919898298754,Mukesh Patel (Direct)
919904403436,Mukesh Patel (Direct)
919925246665,Mukesh Patel (Direct)
919825411914,Mukesh Patel Brk Dinesh Thakkar
919824987400,Mukesh Patel Direct
919898602645,Mukesh Patel Direct
919824102906,Mukesh Patel Direct
919879085584,Mukesh Patel Direct
917016763551,Mukesh Patel G. villas
919879066203,Mukesh Patelb
918780771143,Mukesh Patil
917779088841,Mukesh Prajapati (Brk Deepak Dariyani)
919687181810,Mukesh Prajapati Direct
919714690324,Mukesh Ramani(Insta)
917016762972,Mukesh Ramparia Brk Rajesh Gajjar
919537111887,Mukesh Rana
919879067277,mukesh Rao
919879294139,Mukesh Rathor (Direct)
918511016122,Mukesh Rawal Direct
919925004748,Mukesh Road Contractor
919638044521,Mukesh Sapra (Brk Dixitbhai)
919879788720,Mukesh Sataki (Direct)
919427645165,Mukesh Shah Direct
919898167693,Mukesh Shastri Direct
918735860424,Mukesh Shaw Direct
919825135006,Mukesh Sholu
919825916093,Mukesh Singh ( Direct)
919824798373,Mukesh Solanki G. villas
919825636771,Mukesh Surti Brk Rajesh Modi
919726933528,Mukesh Tewatia
917359666288,Mukesh Tiwari Direct
919825784410,Mukesh Vaghela (Brk Ghanshyam Bhai)
919428821871,Mukesh Vaghela Direct
919427496069,Mukesh Vaghela Direct
919327517613,Mukesh Varma (Direct)
919925433074,Mukeshbhai Amabala (BRK Kamleshbhai Javiya)
919824480265,Mukeshbhai Bhutwala (BRK Nileshbhai Ghatiwala)
919825152244,Mukeshbhai Gopaala( BRK)
919998923768,Mukeshbhai Jugal (Direct)
919601151828,Mukeshbhai K Patel (Brk Ghanshyambhai)
917600003951,Mukeshbhai Kacha (BRK Dharmeshbhai Sayona)
919898403452,Mukeshbhai Mehta (Direct)
919825594414,Mukeshbhai Patel (BRK Hardik Vaidya)
919898671985,Mukeshbhai Patel (Direct)
918401421100,Mukeshbhai Viras (BRK Chandrakant Solanki)
919879653831,Mukeshbuai(Direct)
919664679946,Mukti Jayeshwad Direct
916352113111,Mukul Saini
918000261426,Mukulray Parmar (BRK Chandrakant Solanki)
917990179640,Mukund Chatriwala (Direct)
919426071068,Mukund Godse (Direct)
918200993094,Mukund Kapadia (Direct)
919426543550,Mukund Kapadiya
919377224859,Mukund Panchal
917434923400,Mukund Wankawala
918469710739,Mulchbhai Bhajiwala (BRK Haridk Jethva)
919725899582,Mulick Kayast Direct
919687059800,Mumbai Pune G. villa
918156010420,Munjal Mehta (Direct)
919909993231,Munjal Patel (Direct)
919825870158,Munna Bhai ( Direct)
918866428096,Munna Bhai Direct
919313354316,Munna Patel (Brk Nayan Vesuwala)
917202012344,MUNNA SHUKUL G. villas
918849154067,Munnabhai Silver (Direct)
919725224956,Murti Nanpalia (Direct)
919898168182,Murugesh Patel (Brk Dixit Bhai)
919998360611,Muskan Tewani (Direct)
919898266001,Mustak Mansuri (News)
918866373553,Mutesh Chauhan
919409309740,N D Shah
919033603967,N J Panchal Ntpc
919925619124,N k More
919745997909,N M Bhoj
919712997909,N M Bhoj (Direct)
919879220086,N pandey
919825508475,N S Mangawa
919377377373,N Solanki
919316433317,N. M Karia Direct
919998495455,N. s Solanki (Brk Rajesh Gajjar)
919712798186,N.G Solanki
919879108202,N.N Varma (Direct)
919769518943,N.S Tomar (Brk Dipak Dariyani)
918690988209,Nag
919512379334,Naga Arjun
919879103873,Nagendra Bhai
918010121915,Nagendra Kumar Direct
919374724106,Naginbhai Mokani(Brk Kamleshbhai Javiya)
919998236782,Nagjibhai M Chavda
919687630033,Nailesh Joshi (Direct)
918460834890,Naimish Bhai
919924183520,Naimish Shah G. villas
917984567752,Naina Ben Jogdiya
919099000092,Naina Patel
919327309224,Nainesh Bhagat
919662926248,Nainesh Chauhan (Direct)
919924911558,Nainesh Dalal Direct
919537330003,Nainesh Kadam
919033625838,Nainesh Mistry (Direct)
919924849968,Nainesh Mistry Direct
919724300821,Nainesh Parmar (Direct)
918160125368,Nainesh Patel
919924472799,Nairuti Patel
919586251122,Naitik Gamik
919029312034,Naitik Kansara
919913775436,Naitikbhai(Brk Deepak Daryani)
919558050099,Nakshatra Parikh (BRk Chandrakant Solanki)
919106049115,Nakul Bhai ( Direct)
919510226791,Nakul Danecha Direct
917016679206,Nakul Khalasi Direct
919725554446,Nakulbhai Patel (BRK Chandrakant Solanki)
919909902452,Nalin Bhadresha (Brk Dharshan Bhai)
919925203878,Nalin Ghosai
919925242054,Nalin Patel (Direct)
918469947500,Nalin Patel ADAJAN POLICE
919979393211,Nalinbhai Raval
919909902382,Naman Gandhi Direct
919913868659,Namdevbhai Ambike(Direct)
918780305689,Nancy Modi Brk Chandrakant Solanki
918155999332,Nanddip Tailor
918469289205,Nandkishor (Brk Munnabhai)
919429189594,Nandkishor Joshi (Direct)
919677338777,Nandkumar Direct
919820459121,Nanji Setha (Direct)
919427123402,Nanu Gamit (Brk Rupesh Jadhav)
919687613235,Nanubhai Patel (Direct)
919925602003,Narad Bhai Tara (Brk Siddharth Khoda Bhai)
919978560608,Naradbhai Tada (Sidhart Khoda)
919825481234,Naran R.Gambhava Direct
916353208617,Naranbhai Raghvani (Direct)
918780078899,Narayan Bhai ( Direct)
919723771747,Narayan Chevli
919512049172,Narayan Mistry
919825141949,Narayanbhai (Brk Bhavin Chawala)
919726410596,Naren Viran
919662521941,Narendra Baraiya (Direct)
918828034843,Narendra Bhai
919979613042,Narendra Bhai
919998233559,Narendra Bhai
919825140443,Narendra Bhai (Direct)
919537355560,Narendra Bhai Direct
918460091555,Narendra Bhai Kumar (Direct)
919909901516,Narendra Bhai Patel (Direct)
919687769595,Narendra Brambhatt
919879662817,Narendra Chaudhary(Direct)
919913191513,Narendra Chauhan Brk Munna Thakkar
919987331185,Narendra Dhanak G. villas
919824173909,Narendra G. villas
918141200333,Narendra Gohil
919879106162,Narendra Gupta Direct
919227903012,Narendra Jariwala (Direct)
919824112706,Narendra Jharsora Direct
917383444448,Narendra Joshi Direct
919726126058,Narendra Kumar Direct
919825465926,Narendra Likhiya (Direct)
919723052939,Narendra Makwana (Direct)
917284877151,Narendra Pal (Direct)
917984992105,Narendra Patel
919898448753,Narendra Patel (Direct)
919427113535,Narendra Patel Canada
919930955934,Narendra Patel Direct
919824422095,Narendra Patel Direct
919824185659,Narendra Peyad (Direct)
919924615085,Narendra Prajapati
919558418310,Narendra Rana
919054367879,Narendra Shah ( Direct)
919374710299,Narendra Shah Direct
919925795095,Narendra Singh Gohil
919725241992,Narendra Surti
919409701913,Narendra Surti
919909159637,Narendrabhai (BRK Ajay T Patel)
919426841845,Narendrabhai Navdiwala (Direct)
918401883134,Narendran Patel
919879113409,Naresh Aahir (Direct)
919638006337,Naresh Bhai
918866165649,Naresh Bhai
919825143801,Naresh Bhai ( Direct)
919426062578,Naresh Bhai (Brk Munna Bhai)
917874799023,Naresh Bhai (Direct)
919879209993,Naresh Bhai (Direct)
917874786879,Naresh Bhai (Direct) com
919825296997,Naresh Bhai Direct
919662766140,Naresh bhai Maisooriya (Direct)
919426765524,Naresh Bhai Patel Direct
919979912394,Naresh Boraniya Direct
919909186085,Naresh Boricha
919228502199,Naresh Cahndra Mevawala (Brk Chandrakant Solanki)
918511508898,Naresh Champaner (Brk Amit Champanira)
919825493953,Naresh Chauhan (Direct)
917046627390,Naresh Cp Office (Dmart)
919898826562,Naresh Dabhi
919979142327,Naresh Dawar G. villas
919825294576,Naresh
919924152962,Naresh Gohil Direct
919909591057,Naresh Jain
919824135265,Naresh Javeriya Brk Ajay Panwala
919979455311,"Naresh Kanabi ,(Brk Dilkhush)"
919909160152,Naresh Khalasi (Brk Nioen Modi)
919714900558,Naresh Khuman
918200277935,Naresh Kuduskar Direct
919824132551,Naresh Mandora (Direct)
919537564534,Naresh Mehta
919726697468,Naresh Mistry
919898560240,Naresh Mistry
919925161706,Naresh Mistry Direct
919726697268,Naresh Mistry Direct
919337609784,Naresh Mohanty
919104433947,Naresh Parmar
918866237597,Naresh Parmar
919712068500,Naresh Parmar
919879825002,Naresh Parmar Direct
918980233567,Naresh patel (brk Dipak dariyani)
919913762587,Naresh Patel (Brk Kamlesh Javia )
919979453838,Naresh Patel Direct
919898623407,Naresh Patel Direct
919925034454,Naresh Patel Direct
919879364866,Naresh Patel Direct
918080383849,Naresh Patel Direct
919714858164,Naresh Patel G. villas
919427478111,Naresh Rana Brk Chandrakant Solanki
919016217135,Naresh Shah (Insta)
918980118000,Naresh Solanki
918734009124,Naresh Solanki Direct
918758096641,Naresh Sonavla (Direct)
919825148134,Naresh Thakkar (Direct)
919228373323,Naresh Tikmani
917984048057,Naresh Viradia (News)
919586728076,Naresh Wala Direct
919712238727,Nareshbhai (BRK Himanshu Kapadia)
919537599394,Nareshbhai Ahuja (Kamlesh Javiya)
917405153363,Nareshbhai D Nagar(Brk Dipak Daryani)
919323370571,Nareshbhai Dhola (BRK Daxesh Monpara)
919825372885,Nareshbhai Dr
919428627390,Nareshbhai Gadaria (BRK Mayankbhai )
919825279837,Nareshbhai Jadav (Brk Jms Property)
919879914564,Nareshbhai Prajapati (Direct)
919979462817,Nareshbhai Sapariya (BRK Himanshu Kapadia)
919723325212,Nareshbhai Savani (BRK Chandrakant Solanki)
919824847270,Nareshbhai Solanki (Direct)
919974870468,Narsi Mehta (Direct)
918780817859,Natan Badariya
918488899014,Natasha Nayak Direct
919909117336,Natavarbhai Patel
918141493428,Natik Solanki (BRK Dharmesh Jalaram)
919638783928,Natu Bhai Bhedan 28
919909070717,Natu Bhai Patel Direct
919428869600,Natu Bhai Soni
919023909558,Natubhai Nakrani
919328327888,Natvar Daxini Direct
918000340077,Natvar Parjapti Direct
917567957999,Natvar Sinh Parmar Calling Direct
919825220601,Natvarbhai Makwana (BRK Chandrakant Solanki)
919979465672,Natvarlal Mistry
919638336451,Natwarlal K Patel (BRK Himanshu Jalaram)
919825946197,Naveen Bhai (Direct)
919825468275,Navin Adhyay
919898732990,Navin Ahuja
919033921960,Navin Bhai Direct
919824454174,Navin Chandarana (News)
919879148617,Navin Chaudhary (Direct)
919825094969,Navin Chauhan Direct
919726245323,Navin Gamit
917434066981,Navin Joshi
919825689091,Navin Nair (Direct)
917567292272,Navin Parmar (Bharuch)
919601278336,Navin Parmar (Brk Dipak Dariyani)
919724348968,Navin Patel
919909996339,Navin Patel (Brk Jatin Parneriya )
919714755044,Navin Rao Direct
919979454608,Navin Rathod ( Direct)
919979911511,Navinbhai Chauhan (Direct)
919998598181,Navinbhai Patel (BRK Dharmeshbhai Aarivala)
917600027613,Navinbhai Patel (Direct)
917984482207,Navinchandra Patel
917624040000,Navneet
918140400830,Navneet Kachariya
919712781233,Navneet Manani (Direct)
919426893101,Navneet Patel
919904764703,Navneet Patel Direct
919925832551,Navneetbhai (BRK Chandrakant Solanki)
919909920788,Navnit Patel (Direct)
919428166114,Navnit Tamakuwala
919898414115,Navnitbhai Mori Direct
919016905185,Navsl Modi Direct
919978465313,Nayan Bhai
918511211517,Nayan Charaniya(News)
919825411125,Nayan Choksi (Direct)
919157903270,Nayan Kalsariya Direct
919664675759,Nayan Maisuria (Direct)
917016074668,Nayan Modi
919099879609,Nayan Parmar
919979975506,Nayan Parmar (Direct)
919374169301,Nayan Patel
919824356425,Nayan Rana
918160634371,Nayan Solanki
918800596402,Nayan Surti Direct
919426148345,Nayan Vaghela (BRK Kantibhai Jalaram)
919033208482,Nayan Vaidya
918235868622,Nayan Vasava (Direct)
918238868622,Nayan Vasava Direct
919925014265,Nayana Chawda
919898189600,Nayana Patel G. villas
919879519091,Nayanbhai Bhagat Lawyer (BRK Pinkeshbhai Chahwala)
919374304794,Nayankumar Singh (BRK Hardik Jethva)
919558246705,Nayna Ben Surti Brk Rajesh Gajjar
919712533462,Neel Bhutwala (BRK Sonu Thakkar)
918905926864,Neel Bhutwala (Direct)
918866306779,Neel Kapadia (Brk Rajesh Gajjar)
918511108236,Neel Kinhikar Direct
919724199009,Neel Patel
919777447696,Neel Patel
919879102182,Neel Patel
918758589288,Neel Patel Direct
919624875698,Neel Raj Direct
919825722532,Neel Rathor
919725818666,Neel Vishwakarma
919974556666,Neel Zaveri (Direct)
918469509333,Neemis Patel Brk Devang Bhai
919825369328,Neeraj Bhai (Direct)
919925241676,Neeraj Choubey (BRK Akhilesh Jaiswad)
919638280074,Neerajbhai Crtistian (BRK Pinkeshbhai Chahwala)
918128276227,Neeta Jariwala (Direct)
919726295540,Neeta Patel Direct
919978953042,Neetu Solanki ( Direct)
919712603325,Neetu Vahuja Direct
918401090904,Neha
919016688439,Neha Agarwal
919979707113,Neha Katariya (Direct)
919537729440,Neha Mam
919725548200,Neha Patel Direct
919106375509,Neha Patel Direct
919903320600,Neha Shah (Direct)
919662761666,Nehal Buddhdev (Direct)
917874468056,Nehal Charkhawala (Direct)
919426007690,Nehal D Parikh G. villas
917016285315,Nehal Patel (Direct)
918320045887,nency Patel
917778937837,Nency Reshamwala
919824133033,Nencyben (BRK Chandrakant Solanki)
919033347647,Nerl Jain Direct
917069526657,Nick Bhai (Direct)
919428409415,Nidhi Shah
918469414248,Nieav Soni
919099865092,Nigar Vaidhy
919723020077,Nihal Chauhan (BRK Chandrakant Solanki)
919833059516,Nihal Punjabi
919136977470,Nihar Jadhav Brk Chandrakant Solanki
918530405022,Nihar Thakkar (Direct)
919898088066,Niharbhai Jadav (Direct)
919979960742,Nihir Prajapati Direct
919979582777,Nikesh Bhagat
919825835433,nikesh Bhagat Direct
917359733693,Nikesh Bhai Direct
919909067873,Nikesh Pavar (BRK)
918980132451,Nikesh Prajapati
918401009004,Nikesh Sapariya Direct
917573939773,Nikesh Shah (Brk Dipak Dariyani)
918511722120,Niket Patel Brk Rasesh Thakkar
919408223435,Niket Soni
917383024447,Nikhar Hingu (Direct)
918160245454,Nikhil
919825035433,Nikhil Bhagat Direct
919924722771,Nikhil Bhai
919913404217,Nikhil Bhai (Direct)
916358741373,Nikhil Bhai Direct
919374536371,Nikhil Bhandari ( Brk Deepak Dariyani)
917041406065,Nikhil Chotaliya Direct
917380938361,Nikhil D
919904820222,Nikhil Dabhi (Direct)
917202000899,Nikhil Gheewala Direct
919428660944,Nikhil Gohil Direct
919016927013,Nikhil K Ribbonwaka (BRK Jai Jariwala)
919033189394,Nikhil Karaskar Direct
919484548534,Nikhil Katharia (Brk Rupesh Jadhav)
919898577095,Nikhil Makwana
919377799910,Nikhil Mumbai (BRK Pinkesh Chahwala)
917567868907,Nikhil Padiya (Insta)
919737447262,Nikhil Patel
919724348829,Nikhil Patel (Brk Chandrakant Solanki)
919879157237,Nikhil Patel (Direct)
917779099415,Nikhil Patel Direct
917779011415,Nikhil Patel Direct
919429092004,Nikhil Patel G. villas
919850874979,Nikhil Soni
917744069711,Nikhil Soni
918488814610,Nikhil Soni Direct
919724630486,Nikhil Vaghela
919879264500,Nikhil Vyas
919712399473,Nikhilbhai (Direct)
918140851912,Nikhilbhai Dihen(Direct)
919427595445,Nikhilesh Bhagvan Patil (Direct)
919879650747,Nikhilesh Bhatiya
919724292001,Nikibhai Limbachiya (BRK Chandrakant Solanki)
919825349280,Nikita Ben
919979633575,Nikitaben Bardoliwala (Direct)
919825933802,Nikki Topiwala
919638063115,Nikul Bhai (Direct)
917487963161,Nikul Bhai Management
919898500307,Nikul Bhai Patel
919099110009,Nikul Mistry (Direct)
919925240306,Nikul Patel
919898811422,Nikul Patel (Brk Deepak Dariyani)
919429224115,Nikul Patel Direct
919067780773,Nikulbhai (BRK Ankitbhai)
917201083975,Nikunj (Direct)
918487978717,Nikunj Bhagat
919173340850,Nikunj Bhai
919510618235,Nikunj Chatrada (Direct)
918690166397,Nikunj Chatriwala Direct
919998294094,Nikunj Chawda
918488872601,Nikunj Desai Direct
918735954383,Nikunj Gadhiya
919909241042,Nikunj Gajjar
919924557235,Nikunj Gajjar (Direct)
919825783964,Nikunj Gandhi Brk Chandrakant Solanki
919327910002,Nikunj Gandhi Direct
918469599099,Nikunj Joshi
919879102200,Nikunj modi
919925917186,Nikunj Modi (Direct)
919913377057,Nikunj More Direct
919376815847,Nikunj Nanavti Direct
917228840660,Nikunj Nathvani Direct
919879512346,Nikunj Panwala (Prakash Narthani)
919624915158,Nikunj Parmar ( Brk Deepak Dariyani)
919974833335,Nikunj Patel
918866348558,Nikunj Patel
919638815167,Nikunj Patel
916354660920,Nikunj Patel
919408978000,Nikunj Patel ((Direct))
919099748518,Nikunj Patel (BRK Dakshit Monpara)
919662530225,Nikunj Patel (Direct)
919727373959,Nikunj Patel (Direct)
919998983217,Nikunj Patel (Direct)
919879202817,Nikunj Patel (Direct)
919558079738,Nikunj Patel (Direct)
919898182181,Nikunj Pathak (Direct)
918200909064,Nikunj Prajapati
919979273759,Nikunj Prajapati (Direct)
919909915951,Nikunj Prajapati (Direct)
917575015366,Nikunj Prajapati Direct
919979273795,Nikunj Prajapati Direct
919265136183,Nikunj Revdiwala (Direct)
917567966966,Nikunj Shukla G. villas
919662473439,Nikunj Surati (Direct)
919825558876,Nikunj Thakkar
919904169999,Nikunj Wadiwala
919925714795,Nikunjbhai Mangukiya (BRK Kamlesh Javiya)
918849883665,Nikunjbhai Surati (BRK Kamlesh Jalaram)
919825251528,Nil Jariwala (Brk Vinod Thakkar)
919712251100,Nil Mali (Brk Chandrakant Solanki)
919355490717,Nila Patel
916355490717,Nila Patel (Dmart)
919824524781,Nilam Patel
919974746797,Nilam Sharma
919427037502,Nilanshu Dixit
917016107474,Nilay Bhai Patel Direct
919327585787,Nilay Desai
919376832244,Nilay Desai (Brk Deepak Dariyani)
919979462853,Nilay Gheewala (Direct)
919825831212,Nilay Pachigar Direct
917021039076,Nilay Pandiya Direct
917405075648,Nilay Paresh Direct
917600714006,Nilay Patel (Direct)
919726294946,Nilay Patel (Direct)
918128559990,Nilay Patel Direct
918980010375,Nilay R Brahmbhat(Direct)
919913005627,Nilay Thakar
919825423826,Nilesh (Brk Chandrakant Solanki)
919898662101,Nilesh Aahir (Direct)
917778866659,Nilesh Aca (Dmart)
919537979733,Nilesh B Chauhan (Brk Chandrakant Solanki)
919825303616,Nilesh Barot Direct
918160532016,Nilesh Bha Direct
919824713177,Nilesh Bhadiyadra Direct
919316111289,Nilesh Bhai
919826008919,Nilesh Bhai
919428687402,Nilesh Bhai (Brk Dipak Dariyani)
916352510946,Nilesh Bhai (Direct)
917046627015,Nilesh Bhai (Direct)
918735804779,Nilesh Bhai Chavda Direct
919624806315,Nilesh Bhai Contractor
919879632297,Nilesh Bhai Patel Direct
919624743950,Nilesh Bhai Patel Direct
919825056282,Nilesh Bhataria Brk Hemanshu Kapadia
918866403010,Nilesh Bhatnagar (Direct)
916358942086,Nilesh Bhavsar
919537018000,Nilesh Bodki Direct
919825286862,Nilesh Borad Vaishnodevi Amour Electrician
919727310386,Nilesh Chauhan (DMART)
919099164956,Nilesh Chavda (Direct)
918735804799,Nilesh Chawda
919601286329,Nilesh Dhori Direct
919825786430,Nilesh Gamit
919978542150,Nilesh Gandhi
919824258509,Nilesh Gangani
917383312447,Nilesh J Patel
919879653995,Nilesh Jariwala
919099008514,Nilesh Jariwala Direct
919408709975,Nilesh Kalashi Direct
917984922184,Nilesh Kaniya Direct
919374558347,Nilesh Kansara Direct
919979984647,Nilesh kapadia (brk chandrakant Solanki)
919879319203,Nilesh Kapadia (Direct)
918733814506,Nilesh Ladwala
919904086981,Nilesh Makwana
919913600099,Nilesh Makwana (Direct)
919427504880,Nilesh Makwana Direct
919662885226,Nilesh Meda Direct
919725643793,Nilesh Mehta
919825603708,Nilesh Mehta
919825059992,Nilesh Mehta
918469448269,Nilesh Mishra (Brk Dipak Dariyani)
919925160494,Nilesh Mistry Direct
919913679323,Nilesh Mithapara (direct)
919420499959,Nilesh Modi
919428499959,Nilesh Modi
919428011718,Nilesh Modi (Brk Bhain Chawala)
919328055700,Nilesh Modi (Direct)
917069093553,Nilesh Modi (Direct)
918879180079,Nilesh Moliya Direct
919376123438,Nilesh Nayak (Direct)
919377777710,Nilesh Pacchigar (Brk Hardik Jethwa)
919825607956,Nilesh Panchal
919265591040,Nilesh Panchal (Dipak Dariyani)
919825276684,Nilesh Panchal (Direct)
919904425590,Nilesh Panchal Brk L L Shah
919824776505,Nilesh Pandya
919825149200,Nilesh Panwala
919913750786,Nilesh Parekh Direct
919925496046,Nilesh Parmar
918128064580,Nilesh Parmar (Direct)
917043138363,Nilesh Parmar (Direct)
918734056233,Nilesh Pashu Wala
919737207015,Nilesh Patel
919081011233,Nilesh Patel
919904015555,Nilesh Patel
919714850082,Nilesh Patel
919428636925,Nilesh Patel
919925180008,Nilesh Patel (Brk Dipak Dariyani)
919978482602,Nilesh Patel (Brk Jatin Sutariya)
919724310321,Nilesh Patel (BRK Shailesh Patel)
919099050100,Nilesh Patel (Direct)
919099971022,Nilesh Patel (Direct)
919879632298,Nilesh Patel (Direct)
919099921533,Nilesh Patel (Direct)
918141809290,Nilesh Patel (Kamlesh Patel)
919106765080,Nilesh Patel (News)
917878722262,Nilesh Patel Direct
919825163313,Nilesh Patel Direct
918469607607,Nilesh Patel Direct
919228584440,Nilesh Pathak
917265062947,Nilesh Pawar Brk Fenil Thakkar
918866364155,Nilesh Prajapati (Brk Dipak Dariyani)
919904353461,Nilesh Rathore Brk Rajesh Gajjar
919328359398,Nilesh Sadariwala
918347557016,Nilesh Sarvaiya Direct
919726556501,Nilesh Shah Direct
919925083602,Nilesh Shilu
919662329800,Nilesh Sojitra (Direct)
919979892390,Nilesh Solanki
919662699651,Nilesh Solanki
919824199955,Nilesh Solanki ( Insta)
919662534001,Nilesh Somani (News)
918530488522,Nilesh Soni (Direct)
916359009393,Nilesh Tailor Direct
919737532707,Nilesh Thakar
919925904603,Nilesh Thakkar
917990822188,Nilesh Thakre
919624031366,Nilesh Vaghela Direct
919879396162,Nilesh Varsani (Brk Rakesh Patel)
919662546291,Nilesh Vyas Direct
919725186938,Nilesh Wagh (Brk Ashwin Viras)
919825558777,Nileshbhai (Direct)
919825596992,Nileshbhai (Direct)
919408926271,Nileshbhai Bhagat (BRK Dineshbhai Thakkar)
919377055755,Nileshbhai Chapaneri (BRK Bhavin Chahwala)
919904740194,Nileshbhai Chautaliya (Direct)
918200208623,Nileshbhai Dodiya (BRK Chandrakant Solanki)
919619536553,Nileshbhai Jadav (BRK Chandrakant Solanki)
919825131383,Nileshbhai Jhaveri (Direct)
919374546122,Nileshbhai Joshi (Direct)
919712772233,Nileshbhai Lakdawala (BRK Pinkeshbhai Chahwala)
919998984585,Nileshbhai Prajapati (BRK Ashwin Padhiya)
919687118283,Nileshbhai Raval (BRK Dharmeshbhai)
919313265665,Nileshbhai Taratiya [ Chandrakant ]
919825764801,Nileshbhai Thakkar (BRK Bhavin Chahwala)
917383373202,Nileshbhai Vansiya (Direct)
919825115559,Nileshbhai Vyas (Direct)
919909920217,Nileshbhau Vyas (Direct)
919727156499,Nilima Sarkar (Direct)
919054484941,Nilkanth Bhai Villa Projects Na Members Na Frd
919879122944,Nilkanth Goshwami Direct
918980583563,Nilkanth Manani
918140695919,Nilkanth Manani
919825532909,Nilkanth Mehta (Direct)
917202935269,Niloy Sonawala (Direct)
918160551021,Nilu Mishra
919724504621,Nimash Vyas
919825419353,Nimesh Bardoliwala
919726013571,Nimesh Bodiwala Direct
919662281966,Nimesh Kiranbhai
919974008312,Nimesh Parekh (Dmart)
919909207361,NIMESH PAREKH G. villas
919879005830,Nimesh Patel Brk Sonu Thakkar
919712909098,Nimesh Patel Direct
919586854143,Nimesh Patel Direct
918128294027,Nimesh Patel Direct
919106850768,Nimesh Patel Direct
919825115188,Nimesh Prajapati SMC(A-142 Vala)
919099973013,Nimesh Ptel
919879090680,Nimesh Rathore (Direct)
919099727390,Nimesh Reshamwala (BRK Chandrakant Solanki)
919879727017,Nimesh Shah Direct
917984119049,Nimesh Tamakuwala (Direct)
919824149508,Nimeshbhai Palsanawala (BRK Ashishbhai)
919428146949,Nimeshbhai Tailor ( Direct)
917041112308,Nimeshbhai Tailor (Direct)
919979223651,Nimish Mogera
919427677548,nimish Panji Brk Rakesh Patel
916353500682,Nimish Patel
919374610022,Nimish Ranguwala (Direct)
919879700726,Nimisha Bhagat
918469811213,Nimisha Chapaneriya
919898062425,Nimisha Gandhi
919638720312,Nimisha Modi 2
919537550401,Nimisha Patel
919737359511,Nimisha Patelv
917878188781,Nimisha Trivedi
919054225944,Nimit Bhai
917405409640,Nimit Bhai
918160591413,Nimit Gupta
919033687844,Nimitbhai Panwala (BRK Dharmeshbhai Jalaram)
919898028526,Nimitbhai Shah (BRK Dharmeshbhai Jalaram)
919913699632,Nina More (Brk Chandrakant Solanki)
919322131618,Nipam Patel
918487848836,Nipen Modi
919725742441,Nipul Bhai
919426733710,Nipul Parikh Direct
919925032777,Nipun Mehta (Direct)
919759847847,Niraj
919879102285,Niraj Avasthi (Direct)
917990099611,Niraj Bhai
918655373109,Niraj Bhai (Direct)
919699555999,Niraj Chaudhary Direct
919909995594,Niraj Desai Direct
916353222750,niraj javiya direct
919662511894,Niraj Mehta
917567487744,Niraj Patel
919909437782,Niraj Patel
919318336942,Niraj Patel (Direct)
919723402594,Nirali Shah
919104005260,Niramal Kapadiya
919925507447,Niramalben Garmini(Direct)
918264049974,Niranjan
918511642583,Niranjan Bhai
918490989390,Niranjan Bhai (Direct)
916354664897,Niranjan Kuma
919375499202,Niranjan Patel
919316980117,Nirav Ahah
918460168336,Nirav Bhagat
919033190367,Nirav Bhandari (Direct)
919712886900,Nirav Bhavsar
919429178296,Nirav Bhavsar (Direct)
919909292162,Nirav Bheda Direct
919033794798,Nirav Bhiyani Direct
918460194949,Nirav Chauhan
919558394949,Nirav Chauhan
917778844392,Nirav Chawda
919664850511,Nirav Dudhwala Direct
919328941240,Nirav Fm Kia (Brk Chandrakant Solanki)
916353438510,Nirav G. villas
919429329670,Nirav Gandhi
917016655135,Nirav Gatorwala
919520855664,Nirav Jain Brk Perfect Deal
919377076264,Nirav Jain Direct
919016127033,Nirav Jariwala
919825124575,Nirav Jariwala Direct
919979145305,Nirav Kantaria Direct
918980641410,Nirav Makwana (D-mart)
919978942009,Nirav Modi Direct
919974804777,Nirav Panchal (Brk Dhiru Patel)
919069090900,Nirav Parekh (Direct)
919099090616,Nirav Parmar (Direct)
917016650800,Nirav Parmar (Direct)
919712071471,Nirav Parmsr Direct
919726577048,Nirav Patel (Brk Rakesh Patel)
919925039295,Nirav Patel (Direct)
919016555201,Nirav Patel Direct
919898387447,Nirav Pawar
919773272765,Nirav Poriya
918128792857,Nirav Potiya (Direct)
919913312118,Nirav Prajapati
919428008309,Nirav Rajyaguru (Direct)
919099835686,Nirav Rana Direct
918780192909,Nirav Shah
917041915005,Nirav Shah(Brk Chandrakant Solanki)
919904638374,Nirav Sisadiya (Direct)
919033352247,Nirav Soni (Direct)
919887156519,Nirav Trivedi (Direct)
919909488588,Nirav Upadhyay Direct
917600002765,Nirav Vyas (Brk Sonu Lakwani)
919428672114,Niravbhai Khundwala (BRK Chandrakant Solanki)
919377777708,Niravbhai Patel (Brk Dipak Dariyani)
918160128200,Niraz Jha
919555627999,Niraz Sharma Direct
918140977958,Nirbhay Naik Idigitals Digital Marketing
919228785698,Nirbhay Rajput (Brk Aswin Pavar)
919428493536,Nirenbhai Nayak (BRK Pinkesh Chahwala)
919429042123,Nirendan Shah (BRK Kamlesh Javiya)
919825091998,Nirish Patel Engineer(Direct)
919867568490,Nirlep Challan (Direct)
919429012681,Nirmal Chatriwala
919377326132,Nirmal Chaudhary (Direct)
919426606982,Nirmal Chawda
919712985749,Nirmal Kabra
918320152715,Nirmal Makvana (Direct)
919724299377,Nirmal Panchal
919974273702,Nirmal Parekh
918130065578,Nirmal Patel (Direct)
918140065578,Nirmal Patel (Direct)
919879278590,Nirmal Sisodiya
919427504822,Niruben Salesenu (Direct)
919726653987,Nisarg Bhai Direct
919624777763,Nisarg Paderkar
918000450295,Nisarg Patel
919726053987,Nisarg Tamakuwala Direct
919033238090,Nisarg Vashi (Direct)
919099532547,Nisha Rana
919727955275,Nisha Vaghela
919898361166,Nishan Saraiya Direct
919725012780,Nishan Singh Direct
919904098483,Nishant Bha
919265307668,Nishant Bhai S. r Direct
918155022111,Nishant Bhaii
919537999193,Nishant Brk Ashwin Bhai
919157102292,Nishant Chahuhan
919687310313,Nishant Gohil
919033842360,Nishant Jariwala Brk Rinkesh Jariwala
919377171884,Nishant Modi
919484969798,Nishant Pradhan (BRK Ashwinbhai Pandya)
917016404621,Nishant Sedani Direct
919998821060,Nishant Sharma
917203073386,Nishant Sheth (Direct)
919664727245,Nishant Solanki Direct
919727702229,Nishant Tank
919586666127,Nishant Thakkar
919427773551,Nishant Vichhi
919712731321,Nishil Bhai Shah Direct
917226006848,Nishit Gajjar
917046673777,Nishit Panwala Direct
918980548983,Nishit Patel Direct
918000083184,Nishit Shah Brk Vipul Dave
919109886126,Nishit Solanki
918306010387,Nishit Soni
919898884258,Nishitbhai Khup (BRK Ashok Thakkar)
919375079299,Nishitbhai Thakkar (Direct)
919137746226,Nishith Suthar (Dmart)
918511142835,Nishitkumar Vashi (BRK Mehul Kapadia)
919537519680,Nisitbhai (BRK Nileshbhai Modi)
919099923812,Nita Anjiwala (Direct)
917048867096,Nita Modi
919904873145,Nita Pachigar
917016867577,Nita Patel
919825453499,Nital Tailor Direct
918758641705,Nitanshu Sonawala (Direct)
919824352747,Nitesh Bhai
919909099971,Nitesh Bhai (Direct)
919106517032,Nitesh Bhai Brk Paresh Patel
919427825401,Nitesh Chaudhary
919427111862,Nitesh Desai(Direct)
919879952995,Nitesh Kalariya Roof Tiles
916355805704,nitesh kumar direct
918128303825,Nitesh Patel
916355400321,Nitesh Patel
919727785998,Nitesh Patel (Brk Bhavik Patel)
918320331716,Nitesh Patel (Direct)
919662514339,Nitesh Patel (Direct)
919913218866,Niteshbhai Bhavsata (Direct)
918000605843,Niteshbhai Chellerani (Direct)
918130494418,Niteshbhai Shah(Direct)
919978000415,Nitin Agrawal (Kribhco) (Direct)
919510245678,Nitin Ahuza Direct
918849852241,Nitin Bhai
919004474476,Nitin Bhai
916354140574,Nitin Bhai
919825910605,Nitin Bhai ( Direct)
919081559059,Nitin Bhai ( Direct)
919265717102,Nitin Bhai (Direct)
919825069814,Nitin Bhai Direct
919879827134,Nitin Bhai Lad ( Direct)
917990689336,Nitin Bhai Repairing
919898586565,Nitin Bhai Vaghani (Direct)
919099902800,Nitin Bhrambhatt Direct
917600054707,Nitin Bhsi Brk Fast Deal
919601525978,Nitin Birati (Direct)
917600054787,Nitin Brk Fast Deal
919824466689,Nitin Dalal G. villas
919724965082,Nitin Desai
919638502215,Nitin Dobiya
917984092461,Nitin Dummaswala
919825846212,Nitin Goshwami (Direct)
918511505452,Nitin Goshwami Direct
919879567729,Nitin Gupta
919898588600,Nitin Jariwala
919979911770,Nitin Jariwala (Brk Deepak Dariyani)
919693289069,Nitin Mukesh Direct
919081559050,Nitin N.s
919998220755,Nitin Panchal Direct
919377716280,Nitin Panwala
919925018137,Nitin Patel
919913784964,Nitin Patel
917600424002,Nitin Patel
919586262319,Nitin Patel
919712608186,Nitin Patil Direct
919552800814,Nitin Patil Direct
919426773483,Nitin Prajapati
919974553671,Nitin Rana
918141207549,Nitin Sakpal Direct
919023156759,Nitin Shah
919427504818,Nitin Shah Brk Chandrakant Solanki
917227056607,Nitin Shrivastava (Direct)
919033357345,Nitin Solanki (BRK Chandrakant Solanki)
919925111164,Nitin Solanki (Direct)
917405244626,Nitin Solanki (Direct)
919662049345,Nitin Solanki Direct
919714257040,Nitin Solanki Direct
917878520009,Nitin Soni
919428821929,Nitin Suvariya (Nilesh Modi)
919724045478,Nitin Thakur Direct
917830782003,Nitin Yadav Direct
919619369309,Nitinbhai
919421286771,Nitinbhai Aggarwal (BRK Shailesh Thakkar)
919016440723,Nitinbhai Chauhan (BRK Pinkeshbhai Chahawala)
919825116188,Nitinbhai Dalal
919924465439,Nitinbhai DIRECT
919978861999,Nitinbhai Gohil (BRK Chandrakant Solanki)
919510403093,Nitinbhai Gohil (Direct)
919904227333,Nitinbhai Ingole (BRK Ajay T Patel)
919824562083,Nitinbhai Parmar (BRK Chiragbhai Jethva )
919974013571,Nitinbhai Patel (BRK Shailesh Thakkar)
918780773857,Nitinbhai Patel (Direct)
918530031452,nitinsu
919998133066,Nitish Gupta Direct
919428815111,Nitish Sarkar (Direct)
918085033928,Nitu Ben
919724796097,Nitu Khatri
919650992402,Nitu Ntpc
919898727097,Nitul Tejani Direct
919879330086,Nityanand Pandey (Direct)
918735974383,Nkunj
918980449760,No Name
917984245547,No Name Brk Dharmesh Sayonar
919998115500,Nomesh Shah
917055503555,Nulanjan Bhai Brk Saurabh Satena
919978829860,Oarag Suryavanshi
919825869639,Oarimal Laksawala
919624870768,Oarin Modi
918866752232,Office 3
918141884214,Office Location
919727757162,Ojas Pandya Rajhans Hospitality
919825252229,Ojash Bhatt
919426800915,Om Bhai Direct
919316433420,Om Bhai Patel Direct
916352642443,Om Enterprise
919374010001,Om Fire Safety
919825939934,Om Prakash
919726310020,Om Prakash
918469977875,Om Prakash Jha (Direct)
919408246235,Om Prakash Prabhat Direct
917405993570,Om Sai Nath (FB)
918200698009,Om Sai Property
918866328456,Om Sailorr G. villas
919099419504,Omik
919510844334,Omkar Suryavanshi
919879100778,Omprakash Mishra (Direct)
918511154547,Omprakash Sharma
919974447330,Ongc Surat
918474055221,Orem Nivas Direct
919426647677,P M Panchar (Direct)
919099082322,P m Prajapati
919625196255,P N G
919824146635,P P Thakkar (Direct)
919426824966,P R Patel
919586407290,P. H Inquiry
919104445770,P.G Patel Direct
918578093982,P.K Singh Direct
919998977425,P.M Rana Direct
919724344845,Padmkar Bodsi
919428242690,Pal
917383049007,Palak (BRK Kamlesh Javiya)
919825242242,Palak Madhavani Brk Saurabh Saxena
919537926997,Palak Patel
919099084870,Palak Shah (BRK Chandrakant Solanki)
919099959499,Palas Bhai
919099909359,Palas Bhai
919173820317,Palas Karmakar
919313419338,Palash Bhai (Direct)
919825120104,Palkesh Mithaiwalaa ( Direct)
917878185560,Pallav Solanki
919601277814,Pallavi Gamit (Direct)
919924756972,Panchal Dipesh
917046378282,Panchal Siddharth
919879422530,Pancholi
919016091998,Pandit Bhai
919909910661,Panish Patel (Direct)
919428409976,Panjwani
919913088505,Pankaj Akabari (Direct)
918866674788,Pankaj B Uttekar (Direct)
919638470233,Pankaj Bhai
917509090450,Pankaj Bhai
916359178492,Pankaj Bhai (Brk Dilkhush Bhai )
917228913009,Pankaj Bhai (Direct)
919825811110,Pankaj Bhai (Direct)
919510790461,Pankaj Bhai Direct
919979268037,Pankaj Bhai Direct
919909919194,Pankaj Bhai Direct
919909815271,Pankaj Bhai Jogadiya Direct
917016801063,Pankaj Bhatia (Brk Dipak Dariyani)
919879848787,Pankaj Chauhan
919712235442,Pankaj Desai
918949453278,Pankaj Deval Direct
918238227321,Pankaj Dipak Dalal (Brk Chandrakant Solanki)
919426127157,Pankaj G. villas
919825886798,Pankaj Gadhiya Direct
919909915649,Pankaj Gajjar
917600039831,Pankaj Godila Direct
919458354765,Pankaj Gohil (Direct)
919864264638,Pankaj Goshwami Direct
919687136533,Pankaj Gupta
919879362086,Pankaj Jariwala Direct
917600535089,Pankaj Joshi
919898870419,Pankaj Kansara Direct
919723076000,Pankaj Kapadia (News)
919825937261,Pankaj Kayast G. villas
919925241374,Pankaj Kothari Brk Ghanshyam Bhai
919925241450,Pankaj Ku. ar AMNS
919725588076,Pankaj Kumar
919978843372,Pankaj Lonkar (Brk Dipak Dariyani)
919879101590,Pankaj Maisuria
919925879727,Pankaj Maturkar G. villas
919322656544,Pankaj Mistry
919664700341,Pankaj Modi
919558636333,Pankaj Panchal Direct
918000163159,Pankaj Pandey (Direct)
919313010596,Pankaj Pandey (Direct)
919723370682,Pankaj Panwar (Direct) & Advertising
918401640463,Pankaj Patel (BRK Kamlesh Javiya)
919322654588,Pankaj Patel (Direct)
919879032712,Pankaj Patel Direct
918469325209,Pankaj Patel Direct
917698257671,Pankaj Patel Direct
919099999388,Pankaj Patel Direct
919825040386,Pankaj Patel Direct
919825171580,Pankaj Pawar G. villas
919510990461,Pankaj Sen (Brk Hardik Jethwa)
919879163609,Pankaj Shah
919820002733,Pankaj Shah Direct
919925774251,Pankaj Sharma
919898412225,Pankaj Singh
919624094466,Pankaj Singh Direct
919825113308,Pankaj Solanki (Brk Dipak Dariyani)
918830293728,Pankaj Sukhla
918460084053,Pankaj Upasani (BRK Vipulbhai )
917322932615,Pankajbhai (Brk Ashwinbhai)
918469300009,Pankajbhai Jariwala (Direct)
919099968083,Pankajbhai Kapadia (BRK Sunil Punjabi)
919825898356,Pankajbhai Miyani (BRK Ghanshyam)
919979790000,Pankajbhai Patel (BRK Chandrakant Solanki)
919879654066,Pankesh Modi
919879295262,Paper Ad Wala Dhaval Bhai (Brk Chandrakant Solanki)
919099081399,Parag Bh
916355494319,Parag Kathiriya
919429151095,Parag Mehta SMC (Direct)
919033515369,Parag Modi (Direct)
916359731682,Parag Oathak
919825045809,Parag Patel Brk Ojash Property
918155022426,Parag Shah(Direct)
919099053904,Param Patel Direct
919610695355,Param saheb (Direct)
918956569889,Paras Lapsiwala
919825114281,Paras Mehta (Direct)
919998971723,Paras Patel
918347624177,Parasbhai Kapoor (BRK Himanshu Kapadia)
919825905281,Parasnath Bhai Direct
919376074454,Paresh
919327339902,Paresh Atiwala (Brk Ghanshyam Chav Da)
917567923012,Paresh Babariya
919227921848,Paresh Bhagat (Direct)
918469086243,Paresh Bhai
6593597862,Paresh Bhai
919909649332,Paresh Bhai (Direct)
917600019784,Paresh Bhai (Direct)
918905439797,Paresh Bhai (Direct)
919099733850,Paresh Bhai (Direct)
919925606007,Paresh Bhai Brk Sonu Thakkar
919830660531,Paresh Bhatt
919913008341,Paresh Chaklashiya (Direct)
919879680039,Paresh Chauhan (Brk Pinkesh Chawda)
919328492084,Paresh Chauhan Direct
919374708703,Paresh Dave
919998223790,Paresh Dave (Direct)
919726551652,Paresh Dhruv (Direct)
918690106600,Paresh Famlawala
917990701094,Paresh Goshwami
919998011058,Paresh Goswami (BRK Ashwin Padhiyar)
919904259955,Paresh Gotefode
917435892551,Paresh Ichhaporiya Direct
919824987280,Paresh Italia Direct
919824900886,Paresh Italia Direct
919924553147,Paresh Italia(Brk Deepak Daryani)
918200415221,Paresh J Patel ( Direct)
919898099101,Paresh Jariwala (Direct)
919558033955,Paresh Kadecha (Insta)
919313691520,Paresh Maisuriya (Direct)
919879556080,Paresh Maisuriya Direct
919376328966,Paresh Makwana (Brk Deepak Dariyani)
919426862852,Paresh Mistry Direct
919374701287,Paresh Modi (Direct)
919662049332,Paresh Panchal
919662098377,Paresh Parmar (BRK Kamlesh Javiya)
919825955922,Paresh Parmar (Dipak Dariyani)
919924042561,Paresh Patel
919924637410,Paresh Patel
919924842561,Paresh Patel
917863860322,Paresh Patel ( Brk Vivek Sapra)
917016575021,Paresh Patel (Brk Chandrakant Solanki)
919924638492,Paresh Patel (BRK Vijay Kareliya)
919408867169,Paresh Patel (Direct)
917698081389,Paresh Patel (Direct)
919824700857,Paresh Patel (Direct)
919624958510,Paresh Patel (Direct)
919825358510,Paresh Patel (Direct)
918160408550,Paresh Patel G. villas
919824192138,Paresh Patel G. villas
919974016176,Paresh Prajapati (Direct)
919825986687,Paresh Prajapati Direct
919624788805,Paresh Rajput (Direct)
919408250505,Paresh Randeliya Direct
919376456003,Paresh Rathod (Brk Chandrakant Solanki)
919723560217,Paresh Saliya Direct
919426128952,Paresh Sarang(Brk Pinkesh Chahwala)
919824688856,Paresh Sariya (Direct)
917801979794,Paresh Shah (Insta)
919820247019,Paresh Shinde Direct
919819270682,Paresh Shukla Mumbai G. villas
919879039902,Paresh Sindhi (Direct)
919879039909,Paresh Sindhi Direct
919925538437,Paresh Solanki Direct
919426414739,Paresh Soni (Direct)
919825179039,Paresh Tailor (Brk Viresh Thakkar)
919537377718,Paresh Thakar Direct
919825198170,Paresh Thakkar
919998697981,Paresh Trivedi Direct
919714902424,Paresh Vansdeviya (Dmart)
919726579861,Paresh Vasava Direct
919825081339,Pareshbhai (BRK Dharmesh Jalaram)
919825126908,Pareshbhai (BRK Kamlesh Javiya)
919913640405,Pareshbhai Ajudiya (Direct)
919825186984,Pareshbhai Bhatiya (Direct)
918460134098,Pareshbhai Chawda (Direct)
919974059341,Pareshbhai K Upadhyay(Direct)
917405735731,Pareshbhai Kasai (Olx)
919825371462,Pareshbhai Khambhati ( Direct)
919879657393,Pareshbhai Mehta (Direct)
919727915154,Pareshbhai Modi (BRK Kamlesh Javiya)
919377779968,Pareshbhai P Jarivala (BRK Himanshu)
919537777783,Pareshbhai Panchal (BRK Adityabhai)
919909601291,Pareshbhai Panchal (Brk Pinkeshbhai)
918238622538,Pareshbhai Patel (BRK Chandrakant Solanki)
918511108900,Pareshbhai Patel (BRK Jai Jariwala)
919725053639,Pareshbhai Tailor (Brk Hasmukhbhai Parmar)
919825179031,Pareshbhai Tailor (Direct)
919427171511,Pareshbhai Talati (Direct)
919712915540,Pareshbhai Topiwala (BRK Babubhai Aajodiya)
918980007676,Pareshbhai Votta (Direct)
919898171719,Pari al Jariwala
919408258583,Pari ketan ( Direct)
919879432325,Parichay Gajjar Direct
919327384709,Parikh
919825266479,Parikshit Gavli (Brk Chandrakant Solanki)
919879245607,Parimal Bhagat(Direct)
919925120022,Parimal Bhai (Direct)
919925211079,Parimal Bhai (Kunal Surati)
919099033387,Parimal Jariwala
919712767003,Parimal Maru Direct
919601942444,Parimal Patel
919879737410,Parimal Patel (Direct)
918454945472,Parimal Patel (Direct)
919998417344,Parimal RANA DIRECT
919099980017,Parimal RANA DIRECT
919825273770,Parimal Rathod
919737550264,Parimal Rathod (AMNS)
919327010144,Parimal Surti Direct
919712874074,Parimal Vyas G. villas
919624444469,Parimal Vyass (Direct)
918849673230,Parimal Zaveri (Direct)
919879208063,Parimalbhai Jariwala (Brk Himanshu Kapadiya Jariwala)
919898220345,Parimalbhai Modi (Direct)
919825272770,Parimalbhai Rathod (Direct)
919979233111,Parin Buddhdev (Brk Jigish Shah)
918866492347,Parita Kasth Direct
919408330909,Paritosh Bhatt
919512441279,Paritosh Dave (Direct)
919724439390,Paritosh Rana
917600057159,Parjain Suthar (Direct)
919824089641,Parlal Bhai Direct
919687650068,Parmar
919426775021,Parmar Smc
919033364991,parmar sunny G. villas
919429892405,Parmarbhai (BRK Sunil Punjabi)
917016810067,Parsad Hawaldar (Essar) (Direct)
919909697074,Parshotam Rana Direct
919714850935,Parth Bhai ( Direct)
919898006486,Parth Bhai (Direct)
919978745950,Parth Bhai (Direct)
918866011627,Parth Bhai Direct
918758387232,Parth Bhatia
917016802587,Parth Bhatt ( Direct)
919909010155,Parth Chauhan
919099213152,Parth Chauhan
917567161637,Parth Chhaya (Direct)
917016172749,Parth Dabhi (Direct)
919824797096,Parth Drdai
919019579594,Parth Gadhavi
917990513359,Parth Gamitb
917046348148,Parth Gandhi
919974065499,Parth Gandhi Direct
918511726800,Parth Ghori
918200338870,Parth Hirpara G. villas
919426836782,Parth Indordiya
919725766267,Parth Jain
919408264042,Parth Jariwala
919979604266,Parth Jariwala (Direct)
918866105000,Parth Joshi (Direct)
919099906339,Parth Joshi Direct
918866524010,Parth Limbachya Direct
919978379402,Parth Mahida Direct
919327918268,Parth Mehta (Direct)
919824104843,Parth Mehta Direct
918000721123,Parth Mistry ( Brk Deepak Dariyani)
919924255400,Parth Mistry Direct
919727384424,Parth Modi Direct
917096002702,Parth Modi Direct
919924657160,Parth Nagelan
917777959412,Parth Parmar
917202893000,Parth Parmar (Brk Kalpesh Gaglani)
919825039623,Parth Parmar (BRK)
918460755857,Parth Parmar Direct
917265922669,Parth Patel
919825668107,Parth Patel (BRK Sunil Punjabi)
917405303035,Parth Patel (Direct)
918849238352,Parth Patel Direct
917016404558,Parth Patel Direct
916355212509,Parth Patel Direct
919033174273,Parth Patel Direct
918866350390,Parth Patell
919033251189,Parth Purohit
918866163804,Parth Raghuwani (Direct)
917016703408,Parth Raja
918238270849,parth rangunwala G. villas
917041558804,Parth Rathod
919925241533,Parth Roy
918469952466,Parth Shah
919427781666,Parth Shah Direct
919408770010,Parth Solanki (BRK Ajay Panwala)
919428148968,Parth Soni (Direct)
917227898949,Parth Vyas
919377737377,Parul Dalia (BRK Darshit Monpara)
919909775691,Parul Naik
919426745910,Parvatiben J Patel Ntpc (Brk Deepak Dariyani)
917016428573,Parvez Kapadia
917878378111,Pastagiya Dipesh G. villas
919537369287,Patel
919998486869,Patel
919974280866,Patel Anuradha (Direct)
919712371543,Patel Bhunrshvari
919427144447,Patel Bhupendra Direct
919722698082,Patel Bhupendra Kumar (Direct)
917016398865,Patel Chandrakant (Dmart)
919866311789,Patel Chintan Direct
919913193879,Patel Dalsukh
919737349466,Patel Jaykumar (Direct)
919737949466,Patel Jaykumar (Direct)
919723238317,Patel Jignesh (Direct)
966543854426,Patel Kartik 馃嚫馃嚘
919408027767,Patel Keyur (Dmart)
918980864542,Patel Mit Hareshbhai (Brk Shailesh Thakkar)
919998777427,Patel Nilesh Kumar
919879674968,Patel Pankaj Ac
919033747798,Patel Patel
919925076891,Patel Prakash
919825028170,Patel Satish N
916359968020,Patel T.p
918238203887,Patel Ujas
918469877555,Patel Viraj (FB)
918141348885,Patel Yanit (Dmart)
919879486688,Pathak
919879322881,Pathik Modi (AK)
917878222289,Patle Kintesh
919822720770,Patnakar Direct
61412424052,Pauravii Nahar Australia
919173344022,Pavan Patel Direct
918155819904,Pawan Bhatt
919879102917,Pawan Kumar AMNS
919727894366,Pawan Kumar Direct
917757041378,Pawan Sharma
919664968079,Payal Chawda Direct
919924422759,Payal Katharia (Brk Dipak Dariyani)
919714659756,Payal Surti Direct
919638530946,Peadip Kumar Direct
919408929675,Peatik Deshai ( Brk Deepak Dariyani)
917984797274,Peavin Soni Brk Amit Khandelwal
917990240971,Peemji Bhai
918866641167,Peroz Patel Direct
918487925054,PH
918897787351,Phani
919913919393,Philip Soni G. villas
919727511537,PI G S Gamit (BRK Chandrakant Solanki)
917990646360,Pihu G. villas
917874690000,Pinak Modi (Direct)
917016027706,Pinak Patel
919904472017,Pinakbhai Bodheka (BRK Himanshu Kapadia)
918160826523,Pinaki Topiwala Direct
919909524016,Pinakin Bhai Patel Direct
919898210079,Pinakin Gandhi(Brk Dipak Dariyani)
919825968480,Pinakin Gemlawala Direct
919825353022,Pinakin Jariwala
917069377880,Pinakin Shah Brk Dipesh Sopariwala
919510908803,Pinakin Sukhakwala
919574920788,Pinal Ahir
919426272017,Pinal Bhai (Direct)
919824265000,Pinal Cycle Wala (Insta)
917878708882,Pinal Kabrawala
919979608097,Pinal Rathod
919879107893,Pinal Shah (BRK Vipul Jalaram)
917600377691,Pinal Trivedi Brk Shailesh Thakkar
916341737733,Pinank Gheewala
918320001090,Pinesh Amalsadwala
919879101865,Pinesh Bhati (BRK Mitesh Joshi)
919879586554,Pinesh Patel
919624497370,Pinkal Abhraham
919265885340,Pinkal Chauhan
919825007827,Pinkal Modi (BRK Jay Jariwala)
919712551335,Pinkal Patel
919712551235,Pinkal Patel Direct
919825104631,Pinkal Tailor (Direct)
917990152169,Pinkalbhai Anujwala (Brk Jahangirpura)
919067107707,Pinkesh Gandhi
919825266631,Pinkesh Jain Direct
917878221307,Pinkesh Jariwala ( Direct)
919925298962,Pinkesh Kalkatawala Direct
919537670747,Pinkesh Kokni Direct
919879720517,Pinkesh Mehta (Dmart)
919712010072,Pinkesh Patel (Direct)
917303958394,Pinkesh Soni (Direct)
919662556315,Pinkesh Sukhadiya (Brk Kalpesh Gaglani)
919879677227,Pinkeshbhai Parmar (BRK Chandrakant Solanki)
919723449453,Pinkeshbhai Shah (Direct)
918469471175,Pinkiy Dave
918347422987,Pinkiy Trivedi
919157478831,Pinku Shukla Road
918160357901,Pinky Bardoliwala G. villas
918511062361,Pinky Oza G. villa
916352886395,Pintesh Patel Direct
917698986727,Pintu
918469547978,Pintu Bhai
917817811107,Pintu Bhai
919724749591,Pintu Bhai (Direct)
918000100901,Pintu Bhai (Direct)
919825291339,Pintu Savani
919825145474,Pintubhai Rana (BRK Hardik Jethva)
919512697140,Piyush Bhai
919722915235,Piyush Bhai
918866394652,Piyush Bhai
919724518884,Piyush Bhai
919033887662,Piyush Bhai (Brk Chandrakant Solanki)
919825292678,Piyush Bhai (Direct)
917383557533,Piyush Bhai (Direct)
919913330302,Piyush Bhai (Direct)
919978888847,Piyush Bhai (Direct)
919904327877,Piyush Bhai Sakarwala Direct
919428580664,Piyush Chahwala Brk Bhavin Chahwala
919879396734,Piyush Chapaneria Direct
916353112234,Piyush Chokshi
919825468949,piyush dabkawala direct
919324049892,Piyush Desai G. villas
919033331064,Piyush Desani(Direct)
919825111504,Piyush Gajjar
919925430785,Piyush Gajjar (Direct)
919925239169,Piyush Gandhi Brk Amit Tailor
919023237260,Piyush Godwala Direct
918849291888,Piyush Golwala Direct
917021187404,Piyush Gopani (BrkHardik Jethwa)
919883050007,Piyush halatwala (BRK Hardik Jethva)
919316453622,Piyush Jain
919879399495,Piyush Jariwala (Direct)
919510446687,Piyush Jikadra Insta
919998992126,Piyush Kalsariya Direct
918000053352,Piyush Kotak
917878072727,Piyush Laheri
919879515132,Piyush Lilawala (Brk Chandrakant Solanki)
919925298900,Piyush Mistry
919925911229,Piyush Mistry Direct
919426147916,Piyush Modi (Brk Jms Property)
919998353592,Piyush Panchal
919820767583,Piyush Parikh (Direct)
919727716167,Piyush Parmar (Direct)
919978987771,Piyush Parmar (Direct)
919624653743,Piyush Patel
919909745361,Piyush Patel
917984962132,Piyush Patel
918850558784,Piyush Patel
919099046200,Piyush Patel
919427859695,Piyush Patel
918850558754,Piyush Patel
919099957046,Piyush Patel ( Direct)
919428519885,Piyush Patel (Brk Hardik Jethwa)
919664900694,Piyush Patel (Dipak Dariyani)
919824747002,Piyush Patel Direct
918160006400,Piyush Patel Direct
919909778008,Piyush Puthawala (Direct)
919898328587,Piyush Raja (Brk Bhavin Chawala )
919825134640,Piyush Rana
918469718239,Piyush Rana Direct
919228123872,Piyush Ranpariya Direct
918469340458,Piyush Rathod Direct
919558833345,Piyush Ravat Direct
919898087123,Piyush Sailor Direct
919428150295,Piyush Shah (News)
918980073864,Piyush Sharma (BRK Hardik Jethva)
918306031815,Piyush Sukla
919825067182,Piyush Tank ( Direct)
919054966000,Piyushbhai (BRK Himanshu Kapadia)
919879197162,Piyushbhai (BRK Vishal Vende)
919825822571,Piyushbhai Dalal (Direct)
919824197300,Piyushbhai Parmar (BRK Dream Property)
919727737700,Piyushbhai Patel (BRK Ashwin Pandya)
919825794606,Piyushbhai Soni (BRK Dharmesh Jalaram)
919925608776,Piyushbjai Trivedi (Direct)
919099750337,Pk Gemar
919978914343,Pk Soni
447732362667,Pooja
919687181800,Pooja Agrawal Fountainhead
918813781436,Pooja Chokshi
919979100272,Pooja Modi (Direct)
919819872833,Pooja More
917016682729,Pooja Nimavat
918200040248,Pooja Patel
919925038609,Pooja Phoolwani
919106190779,Pooja Rao G. villas
919687641212,Poojan Amlani
919723233281,Poojan Bhatia
919601120510,Poonam Gupta
919773478451,Poonam Vedia (Brk Vijay Karliya)
919687644279,Prabal Kumar
919825195488,Prabav Pandiya Direct
919375906695,Prabhakar Bedse
918238698139,Prabhakar Bhai (Direct)
919879192722,Prabhat Chandra Maheta Brk Rajesh Modi
919979457792,Prabhavathi Ben Kosti (Brk Pinkesh Chawala)
919979999245,Prabhjyot Direct
919327014958,Prabhu Rao
919849672214,Prabhudas Mistry
919913007372,Prabin Patel
917874366390,Prachi Bhatnagar (BRK Ashwin Pandya)
918792222900,Prachi Chawan Direct
919723788303,Prachi Khapare
917383814177,Prachi Soni
919879103247,Pradeep Battula (Direct)
919025460272,Pradeep Bhai ( Direct)
917874374467,Pradeep Bhai Jariwala Brk
919978834463,Pradeep Bhargav Direct
919998972589,Pradeep K Mishra (Direct) Reliance
919898838382,Pradeep Patel (Kaushik Jalaram )
919825129115,Pradeep Singh ( Direct)
919825380875,Pradil Thakkar Brk Kalpesh Modi
919824145213,Pradip Agarwal G. villas
919664552493,Pradip Aswani G. villas
919879803723,Pradip Bhai
919925899557,Pradip Gajjar
917043661946,Pradip Gupta G. villas
917016547956,Pradip Kashyap
919909438092,Pradip Khalani
918320743500,Pradip Lad
919227953005,Pradip Patel
917567892415,Pradip Patel Direct
919712228823,Pradip Patel Direct
919408846346,Pradip Prajapti Direct
919825460272,Pradip Sahani (Insta)
918866511104,Pradip Singh
919879549384,Pradip Sridharn
919316087942,Pradip Sukhla
919909111387,Pradipbhai (BRK Chandrakant Solanki)
919375880479,Pradipbhai Kosmba (Direct)
919723720169,Pradipbhai Raval (Direct)
919162885577,Praful Bhai Pataliya
919879208299,Praful Bhatt Direct
916359368035,Praful Chavda (Direct)
916352861323,Praful Gandhi Direct
919825396066,Praful Jogiya (Brk Dipak Dariyani)
919998300676,Praful Kahar
919374512554,Praful Kania
919879364555,Praful Mogera Direct
919427809990,Praful Patel
919979766111,Praful Patel (Direct)
919913181776,Praful Patel Brk Ajay Panwala
918140237137,Praful Patel Direct
919879281202,Praful Patrl
919925909193,Praful Prajapati
918511805862,Praful Prajapati (Direct)
919909995800,Praful Shukla Direct
918490090366,Praful Trivedi Direct
919898032338,Praful Zaveri
917984291180,Prafulbhai Lapsiwal
919825783787,Pragnesh Bhagat (Direct)
919909964954,Pragnesh Bhai
918780646344,Pragnesh Bhajiwala (Direct)
919909694756,Pragnesh Chaudhary
919909664756,Pragnesh Chsudhry
919924414608,Pragnesh Desai (Direct)
919825536382,Pragnesh Gandhi (News)
919265907432,Pragnesh K Patel (Direct)
919904873276,Pragnesh Patel
919427637680,Pragnesh Patel
918238923512,Pragnesh Patel
917874061126,Pragnesh Patel (BRK Dakshit Monpara)
919228932228,Pragnesh Prajapati
919723558087,Pragnesh Trivedi (Direct)
919825273456,Pragneshbhai Kakadiya (BRK Rahulbhai Patel)
919825393979,Pragneshbhai Mangukoya Soil Test
919898093377,Pragneshbhai Soni (Direct)
919922888765,Prahlad Bhai
918770070557,Prahlad Chabey
917567335155,Prahlad Godhwani
917984754145,Prahladbhai Patel (BRK Ashokbhai)
917802034789,Prajapati
917622057757,Prajapati Bhadresh
919173849558,Prajapati Bhavini (Dmart)
919913707383,Prajapati Divyang
919916707383,Prajapati Divyang
919913981272,Prajapati Kiran (Direct)
917622000872,Prajilbhai Patel (Direct)
918780991362,Prakash
918320629355,Prakash ( Brk Deepak Dariyani)
919136484393,Prakash Alaric
919510944888,Prakash Anjana
917041541741,Prakash Bhagat
918866890039,Prakash Bhai
918780631869,Prakash Bhai
917016212708,Prakash Bhai (Brk Paresh Talati)
919624125555,Prakash Bhai (Direct)
919428800555,Prakash Bhai (Direct)
919965934269,Prakash Bhai (Direct)
919575245000,Prakash Bhai (Direct)
917874439743,Prakash bhai (Direct)
919825246656,Prakash Bhai (Direct)
919879105503,Prakash Bhai AMNS
919228224029,Prakash Bhai Direct
918000139835,Prakash Bhai Direct
919925934269,Prakash bhai Sopariwala( Brk Chandrakant Solanki)
917021920739,Prakash Bhanushali G. villas
919723457070,Prakash Bhatiya
917405515126,Prakash Bheda (Dmart)
917046226071,Prakash Borse Direct
919925447922,Prakash Chaudhary Direct
916354454496,Prakash Chotliya
919909996373,Prakash Choudi Essar (Direct)
919375828882,Prakash Dawawala (Brk Chandrakant Solanki)
919374513393,Prakash Desai
917041500866,Prakash Desai
917600997727,Prakash Desai (Direct)
919726069329,Prakash Desai Direct
919898197230,Prakash Drsai
919879611350,Prakash Faldu (Direct)
919925847488,Prakash G Patel
918141315667,Prakash Gandhi (Direct)
919726714879,Prakash Gangera
918200523532,Prakash Jadav (Brk Chandrakant)
919712984684,Prakash Jadav (BRK Kamlesh Javiya)
919326900780,Prakash Jadhav Mumbai G. villas
919825898558,Prakash KabraWala (Direct)
919228167475,Prakash Kaniya
918490841001,Prakash Kantharia Direct
919820383735,Prakash Khatri Brk Anuj Kapdiya
919426841602,Prakash Kumar
919909902706,Prakash Lethwala (Direct)
919016550218,Prakash Maharaj
919825120704,Prakash Maharaj (Vinod Kapadiya)
919825952258,Prakash Maradia
919879394777,Prakash Mistry
919965228407,Prakash Modi
919825424934,Prakash Modi Direct
919879873341,Prakash Nagekar
919601294873,Prakash Narthriya Direct
919909033571,Prakash Panchal (Direct)
919574601951,Prakash Pariyani (Direct)
919925022959,Prakash Parmar (Brk Chandrakant Solanki)
919825450189,Prakash Patel
916354190183,Prakash Patel
919824785840,Prakash Patel
919998021495,Prakash Patel
919925094876,Prakash Patel ( Direct)
919426237682,Prakash Patel (Direct)
916351003507,Prakash Patel (Direct)
917874512423,Prakash Patel Direct
917573004274,Prakash Pawar (Insta )
917016545651,Prakash Prajapati (Brk Chandrakant Solanki)
917201997246,Prakash S Patel Direct
919904834990,Prakash Selvam (Direct)
919924508428,Prakash Sharma Direct
919825140948,Prakash Sindhe
917016394483,Prakash Solanki
919586813949,Prakash Solanki (Brk Bhavin Chauhan)
919825889651,Prakash Soni
919898372209,Prakash Soni (Brk Jms Property)
917016487262,Prakash Tanlekar Direct
919376917375,Prakash Upadhyay Direct
919924615966,Prakash Vatvesha (Brk Hardik Jethwa)
919925160752,Prakash Vichare
919898106098,Prakash Yadav Direct
919601677234,prakashbhai (direct)
919898361779,Prakashbhai Patel (BRK Kamleshbhai Javiya)
917383401299,Prakashbhai Patel (Direct)
919825235098,Prakashbhai Prajapati (BRK Dinesh Thakkar)
919825235048,Prakashbhai Prajapati (BRK Dineshbhai Thakkar)
919510086781,Prakashbhai Sonawane (BRK Himanshu Dave)
919879121145,Prakashbhai Tailor (BRK Dharmeshbhai Jalaram)
919426775578,Prakashbhai Tamakuwala No- 101
918733079436,Prakharmushra
918128688785,prakshbhai (direct)
918000062418,Pramesh (FB)
919978094700,Pramod Bhai ( Direct)
918200988242,Pramod Bhai (Direct)
919725441914,Pramod Bhai Mishra Jitendra Bhai Patel Brk
919725055375,Pramod Chauhan (Brk Chandrakant Solanki)
919725144754,Pramod D Patel(Direct)
919825808506,Pramod Desai (Direct)
919510417534,Pramod Gavhane Direct
919898701791,Pramod Jadhav
919978605156,Pramod Modi ( Brk Chandrakant)
919574004499,Pramod Oza (Direct)
919426105958,Pramod Parmar
919925296261,Pramod Patel
919898536811,Pramod Patel Direct
917048132818,Pramod Singh
919825941339,Pramod Visave
919099155577,Pramod Yadav Cripco
919909901876,Pramodbhai Gupta (Direct)
919825530686,Pramodbhai Shindhe (BRK Chandrakant Solanki)
918758734746,Pranav (Direct)
919417434522,Pranav Agrawal
919099297942,Pranav Bhai (Direct)
918511668422,Pranav Bhai Direct
919825693379,Pranav Gandhi (Direct)
917575031085,Pranav Jani (Direct)
918460685053,Pranav Joshi (Direct)
919898246461,Pranav Mehta G. villas
919825765068,Pranav Modi Brk Chandrakant Solanki
919099814145,Pranav Pandya (BRK Chandrakant Solanki)
919426362474,Pranav Prahapti
919898249772,Pranav Rana
919925241258,Pranav Sevak (Direct)
919909502624,Pranav Singh Direct
919765964643,Pranav Tallewar Direct
919537273133,Pranav Tiwari( Direct)
919033959912,Pranav Vadhani Direct
918690004746,Pranavbhai Gandhi (BRK Chandrakant Solanki)
919265400377,Pranay Bhai (Direct)
919377980098,Pranay Chapatwala (Brk Pinkeshbhai Chawala)
917984945499,Pranay Mistry
919426106036,Pranay Ojha (Direct)
919374708428,pranay Thakkar
918511983908,Praneel Solanki (BRK Bhavin Chahwala)
917046167040,Pranesh Bhai (Direct)
919106901727,Prarik Mistry (Direct)
919426812345,Prasad Gandhi (News)
919694236548,Prasant Barot
919904050678,Prasant Dhamechiya
919909901670,Prasant Kulkarni
917573835957,Prasant Parmar
919879102487,Prasant Rathod
917575875922,Prasant Rathod (G Villa)
917265948228,Prashant Bhai
919537100056,Prashant Bhai (Direct)
917043132467,Prashant Butani Direct
919825970999,Prashant Champaneri (Direct)
919724348225,Prashant Chappalwala (Brk Dipak Dariyani)
919904003885,Prashant Chauhan (Brk Deepak Dariyani)
919327457443,Prashant Chinai Brk Manish Jariwala
919898678837,Prashant Direct
919974622700,Prashant Gayakwad (Direct)
919377204141,Prashant Hadiya (Direct)
919099356314,Prashant Lakdawala (Direct)
919586707512,Prashant Maisuriya
919825970450,Prashant P Mavani (BRK Ajay Times Galaxy)
918849782323,Prashant Panchal (Brk Rajesh Gajjar)
919825808880,Prashant Parchigar (Direct)
917600017705,Prashant Patel
919619449438,Prashant Patel (Direct)
918320064624,Prashant Patel (Direct)
919909021901,Prashant Patel Direct
917600407104,Prashant Patel Direct
919173449001,Prashant Patel Direct
919099081080,Prashant Patel(BRK Himanshu Kapadia)
919373772509,Prashant Pune
919586395259,Prashant Ramani ( Brk Deepak Dariyani)
919909901019,Prashant Sapkal (Direct)
919825803133,Prashant Settigar (Direct)
919825149561,Prashant Shah (Direct)
919723471111,Prashant Shastri (BRK Chandrakant Solanki)
919054673343,Prashant Singh
919726038664,Prashant Solapurwala
919033539242,Prashant Soni
918767193222,Prashant Soni
918460295181,Prashantbhai Dalal (BRK Pinkeshbhai Chawla)
919724312880,Prashantbhai Kansara (Direct)
919879917475,Prashantbhai Shukla (BRK Rakeshbhai)
919687338292,Prashat Jadhav Direct
919909901432,Prasip M. H
917228833187,Pratap Sing (A1)
916353618434,Pratap Singh (Direct)
918353618434,Pratap Singh (Direct)
919879377714,Pratapbhai Pur (BRK)
919638227299,Prateek Parmaar
919099627310,Prateshbhai Patel (BRK Kantibhai Patel)
917069881893,Pratham Soni
919662014847,Prathmesh Mehta
919033923873,Prathmesh Naik Brk Daxesh Sai Real Estate
919099448826,Pratibha Ariwala
919662038478,Pratik Babariya (Brk Dipak Daryani)
919428568062,Pratik Bha
919106772921,Pratik Bhagat (Direct)
919879837993,Pratik Bhagat Sh Ak
919825690025,Pratik Bhai
919766666982,Pratik Bhai
919712975829,Pratik Bhai (Direct)
919988753755,Pratik Bhai (Direct)
919904442999,Pratik Bhai (Direct)
919537006767,Pratik Bhai Direct
919104471370,Pratik Bhai Gandhi Direct
918866678572,Pratik Bhatiya (Direct)
918200582399,Pratik Blue Diamond (Dmart)
919925241111,Pratik Budeliya
919904419895,Pratik Chauhan Direct
919173973168,Pratik Chauhan Direct
919879698442,Pratik Chopda Direct
918141845668,Pratik Contractor (Direct)
919099749434,Pratik Desai
917977212374,Pratik Direct
919824373711,Pratik Gheewala (Direct)
918017999513,Pratik Gohil
919909901048,Pratik Joshi
919879107550,Pratik Joshi
919825444447,Pratik Joshi (Direct)
919726267701,Pratik Joshi Direct
918000059163,Pratik Kanthariya
919829248370,Pratik Kothari Direct
919998753755,Pratik Kotwal Direct
919586308319,Pratik Mali Direct
917979091619,Pratik Mishra
919033079473,Pratik Mistry
917600524919,Pratik Mistry Direct
919904355099,Pratik Modi (Direct)
919726001409,Pratik Nagadwala (Brk Chandrakant Solanki)
919428568862,Pratik Nagrecha Brk Jatin Tejwani
919904752184,Pratik Pandya (Brk Chandrakant Solanki)
919998290358,Pratik Parekh
919898789342,Pratik Parekh Direct
919824485796,Pratik Patel
919913310758,Pratik Patel (Brk Dipak Dariyani)
918487832150,Pratik Patel (Direct)
919099828145,Pratik Patel Direct
918980015900,Pratik Patel Direct
919173340004,Pratik Patel G. villas
919510816164,Pratik Pathak
918000746685,Pratik Rajput
917984002302,Pratik Rathod (Dmart)
917984587411,Pratik Sarvaiya
919726879074,Pratik Savaliya
916359688876,Pratik Shah
919978743006,Pratik Sidhpuriya Brk Rakesh Patel
919104759585,Pratik Slok
919714711798,Pratik Solanki Direct
917984687163,Pratik Sopariwala
917984607677,Pratik Srivastav (Direct)
919825800096,Pratik Sukhadiya
919974646897,Pratik Surti (BRK Munnabhai Thakkar)
919925905385,Pratik Tailor (Brk Chandrakant)
919427585595,Pratik Trivedi (Direct)
918866385102,Pratik Vaghela (Direct)
919726278509,Pratik Vekriya Direct
919106479391,Pratik Vyas Direct
918320252354,Pratik Zaveri Direct
919978829777,Pratikbhai Chatriwala (BRK Pinkeshbhai Chahwala
919879103528,Pratikbhai Dodiya (BRK Chandrakant Solanki)
919825657855,Pratikbhai Joshi (Direct)
919979871913,Pratikbhai Patel (BRK Kaushikbhai Jalaram)
919724341195,Pratikbhai Patel (Direct)
918780262656,Pratikbhai Vishwas (BRK Rajnikant Parmar)
917387011481,Pratiksha
919099008690,Pratiksha Thakur
919638913415,Pratima Patil
919938913415,Pratima Patil
919879615182,Praveen Bhai (Direct)
919327799331,Praveen Bhai Direct
919925197646,Praveen Gandhi ( Direct)
917990682753,Praveen Patel (Direct)
917567616716,Praveen Sharma Direct
919328630166,Pravesh Vijayvargiya Direct
917575022676,Pravin Aahir (Direct)
919725200991,Pravin Bhai
919879906968,Pravin Bhai
919879615812,Pravin Bhai (Direct)
919898089463,Pravin Bhai Direct
917567780347,Pravin Bhai Wala
919879102161,Pravin Borse (Direct)
919428961919,Pravin Chaudhary Direct
917990566426,Pravin Chauhan Direct
918238109126,Pravin Chavda (Direct)
919824910622,Pravin Dhamecha(News)
918299628676,Pravin Dube
919925815153,Pravin Gaiwala (BRK Chandrakant Solanki)
919879521564,Pravin Gosai Brk Viresh Thakkar
919737746756,Pravin Goshwami Direct
917043221515,Pravin Gujrati
919825861252,Pravin J Undaviya (Brk Deepak Dariyani)
919879663776,Pravin Jadhav (Direct)
919824564643,Pravin Jadugar Brk Kamlesh Javia
918875152246,Pravin Jaguwal
919879536781,Pravin Joshi Direct
918690622604,Pravin Junjunwala
919328731740,Pravin Khaman Brk Anjana Real Estate
918369058121,Pravin Khuman
917229033511,Pravin Kosambi (Direct)
919970678855,Pravin Kumar (Direct)
919998220192,Pravin Lad Direct
919898139671,Pravin Limbachiya
919825347837,Pravin Maniya Direct
918347312809,Pravin Maru (Direct)
919913630303,Pravin Maru Direct
919925123848,Pravin Master (Direct)
919974779764,Pravin Modi Direct
919898199671,Pravin Nai (Direct)
919925714656,Pravin Patel
919924885373,Pravin Patel
919825293028,Pravin Patel
919974028687,Pravin Patel
918085775451,Pravin Patel
919913652945,Pravin Patel (Nirmam ) Brk Rajesh Gajjar
919909901793,Pravin Patel Brk Rakesh Patel
919723241267,Pravin Patel Direct
919978942666,Pravin Patel Direct
916352479762,Pravin Patil (Brk Sandip Patel)
919924630296,Pravin Patil Direct
919925826080,Pravin Pipaliya (Direct)
919727719062,Pravin Prajapati Direct
919825788593,Pravin Rathod (BRK Kamlesh Javiya)
918758906676,Pravin Rathva (Direct)
919825377758,Pravin Ravliya (Chandrakant Solanki)
919712278870,Pravin Rotrign (Direct)
917004516597,Pravin Shahu G. villas
919662928158,Pravin Solanki (Direct)
919427894776,Pravin Soni (Direct)
919824097887,Pravin Soni (Direct)
919586259611,Pravin Tailor
919428079451,Pravin Tank
919930438757,Pravin Variya
919898266337,Pravina Ben Surti Direct
918849492411,Pravina Rathor
919173731333,Pravina Vasava Direct
919825800298,Pravinaben Shailesh (BRK Pinkeshbhai Chahwala)
919825748962,Pravinbhai Chavda (BRK Dineshbhai Thakkar)
919879510037,Pravinbhai Civil
919924047167,Pravinbhai Joshi (BRK Kantibhai )
919825016716,Pravinbhai K Sharma (Direct)
917046848551,Pravinbhai Parmar(Contractor)
919925607003,Pravinbhai S Patel (BRK Shaileshbhai Thakkar)
919825623966,Pravinbhai Shoneji (BRK Chandrakant Solanki)
918200952478,Pravinbhai Surati (BRK Chandrakant Solanki)
919898479022,pravinbhai Surti (brk Sudhir Patel)
919228044035,Pravinbhai(Brk Deepak Daryani)
917073674777,Pravinkumar (BRK Chandrakant Solanki)
919925825578,Prem (Direct)
919104647000,Prem Bhai (Brk Amit Khandelwal)
918200187153,Prem Bhai (Direct)
919099214413,Prem Manvani
918169807245,Prem Nara (Brk Dipak Dariyani)
916394693832,Prem Singh
918758026667,Prem Vesuwala (Brk Ashwin Viras)
919173025745,Prem Vyas
919722109684,Premal Goswami ( Direct)
919879826902,Premal Pathak Brk Shailesh Thakkar
919879850225,Premalbhai Thakkar (Direct)
917894118899,Premji Bansu Direct
919426773495,Premji Bhai Lakda
919879113208,Premji Charaniya (BRK Chandrakant Solanki)
919726980167,Premji Sosa Direct
918141716499,Premjibhai (SMC) (BRK Kamleshbhai Javiya)
918866787705,Preventer Of Fire Himanshu B Nagar
919173862286,Preyas Ganeshwala (Brk Chandrakar Solanki)
919979460131,Preyash Gandhi (Direct )
919979260131,Preyash Gandhi Direct
919408791089,Pridi Nayar Direct
917698699656,Primalbhai Rana(Brk Chandrkant Solanki)
919978855486,Prince Bhai Direct
918155016262,Prince Bhai Fb
919826274944,Prince Bhodouria Direct
919624719595,Prince Gupta (Direct)
919099962189,Prince Mistri (Direct)
919023293729,Prince Modi ( Direct)
917990433018,Prince Parmar (Dmart)
916353871836,Prince Patel Direct
919979734311,Prince Singh Direct
919173400002,Prit Vaidhya (BRK Pinkeshbhai)
919725737952,Pritam Gamit (Direct)
918511737353,Pritam Patel (Direct)
918093830820,Pritam Sagar Direct
919978219323,Pritee Parekh G. villas
919925351899,Pritesh Anajvala (BRK Hiteshbhai Thakkar)
919638800991,Pritesh Bhai
917698737981,Pritesh Bhai ( Direct)
919428822348,Pritesh Chaudhary (Direct)
919712989507,Pritesh Chaudhary 2(Direct)
917874243940,Pritesh Contractor (Brk Manish Shayona)
919924151340,Pritesh Desai (Direct)
919512600223,Pritesh Desai (Kotak Bank)
919909995465,Pritesh Desai Direct
919374548951,Pritesh Joshi (Direct)
919879113645,Pritesh Mala(Brk Deepak Daryani)
917490965371,Pritesh Mistry
919825650169,Pritesh Mittal Silvasa (Direct)
917698737980,Pritesh Parmar Direct
918155016266,Pritesh Patel (Direct)
919428580277,Pritesh Patel (Direct)
919913872728,Pritesh Prajapati
919825100344,Pritesh Raval (Direct)
919925015196,Pritesh Raval Direct
919033357555,Pritesh Solanki (Direct)
918980011589,Pritesh Solanki Direct
919825386303,Priteshbhai G Patel (Direct)
919909665737,Priteshbhai K Patel (BRK Kamlesh Javiya)
919825707333,Prithvi Gemlawala
919879619045,Prithviraj Chauhan ( Direct)
919909950577,Priti Ben Direct
917021433282,Priti Dave
919979933000,Priti Desai Direct
919898434349,Priti Mam Direct
918200166538,Priti Pandya Brk Ravi Dwivedi
918758272502,Priti Patel Direct
917096267262,Priti Sharma G. villas
919152070405,Priti Singh
919879104002,Pritiben Direct
919426135797,Pritish Shah (Direct)
919313218971,Privesh Chauhan Direct
919724487409,Priya Goswami
919173075252,Priya Karuskar G. villas
917433000835,Priya Kumari (Direct)
918905136111,Priya Padmani Direct
917567796431,Priya Patel Direct
919833912212,Priya Sejpal (Brk Dipak Dariyani)
919904647733,Priyank Brajwala Direct
919979881740,Priyank Gupta Direct
919601445990,Priyank Ojha Direct
919825366324,Priyank Patel Direct
918849796204,Priyank Rajput
919925235555,Priyank Sangoi Direct
919033878507,Priyank Seth Direct
919913316400,Priyank Seth Direct
918460495593,Priyanka Devang
919099950454,Priyanka Golwala (Insta)
919998908287,Priyanka Patel
919327977173,Priyanshiben Modi(Direct)
919728533329,Priyanshu Bhai Direct
916306526117,Priyanshu Trivedi Direct
919925236540,Priyes Brahmbhat(Brk Hardik Jethwa)
917096150008,Priyesh Mistry
919898099966,Priyesh Patel (Direct)
918320880039,Priyesh Tailor (Direct)
919664686516,Property Dhundho
919913162726,Property Dhundho 2
918140943438,Property Junction (FB)
919979676230,Property Master
918780017019,Property Master
919374304700,prshant GEB PARAB
918860416842,Prtik Shrivasta Direct
917984604705,Prurhviraj
919825368268,Pruthul Bhai
919374717273,Pruthvi Raj Singh
917041499991,Pruthviraj Barot (Direct)
919725104678,Psi Digvijay Rathod Direct
916351118459,Puja Parbatgam (Direct)
918200367305,Pujan Patel (Brk Dipak Dariyani)
917485926280,Pukhraj Ji (News)
919925943181,Pulin Varodiya (BRK Kamlesh Javia)
919228406764,Punam Patel
919909997876,Punit Bhai (Direct)
919137458920,Punit Bhai (Insta)
919924955774,Punit Kumar (Direct)
919879101201,Punit Mehta
919974737171,Punita Shah
919773088892,Puranjay Smart G. villas
919909990309,PURI Insta
919924112073,Purnimaben Vyas (Direct)
919408793850,Purshottambhai Bokade (BRK Chandrakant Solanki)
918866590205,Pursv Topiwala
918849076512,purushootam lohar
919879101308,Purushottam Singh
919825556742,Purva Bhatt
919879743322,Purva Seth
919099043342,Purvesh Maisuriya Direct
919723475111,Purvesh Pachighar (Insta)
919879905955,Purveshbhai Kacha
917622020290,Purvi Bagthariya
919909004800,Purvi Kinariwala
919106673987,Pushay Direct
917572930006,Pushpa Shah
918355975901,Pushpa Shah
919727089955,Pushpak Solanki (BRK Pinkeshbhai Chahwala)
919426393875,Pushpal Desai Direct
919099421291,Pushpanjali Direct
917383053731,Pushpendra Singh
919016428861,Puspal Desai Direct
919377877704,Pyarelal Verma (Insta)
917486014224,R . D Yadav (Direct)
917600079662,R . N. Wadia(Direct)
919909601147,R B Kholi (Direct)
919427589368,R c Chaudhary
919586063841,R G Amreliya Sir G. villas
919054499196,R Group
917000657790,R K Yadav
918141156589,R Koladiya
919898755303,R M G. villas
919428409925,R m Pandya
919427793850,R. D Rathod Direct
919426836830,R.C Pandey Direct
919898041468,R.N Shukla (Direct)
917490001407,Rabin Patel (Brk Rajesh Gajjar)
919558907183,Rachit Agarwal G. villas
919887427162,Rachit Bhai Direct
919427576052,Radha Dave (BRK Himanshu Dave)
918160204076,Radhe
917622088000,Radhe Chhabda (Direct)
918347832015,Radhmi Kapdiya
919313045593,Raghav Bhai (Direct)
919879101228,Raghav Bhai AMNS
917878780788,Raghav Mehta
919825259796,Raghu Klynpr Ghattutlu
917575075666,Raghu Patel G. villas
919712411100,Raghuveer Singh (Brk Sandeep Modi)
919898431484,Raghuvir Ravaliya (Direct)
919726953043,Raghuvir Singh
917905514221,Raghuvir Solanki (Direct)
919601834252,Ragin Patel (Direct)
919925777510,Ragini Ahir
917574005454,Rahi Soni
919824975116,Rahil Chewsi
919909661047,Rahil Jikadra
919099548814,Rahil Patel
918780973441,Rahil Patel
919879101936,Rahil Patel
919825275100,Rahu Bathuya Direct
919602002081,Rahul (G Villa)
919909663322,Rahul Aahir (Direct)
919601590123,Rahul Amdavadi (Insta)
919978917796,Rahul Bank (Brk Vinay Tailor)
919104271130,Rahul Barot
919898914381,Rahul Bhai
917990540374,Rahul Bhai ( Direct)
919726766358,Rahul Bhai (Direct)
919825776757,Rahul Bhai (Direct)
917226029832,Rahul Bhai (Direct)
919173343630,Rahul Bhai Chauhan Direct
919824327621,Rahul Bhai Direct
919624075730,Rahul Bhai Direct
916357362971,Rahul Bhai Direct
917698709872,Rahul Bhai Mistry Direct
919879846821,Rahul Bhai Patel (Direct)
919898984486,Rahul Bhandari (Brk Subhash Bhai)
919824575253,Rahul Chawada (Brk LL Shah)
919510385600,Rahul Dabhi
919662032231,Rahul Dummasiya (Direct)
919904951441,Rahul Gandhi
917202943826,Rahul Gohil
919660860830,Rahul Jain
919825164040,Rahul Jain (BRK Chandrakant Solanki)
919327743987,Rahul Jethwa (Insta)
919826766358,Rahul Jogdiya Direct
917802095152,Rahul Joshi Sir
919924477289,rahul Kakrechha
918980432426,Rahul Kalkata Direct
918320494611,Rahul Kansara Brk Dharmesh Parmar
919924288048,Rahul Khambat (BRK Nileshbhai Modi)
919662540475,Rahul Koshti (Direct)
919719550369,Rahul Kumar Direct
919173427548,"Rahul Kumar,(News)"
918866901209,Rahul Lekawre (Bank)
919638334330,Rahul Mahesh Chandra (Direct)
917990659339,Rahul Maisuriya (Brk Chandrakant Solanki)
919662641064,Rahul Maisuriya Direct
919727779011,Rahul Modi G. villas
919978560141,Rahul Nishad (Direct)
917041966829,Rahul Office
919909901941,Rahul Pakhre Essar(Brk Soham Essar)
917490006336,Rahul Parmar (Direct)
918000731234,Rahul Patel
918798612688,Rahul Patel
919998021112,Rahul Patel
919099900247,Rahul Patel
916355155280,Rahul Patel
919725053626,Rahul Patel (BRK Rakesh Jalaram)
919033128130,Rahul Patel (Direct)
919429580338,Rahul Patel Brk Ashwin Padiyar
919408561395,Rahul Patel Direct
919601403534,Rahul Patel Direct
919099933247,Rahul Patel Direct
919687656573,Rahul Patel SMC (Direct)
918980605150,Rahul Patil (Ak)
919824280728,Rahul Pawar
919978884002,Rahul Poriya Direct
918200284174,Rahul Ra
918401191995,Rahul Rana (Direct)
919712911995,Rahul Rana (Insta)
919099571434,Rahul Rathod (brk Dipak Dariyani)
918976216448,Rahul Rathod Direct
917069898496,Rahul Satharia (Brk Chandrakant Solanki)
918140091886,Rahul Shah
917693074999,Rahul Shah Direct
919904953534,Rahul Sharma
918200228519,Rahul Sharma (Direct)
918866465311,Rahul Sharma (Direct)
918758705438,Rahul Shukla G. villas
917862848663,Rahul Singh
919512311234,Rahul Singh
916356607841,Rahul Tawar
919925652414,Rahul Tiwari (Direct)
919601186737,Rahul Trivedi
918460543198,Rahul Upadhyay Direct
919624121796,Rahul Vashi Direct
919904550114,Rahul Vidhay (Direct)
919825122547,Rahulbhai (Direct)
918141724774,Rahulbhai Direct
917874216121,Rahulbhai Patel(Direct)
917698877676,Rahulbpatel
919913237755,Raileshchandra. h. Dhahka (Direct)
919099066170,Raj Anter Price
917778840114,Raj Bhai
918140814040,Raj Bhai (Direct)
919315540018,Raj Bhai G. villas
919328899720,Raj Bhai Ntpc
919913469801,Raj Bhai Patel ( Direct)
919925185934,Raj Bhayani (Insta)
919638310164,raj chauhan direct
919825216853,Raj Chirag
919104290236,Raj Dharani
919925222229,Raj Dipak
919624257476,Raj Gadhavi Direct
919328901101,Raj Gilitwala (direct)
919898125120,Raj Kapadia Brk Chandrakant Solanki
918141576034,Raj Kaushal
919925240530,Raj Kumar Direct
919825820655,Raj Kumar Sukhala (Brk Munna Bhai)
918153900515,Raj Limbachiya
917567237216,Raj Modi
919870018026,Raj Naik
919586655595,Raj Padvar
917874790413,Raj Pancholi
916353268046,Raj Rabari
919898010101,Raj Roy Direct
917600039296,Raj Shah
917600531780,Raj Surti
919157671357,Raj Tamakuwala
918866676654,Raj Thakar Direct
919408052207,Raj Tiwari
918866660138,Raj Varma
919790022467,Raja Bhai Direct
918870843175,Raja Direct
917737796996,Raja Direct
919998213069,Raja Rav
917600058934,Raja Singer (Direct)
917623066892,Rajag Bhai
919356004472,Rajan Bulani
919725425253,Rajan Chapatwala (Direct)
919558710912,Rajan Chaudhary (Dipak Dariyani)
917600713233,Rajan Damakiya(Brk Rashesh Thakkar)
919825930789,Rajan Desai
919979390516,Rajan Gupta
919737495602,Rajan Jariwala
919106640232,Rajan Katakia (Insta)
919978940618,Rajan Kumar Navik (Brk L L Shah)
919909964655,Rajan Nayak Direct
918469965110,Rajan Prajapati (Direct)
919081786116,Rajan Singh (Direct)
919426875934,Rajan Suratwala (Direct)
919537748002,Rajan Vekariya
919726816346,Rajaram Chaudhary Direct
918690170344,Rajashthan (Insta)
919860554215,Rajat Chakravarty (Direct)
918849198036,Rajat Das Direct
918866486817,Rajat Shrivastav ( Direct)
917667158699,Rajbalam S. G. villas
917405575041,Rajbhai Gohil ( BRK Chandrakant Solanki)
917990647803,Rajbhai Kansara(Brk Hardik Jethva)
919998890001,Rajedh Jain Direct
917043730046,Rajeev Gupta G. villas
919737014824,Rajeev Jain (Direct)
919427580909,Rajendra
919712766441,Rajendra Bariya Direct
919662946777,Rajendra Barod (Direct)
919824150292,Rajendra Bhai
918460491224,Rajendra Bhai (Direct)
919825802947,Rajendra Broker
919327536012,Rajendra Chauhan Direct
919714068201,Rajendra Dave (Direct)
919825859846,Rajendra Goswami (Direct)
919924374696,Rajendra Kapdiya
917778850110,Rajendra Modi
919825641580,Rajendra Mundke (Direct)
919510147980,Rajendra Parmar
919825455190,Rajendra Pasvan
919879103255,Rajendra Patel
919898393494,Rajendra Patel
919904285011,Rajendra Patel
919925266971,Rajendra Patel (Brk Bhavin Chahwala)
919879102081,Rajendra Patel (Brk Dipak Dariyani)
919909903600,Rajendra Patel (Direct)
917016900392,Rajendra Patel Direct
919925154655,Rajendra Pisolkar (Direct)
919879617772,Rajendra Singh G. villas
918238109777,Rajendra Solanki
919427113223,Rajendra Vasava (Direct)
919879528952,Rajendrabhai (BRK Rakeshbhai Patel)
919377632009,Rajesh
917878223592,Rajesh
919825179380,Rajesh Agarwal
919825100301,Rajesh Anajwala
919879104920,Rajesh Anand Amns
919050472005,Rajesh Arya Brk Hardik Jethwa
919687333555,Rajesh Bansal G. villas
919712368222,Rajesh Barot Direct
919833806061,Rajesh Bha
918511738260,Rajesh Bhai
919726165825,Rajesh Bhai
919825183051,Rajesh Bhai
919924645180,Rajesh Bhai
919879860973,Rajesh Bhai
919104907003,Rajesh Bhai (Direct)
918469433601,Rajesh Bhai (Direct)
919228118099,Rajesh Bhai (Direct)
919624592001,Rajesh Bhai (Direct)
917984273677,Rajesh Bhai (Direct)
919327387839,Rajesh Bhai (Direct)
919603804231,Rajesh Bhai (Direct)
919824190940,Rajesh Bhai (Direct)
919825125094,Rajesh Bhai (Direct)
919624263232,Rajesh Bhai Direct
919879295545,Rajesh Bhai Direct
918000988855,Rajesh Bhai Zaloya (119)
919227189000,Rajesh Bhutwala (Brk Harshil Shah)
919374445528,Rajesh Chabariya ( Direct)
919512167282,Rajesh Chaudhary
919825111886,Rajesh Chauhan Direct
919408791212,Rajesh Chawda(Direct)
917878876504,Rajesh Clerk (Direct)
919429457754,Rajesh Dalal
919104407002,Rajesh Desai (Brk Dipak Dariyani)
919825480361,Rajesh Dholakiya G. villas
919879295595,Rajesh Dumasia (News)
919824125114,Rajesh Gadhavi
919408522979,Rajesh Gajji Direct
919974094483,Rajesh Gandhi
919909400478,Rajesh GLchar Direct
919825526966,Rajesh Gotawala
918780485553,Rajesh H Patel Direct
919429989646,Rajesh J Safari Direct
919726017908,Rajesh Jadhav
919724048349,Rajesh Jadhav Direct
919898618411,Rajesh Jadhav Direct
919998986759,Rajesh Javiya
919601338822,Rajesh Jovanputra
919054342429,Rajesh Kabira (Dmart)
919925019007,Rajesh Kacha (Brk Hardik Jethwa)
918320367023,Rajesh Kansara (Direct)
919409262074,Rajesh Kansarab
919825116425,Rajesh Kapadia
919825840575,Rajesh Kawa
919825522464,Rajesh Khalasi
919426478632,Rajesh Kharaji
919879949439,Rajesh Khatod Direct
918238235191,Rajesh Kumar Joshi
918551960226,Rajesh Kumar Singh
919099922330,Rajesh Maheta (Direct)
919825539295,Rajesh Mali Direct
919979947424,Rajesh Malusare (Direct)
919723455245,Rajesh Mehta Direct
919374533975,Rajesh Mistry
919998962268,Rajesh Mivawala
919265227551,Rajesh Modi
919327387239,Rajesh Munshi (Brk Dipak Dariyani)
919624145743,Rajesh Nanda
919825325608,Rajesh Nayak Brk Ashwin Padiyar
919825290499,Rajesh Panchal Direct
919374724098,Rajesh Panghal
919898723147,Rajesh Panwala Direct
917567757589,Rajesh Parekh
917043903904,Rajesh Parekh
919427632361,Rajesh Parmar (Direct)
919925036760,Rajesh Parmar Direct
917383039604,Rajesh Parmar Dmart
919904478263,Rajesh Parneriya Direct
919427187720,Rajesh Patel
919726677082,Rajesh Patel
919979895099,Rajesh Patel
919638911146,Rajesh Patel (Direct)
918128983349,Rajesh Patel (Direct)
919825784095,Rajesh Patel (Direct)
919870008529,Rajesh Patel (Direct)
919723326698,Rajesh Patel (Insta)
919879988499,Rajesh Patel Direct
919427160689,Rajesh Patel Direct
918866218023,Rajesh Patel Direct
919228899177,Rajesh Patel Direct
919824653723,Rajesh Patil
919429330473,Rajesh Patil Lic (Brk Hitharthi Talati)
917984552825,Rajesh Prajapati
919408722611,Rajesh Prajapati (Direct)
919879528171,Rajesh Prajapati Direct
919824725598,Rajesh Prekh
919913488182,Rajesh Pumbhadiya (Direct)
919909661963,Rajesh Rana
919601931930,Rajesh Rathor Brk Prakash Nathwani
917069677677,Rajesh Rawal
918490034388,Rajesh Ray (Direct)
919824599979,Rajesh Savaliya Direct
919898547425,Rajesh Selar Direct
919824217571,Rajesh Seth (Direct)
919825118886,Rajesh Shah
919824132923,Rajesh Shah (Brk Hardik Jethwa)
919925247933,Rajesh Shah Direct
919375722230,Rajesh Sukla
919825181168,Rajesh Surti
919925707142,Rajesh Sutariya
919879101835,Rajesh Tailor
919825190940,Rajesh Thakkar
919574873000,Rajesh Thakkar Direct
919714563448,Rajesh Tiwari Direct
919925904426,Rajesh Vaklariya
919409104085,Rajesh Yadav
918849681944,Rajesh Yadav (Direct)
917567516029,Rajesha Morat
917506262776,Rajeshbhai (Brk Chandrakant Solanki)
917506660223,Rajeshbhai (Brk Dipak Dariyani)
919825632660,Rajeshbhai (BRK Kamlesh Javiya)
919925894031,Rajeshbhai (Direct)
919724888949,Rajeshbhai (Direct)
919874231898,Rajeshbhai Bhavson (BRK Chandrakant Solanki)
919824461445,Rajeshbhai Bhodhanwala (Direct)
919228331291,Rajeshbhai Chautaliya (Direct)
919428869579,Rajeshbhai Dave (Pinkesh Chahwala)
917874234848,Rajeshbhai Kasata (BRK Krunal Rasina)
919825113226,Rajeshbhai Modi (BRK Hiteshbhai)
919898449824,Rajeshbhai Modi (BRK Sai Ram Property)
919899263137,Rajeshbhai Nebula (Direct)
919998903603,Rajeshbhai P Surati (BRK Sunil Punjabi )
919825196060,Rajeshbhai Parmar (BRK Dharmeshbhai Jalaram)
919825324147,Rajeshbhai Patel (BRK Chandrakant Solanki)
919879850988,Rajeshbhai Patel (BRK Kaushik Patel Jalaram)
919825335220,Rajeshbhai Patel (BRK Pinkeshbhai Chahwala)
919979525507,Rajeshbhai Patel(Direct)
919824575723,Rajeshbhai Rana (Brk Dipak Dariyani)
919427107974,Rajeshbhai Rana (Direct)
917043920077,Rajeshbhai Saini (Direct)
919725054824,Rajeshbhai Salume (BRK Fenil Thakkar)
919426857571,Rajeshbhai Sharma (BRK Ajay T Patel)
919029567742,Rajeshbhai Solanki (BRK Hardik Jethva)
919724505404,Rajeshbhai Variya (Direct)
918000888855,Rajeshbhai Zeloya (Direct)
919824160006,Rajeshri Mam
918141085460,Rajeshri Mehta
919925048867,Rajeshri Shahu Direct
917383336490,Rajeshwar Sharma Direct
919601986360,Rajeshwari Mehta (Brk Bhavik Smc)
917385690000,Rajev Singh(Direct)
917061660993,Rajiv Bhai
917903303974,Rajiv Bhai Direct
918128988907,Rajiv Gupta(Insta)
919998777554,Rajiv Khalpada Brk Ravi Trivedi
919979555936,Rajiv Kumar
919725024590,Rajiv Kumar
919099891387,Rajiv Kumar ( Direct)
917874933114,Rajiv Kumar (Direct)
919979315141,Rajiv Mehta
919974110566,Rajiv Pandya
919427927651,Rajiv Patani Direct
917698003464,Rajiv Patel
919137360979,Rajiv Patel Mumbai G. villas
919426159776,Rajiv Prasad Direct
919716000021,Rajiv Shukla (Direct)
919687600033,Rajiv Singh Direct
919879103287,Rajiv Vaishnav (Sandip Modi)
919537886770,Rajiva Naira (Direct)
919925048426,Rajkumar (Direct)
919327725017,Rajkumar Agrawal
918375006444,Rajkumar Shukla (brk chandrakant Solanki)
917283831379,Rajkumar Soni
919099380868,Rajnath Singh
917800714430,Rajni Bhai
919824858204,Rajni Bhai
919898441251,Rajni But
919913610226,Rajni Goti
919824184420,Rajni Tailor Direct
919426893337,Rajnikant Amreliya G. villas
919428742705,Rajnikant Bhai
919898846473,Rajnikant Chorasiya (Direct)
917600068481,Rajnikant Kantharia Direct
919974087081,Rajnikant Pandya (BRK Pinkesh Chahwala)
919624614337,Rajnikant Parmar (Vipulbhai Patel)
919825123094,Rajnikantbhai (BRK Kiran Vastarpara)
919027741631,Rajnish
919374706904,Rajnish Bhai
917984228096,Rajnish Kumar Direct
919898001416,Rajnish Savliya Direct
917567757919,Rajnishi Rathod (BRK Tushar Desai)
917698155000,Rajput (Insta)
917265925331,Rajput Kp (Direct)
918320803074,Rajput Yashu (Dmart)
919824734531,Rajsingh (BRK Shailesh)
918734949015,Raju
918160224068,Raju Aariwala Direct
919925669391,Raju Barot
919879477388,Raju Bh
919727182982,Raju Bhai
919913875039,Raju Bhai
918000450142,Raju Bhai
919913783640,Raju Bhai (Direct)
919408252518,Raju Bhai (Direct)
919898590445,Raju Bhai (Direct)
919913895039,Raju Bhai Brk Vijay Changulani
919904610088,Raju Bhai Direct
919909110840,Raju Bhai Directly
916353669919,Raju Bhai Maliya
919925806060,Raju Bhai Merchant (Direct)
919726643839,Raju Bhusata Brk Gaurav Thakkar
919879431270,Raju Box
919825333061,Raju Brahmabhatt
919825333041,Raju Brahmbhatt (Direct)
918511191029,Raju Desai (Direct)
919714260101,Raju Gabani (Direct)
919624035153,Raju Gadhavi Hazira Police
918866960996,Raju Gandhi Direct
919427306780,Raju Goshwami
919824175910,Raju Goti (Insta)
919913601583,Raju Kathrotiya
919974060374,Raju Kothwala (Direct)
919913750038,Raju M Galachar Direct
919879968406,Raju Makwana (Direct)
919909045450,Raju Mehra Direct
919324448201,Raju Nagar Direct
919726007711,Raju Padhariya Direct
919825671251,Raju Painter Rajubhai
919624411639,Raju Panchal
919925588552,Raju Pandey
919228629299,Raju Rathod (Direct)
919033761573,Raju Rathod Jms Property
917698581800,Raju Shah
917041453518,Raju Sharma ( Direct)
919824149191,Raju Sharma Direct
919714447658,Raju Solanki Direct
919879896284,Raju soni
919825127319,Raju Surti
919898150177,Raju Suthar Direct
918869278799,Rajubhai
919327429242,Rajubhai (Direct)
919978914194,Rajubhai Bhaskar (BRK Jatinbhai Lalwala)
919909245084,Rajubhai Chauhan (Brk Jatin Sutariya)
919898463053,Rajubhai Godaswala (BRK Dinesh Thakkar)
919374881810,Rajubhai Maharaj (Direct)
919922625777,Rajubhai Mori(Direct)
919913569801,Rajubhai Patel (Direct)
918866633310,Rajubhai Pavat (Direct)
919909278804,Rajubhai Rajput G. villas
918488880777,Rajubhai Soparivala (BRK Dharmeshbhai)
919825908432,Rajubhai Vankawala ( Brk Chandrakant Bhai Solanki)
919879029234,Rajubhai Vediya (BRK Dineshbhai Thakkar)
919377591268,Rajubhai Vyas (Direct)
919924203515,Rajul Umarawala
918980353978,Rajveer Gadhavi Direct
919824111062,Rajveer Singh Direct
919703201773,Rajvi Khatiwala Direct
919638204417,Rajvi Shah
919099999823,Rajvir Singh
919725050848,rajya Guru Direct
919376647655,Rakesh Bhagat G. villas
919913145078,Rakesh Bhai
918866197326,Rakesh Bhai
919033063709,Rakesh Bhai
919925936133,Rakesh Bhai (Brk R.R Group)
919510961700,Rakesh Bhai (Direct)
919898388750,Rakesh Bhai (Direct)
919909090786,Rakesh Bhai Brahmani Building Material
919824462988,Rakesh Bhai Direct
919825600194,Rakesh Bhai Direct
919638624668,Rakesh Bhai Direct
919998219251,Rakesh Bhai F(Direct)
919106839605,Rakesh Bhai G. villas
919650994736,Rakesh Bhai Ntpc
917990412611,Rakesh Bharwad (Insta)
919924127648,Rakesh Bhavsar Brk Rajesh Gajjar
919537466266,Rakesh Chaudhary (Direct)
919824766477,Rakesh Chauhan
919924717248,Rakesh Chauhan (Direct)
919998223851,Rakesh Chauhan Direct
919025153049,Rakesh Chawda
919825153049,Rakesh Chawla (Direct)
919824102942,Rakesh Chokshi
918799982690,Rakesh Dhani
918225950280,Rakesh Dhyani Brk Vijay Changulani
919624857451,Rakesh Dube Direct
919825649688,Rakesh Febrication
916355538410,Rakesh G. villas
919375802758,Rakesh G. villas
919974429066,Rakesh Hinga Direct
919904340039,Rakesh Italia(Brk Deepak Daryani)
918779648873,Rakesh Jaiswal (Insta)
919327739661,Rakesh Jariwala Direct
918160747323,Rakesh Kapadia (Direct)
919898585810,Rakesh Kapadia Direct
919898087003,Rakesh Kapadiya
919724099459,Rakesh Kasyap Direct
919913351796,Rakesh Kumar
918866176715,Rakesh Kumar (Brk Chandrakant Solanki)
919879538612,Rakesh Kumbhani
919375017655,Rakesh Lakdiwala (Dmart)
919879100796,Rakesh Malu
919825118909,Rakesh Maru (Direct)
919925182288,Rakesh Mehta
919879198765,Rakesh Mehta Direct
919537122122,Rakesh Mistry
919837122122,Rakesh Mistry
919574420683,Rakesh Modi
919227920768,Rakesh Modi ( Brk Rupeshbhai)
919558830099,Rakesh Modi (Direct)
919825383921,Rakesh Modi (Direct)
919428741808,Rakesh Nagpal G. villas
919638502544,Rakesh Naik G. villas
919824358578,Rakesh Nayak
916358869326,Rakesh Oza (Direct)
919825546482,Rakesh Panchal
919824703279,Rakesh Pandiya ( Brk Deepak Dariyani)
919374305000,Rakesh Parekh
919173345400,Rakesh Parekh Brk Rinkesh Jari
919879405445,Rakesh Parmar (Brk Dipak Dariyani)
919913701475,Rakesh Patel
919510388816,Rakesh Patel
919537846743,Rakesh Patel
919687662541,Rakesh Patel
919099740118,Rakesh Patel
919427421738,Rakesh Patel
919879687873,Rakesh Patel
919924305426,Rakesh Patel (Brk Deepak Dariyani)
917600704820,Rakesh Patel (Direct)
919825521714,Rakesh Patel (Direct)
917016917277,Rakesh Patel (Direct)
917572990200,Rakesh Patel (Direct)
919904701855,Rakesh Patel Brk Rupesh Jadhav
919909608413,Rakesh Patel Chandrakant Solanki
919925246189,Rakesh Patel Direct
919879924278,Rakesh Patel Direct
919909926265,Rakesh Patel Direct
919824505533,Rakesh Patel Direct
917990628805,Rakesh Patel Direct
919825521814,Rakesh Patel Direct
919510421516,Rakesh Pawar
919727732116,Rakesh Prajapati
919909902067,Rakesh Prajapati (Direct)
919586118979,Rakesh Prajapati (Direct)
919998810050,Rakesh Prajapati Direct
919558052772,Rakesh Prashad Direct
919824534956,Rakesh Rana (Direct)
919725037831,Rakesh Rana Direct
918521999777,Rakesh Rastogi Direct
919328748212,Rakesh Salot
919825526460,Rakesh Salot Direct
919427504069,Rakesh Sehgal (Direct)
917208200540,Rakesh Setha (Direct)
919377818311,Rakesh Shah
919824139285,Rakesh Shah (Insta)
919427565320,Rakesh Sidhhapuriya
919879575244,Rakesh Simpi
919904873717,Rakesh Sing (Direct)
919913598066,Rakesh Singh
919825298090,Rakesh Solanki (Direct)
917600425708,Rakesh Solanki Direct
919879058368,Rakesh Sukhyaji
919979708910,Rakesh Surti
919375852079,Rakesh Tailor Brk
919825342660,Rakesh Tamakuwala (Direct)
919104362020,Rakesh Thakkar
918238383484,Rakesh Thakkar (Direct)
919033541516,Rakesh Thavrani (Direct)
919825033870,Rakesh Tiwari Direct
919898315000,Rakesh Topiwala Direct
919824704989,Rakesh Trivedi
919974277610,Rakesh Vakte
919898614953,Rakesh Van Direct
917600039163,Rakesh Yadav Brk Gaurav Thakkar
919426873863,Rakeshbhai Kapadia (Direct)
919173226619,Rakeshbhai Mehta (BRK Nishantbhai)
919427216362,Rakeshbhai Patel (BRK Ashwinbhai Pandya)
919879002728,Rakeshbhai Patel (Direct
919724241691,Rakeshbhai Sachani (Direct)
918454940295,Rakeshbhai Shah (BRK Chandrakant Solanki)
919099901398,Rakeshbhai Shinde (Direct)
919925282814,Rakeshbhai Singhwala (Vipul Jalaram)
919925150334,Rakeshbhai Tomar(Direct)
918238235391,Rakeshkumar R. Joshi Direct
919574620084,Rakhi Ribinwala
919376317050,Raksesh Kumar
919725307122,Rakshit Shah (Direct)
918758864895,Ram (Ak)
919924644695,Ram Bacchan Prajapati (Brk Hardik Jethwa)
919301103898,Ram Bodhani Direct
919099946726,Ram G. Direct
917567689990,Ram Marble
919909994360,Ram Patel (Direct)
919016385402,Ram Patil
919909339852,Ram Purohit (Direct)
919574661911,Ram Thakor Direct
919537209872,Rama Direct
919879202986,Rama Krishna (Direct)
918200384533,Ramaben Jadav (Direct)
919924433938,Ramachandra Singh Direct
919898705970,Ramakant Patil Direct
919879477770,Raman Lalo (Direct)
919879040238,Ramanbhai (Direct)
919879754849,Ramanbhai N Patel (BRK L L Shah)
919825105771,Ramanbhai Parmar (BRK Chandrakant Solanki)
919879007073,Ramanbhai Patel (Brk Chandrakant Solanki)
919081312407,Ramani
918469480022,Ramani Harsh Direct
919898715583,Ramchandra Brambhatt
917359087086,Ramedh Kamle Direct
919825097461,Ramedh Trivedi Direct
918469593377,Ramesh Aahir (Brk Rashesh Thakkar)
919925714699,Ramesh B Patel (Direct)
919913169596,Ramesh Barman
919925348746,Ramesh Bha
919375423823,Ramesh Bhagat G. villas
919998158352,Ramesh Bhai
919724332173,Ramesh Bhai
916359275516,Ramesh Bhai (Direct)
919979200997,Ramesh Bhai Direct
919824912135,Ramesh Bhai Direct
919925437980,Ramesh Bhai Nindoliya (Direct)
916359775510,Ramesh Bhai Prajapati Direct
919725058767,Ramesh Bhai Rathod Calling Direct
918735900526,Ramesh Bhaib
919512901179,Ramesh Chaudhari (Direct)
919979946406,Ramesh Chauhan
918141278421,Ramesh Chhimpi Direct
919825699898,Ramesh Chotliya
919925295854,Ramesh Danavale Brk Chandrakant Solanki
919228716363,Ramesh Devmurali Direct
919825031919,Ramesh Fatakada
917698940101,Ramesh Fumakiya(Brk Chandrakant Solanki)
919773107909,Ramesh Hariyani Direct
919773499936,Ramesh Joshi
919909274430,Ramesh Khuman (Direct)
918000284181,Ramesh Kumar ( Brk Deepak Dariyani)
919352500835,Ramesh Kumar (Direct)
919904938958,Ramesh Kushwaha
919427113702,Ramesh M Patel (Brk Ramesh Thakkar)
917490015619,Ramesh M Patel (Ramesh Thakkar)
919664990742,Ramesh Makwana
919518129344,Ramesh Malhotra (Direct)
919824466116,Ramesh Mohite Direct
919687570511,Ramesh More
919426745019,Ramesh NTPC
919429898047,Ramesh Parmar
918088080000,Ramesh Parmar (Direct)
918866987739,Ramesh Parmar Brk Sandip Modi
918799131183,Ramesh Patel
919879297677,Ramesh Patel
916355291001,Ramesh Patel
919925273011,Ramesh Patel (Brk Hardik Jethwa )
919898223617,Ramesh Patel (Brk Nilesh Chotaliya)
919898750208,Ramesh Pawar Direct
919825964269,Ramesh Rabari
919106841431,Ramesh Rana
918160654949,Ramesh Rathod (Essar) (Brk Gordhan Koli)
919726567220,Ramesh Rathor
919924968980,ramesh rudra
917990873120,Ramesh Savaliya Direct
919925148792,Ramesh Senva
918299583465,Ramesh Singh (Direct)
918421078755,Ramesh Solanki G. villas
918422076005,Ramesh Tailor Mumbai
919825880891,Ramesh Tank
917016522251,Ramesh Tank
917622011835,Ramesh Thakkar
919925533851,Ramesh Thakor (Brk Dinesh Kalar)
917405437265,Ramesh Tilwani
919624587596,Ramesh Totapure
919825097462,Ramesh Trivedi Direct
919825435274,Ramesh Upadhyay Direct
919825565101,Ramesh Vaghani (Direct)
919825112470,Ramesh Viramgama Direct
919619000740,Ramesh Waghela G. villas
919374425566,Ramesh Yadav (Insta)
919724003464,Rameshbhai (BRK Kamlesh Javiya)
919979110997,Rameshbhai (Direct)
919998309986,Rameshbhai Bhil (Dmart)
919825823548,Rameshbhai Gohil (Direct)
919725023592,Rameshbhai Mandwala (BRK Dharmeshbhai)
919913430741,Rameshbhai Mistry (BRK Himanshubhai)
919913430745,Rameshbhai Mistry (Direct)
919638462118,Rameshbhai Modi (BRK Nileshbhai Modi)
919879061523,Rameshbhai Patel (BRK Ashwinbhai)
919824365334,Rameshbhai Patel (BRK Kamlesh Javiya
918264012290,Rameshbhai Prajapati (Direct)
919727847285,Rameshbhai Rathod (Direct
919327300020,Rameshbhai Sarasiya (Direct)
919879170149,Rameshbhai Thakkar (Direct)
919601291780,Rameshbhai Toda (Direct)
919662927115,Rameshwar
916299233839,Ramjan Singh
919821809146,Ramji Singal
918460055747,Ramkrishna M Bardolia (FB)
919377550672,Ramnik Dhaduk Direct
919173445616,Ramnik Javiya (Direct)
919898577556,Ramnik Satriya
919925241273,Ramzan AMNS
919724833467,Rana Dharmesh A. w
917990104949,Rana raju
918980026663,Rana Saheb
919924417843,Rana Sejal
919316303025,Ranchod Jograna
919879570001,Randeri
916358913514,Randhir Kumar (Direct)
919879591926,Ranesh Patelv
919426141090,Rani Bagul
919172208919,RANJAN
918758462411,Ranjan Kumar
919106233494,Ranjan Kumar (Direct)
919662513384,Ranjan Kumar Direct
917046345673,Ranjay Singh (Direct)
919978524704,Ranjeet Parmar
919725008595,Ranjeet Singh Chauhan (Direct)
918849188781,Ranjit Bhai
919374716264,Ranjit Galledar Direct
919825529088,Ranjit Kumar
919825144083,Ranjit Sharma
919825477019,Ranjit Vasava Brk Nilesh Modi
919979139544,Ranjita(Direct)
917990935522,Ranjitbhai J Anjiriya (Direct)
919067425858,Ranjitsinh Padhiyar (Direct)
919428873997,Ranvir Jha
916204459249,Rao saheb
919712512000,Rasesh Bhai (Direct)
919099130014,Rasesh Khatri Direct
919033927897,Rasesh Pathak (Direct)
919825172274,Rashes Patel (Direct)
917359466011,Rashesh Dhanak (Brk Dipak Dariyani)
919925367567,Rashmi Desai
2348113988544,Rashmi Dprp Crude
919726555923,Rashmi Gami
919724048354,Rashmi Kant Modi (Direct)
917405229946,Rashmi Patel
919909901391,Rashmi Patel(Brk Kamlesh Javiya)
917984366867,Rashmi Variyavwala (Direct)
919016688963,Rashmikant Parikh (Direct)
919822609647,Rashmin Patel (Direct)
919619001050,Rasida Foi Mumbai G. villas
919601277018,Rasik Bhai (Direct)
917359656924,Rasik Bhai Gajjar
918980235037,Rasik Dalwala Direct
918156005747,Rasik Patel
919879435386,Rasikbhai Kanani (Direct)
919879101710,Ratan Das
918875819472,Ratan Singh
919173356840,Ratanding Rajput
919099029106,RATHOD ARVIND (News)
919825181505,Ratilal Bhai (Direct)
919824127325,Ratilal Vadilal
919727064697,Ratilala Tank (BRK Kaushikbhai)
917069080101,Ratish Nair Direct
919137000610,Ratnesh Mahen Direct
919924757716,Raval Hetal (Direct)
919825422392,Raval Uday G. villas
917016160098,Ravi Bhakhar (BRK Chandrakant Solanki)
919081683509,Ravi Champaneria
919460733262,Ravi Chaudhari(Direct)
919899263127,Ravi Chaudhari(Direct)
918758440848,Ravi Chavda G. villa
918696873109,Ravi Dadhich Direct
917819862400,Ravi Dixit(Direct)
919924191119,Ravi F. b
917600872220,Ravi Gohil (Dmart)
919099899081,Ravi Gondaliya Direct
919033861812,Ravi Goradiya
919909674064,Ravi Goshwami Direct
918849778830,Ravi Jadhav Direct
919724818728,Ravi Jain
917698688835,Ravi Jain
919316156537,Ravi Jariwala Direct
919173808166,Ravi Kansara Direct
919737666688,Ravi Karington Club
918605557940,Ravi Khadawala (Brk Chandrakant Solanki)
919004542742,Ravi Khalasi
919638793609,Ravi Khalasi (Brk Kamlesh Javia)
919106473626,Ravi Khambati Direct
919879108035,Ravi Kiran (Direct)
919879102035,Ravi Kiran (Direct)
919537168464,Ravi Kishan (Brk Chandrakant Solanki)
917489661097,Ravi Ku
919925714169,Ravi Kumar Chauhan (Brk Dipak Dariyani)
919033585163,Ravi M
917900077790,Ravi Maheta Direct
919426970091,Ravi Makwana ( Direct)
919173207000,Ravi Mehta (BRK Chandrakant Solanki)
919510870938,Ravi Mehta Direct
919099120999,Ravi Motwani (Dmart)
919727416609,Ravi Nair (Direct)
919687387902,Ravi Nayak Direct
918000326409,Ravi Panchal
917383972097,Ravi Pandav
918866870682,Ravi Patel
918733035310,Ravi Patel (BRK hardik Jethva)
919099974426,Ravi Patel (Direct)
919824525420,Ravi Patel (Direct)
917046686434,Ravi Patel Direct
919979993034,Ravi Patel G. villas
919825125474,Ravi Patil Direct
919879469990,Ravi Pawar (Direct)
918141558547,Ravi Prajapati
919879827049,Ravi Rajput
919574090005,Ravi Rana
918460519540,Ravi Ranjan Brk Kamlesh Javia
919827724408,Ravi Raval (Direct)
919327724408,Ravi Raval Direct
916356511000,Ravi Rawal Direct
919904327876,Ravi Sarvaiya
919408790963,Ravi Shankar
919090965260,Ravi Shankar AMNS
917990369874,Ravi Sharma Brk Dipak Dariyani
919033990147,Ravi Sharma G. villas
918735968109,Ravi Singh
919904673091,Ravi Solanki Direct
919904780404,Ravi Solanki Direct
919879737456,Ravi Sosa (Insta)
918866008580,Ravi Suyal G. villas
919428455499,Ravi Tailor (Brk Hardik Jethwa)
919376665777,Ravi Thakar Brk Jigish Shah
919624334444,Ravi Trivedi (Direct)
919998534758,Ravi Vasani
919925714499,Ravi Vatiani (Direct)
919228235082,Ravibhai Dawnar (Direct)
918460999309,Ravibhai Jariwala (Direct)
918200157077,Ravibhai Mankiwala (BRK Chandrakant Solanki)
919974914440,Ravibhai Parmar (Brk Kamlesh Jalaram)
917016133415,Ravikant Patel Direct
919662933247,Ravindar Singh Direct
919574730770,Ravindra Ahir Nrk Pi Kesh Chahwala
919106551155,Ravindra Bhai
917405501255,Ravindra Chaudhary
919998218071,Ravindra Chavda (Direct)
919924589510,Ravindra More (Direct)
919316269329,Ravindra Patel
919427900594,Ravindra Patel (BRK Chandrakant Solanki)
919909949584,Ravindra Patel (Direct)
919879915087,Ravindra Patel Direct
917016704173,Ravindra Shah Direct
917621939380,Ravindra Singh
919909247727,Ravindra Sinnaskas(Brk Dharmeshbhai Jalaram)
919773468158,Ravindra Vasava Direct
919978421214,Raviraj (Dmart)
919925521661,Raviraj Damakiya Direct
919714314392,Raviraj Singh Direct
919825400075,Ravirajsinh Vaghela Transport
917048630253,Ravishankar Kumar GST (Direct)
917226931888,Ravubhai Patel (BRk Pinkesh Chahwala)
919825512160,Rawal Brk Ashwin Padiyar
919909965361,Rebhu Vadhel
919227287744,Reema Mistry
919825342537,Reemesh Ghoghari (Brk Deepak Dariyani)
919429327453,Reena Bisen
919724332029,Reena Kaushik (Direct)
919099802458,Reena Patel
916364681916,Rekha
919824502943,Rekha Choksi
918401075057,Rekha Gandhi
918128697298,Rekha Golwala G. villas
919228116477,Rekha Khodvalwala Direct
916354681916,Rekha Nagekar G. villas
919426413271,Rekha Varma
919638825803,Rekha Yadav
919723346639,Ren's
917041113413,Renish Chotaliya (Direct)
916351179303,Renuka Ben (Brk Chandrakant Solanki)
919714483312,Reshma
919726549428,Reshma Bhaglia
918320031399,Reshma Solanki
919879606066,Reva Ben (Direct)
919727412273,Reva Patel Brk Dhaval Jethwa
919824517760,Rex George (Direct)
918866433297,Richa Gandhi Direct
918511878787,Richi Naik
919879816686,Ricky DGVCL (BRK Shailesh Thakkar)
919879747190,Ricky Kansara
917201836964,Riddhi Matieta
919574499163,Riddish Pandya (BRK Kamlesh Javia)
917016508176,Ridham Golwala (Direct)
919510466631,Ridhhi Mam
919687449241,Ridhhwish Tailor
919601268695,Ridhish Ghadidi(Brk Pinkesh Chahwala)
918200463048,Rignesh Kapadiya (Direct)
919898288908,Rihta Mehta (Direct)
919724891666,Rijvan Desai (Direct)
919879553781,Rikendra Khair Brk Sonu Thakkar
919909916733,Rikesh Patel
919173128144,Riking Bhai
919898607778,Rima Ben
919737929283,Rima Rathor
919898256282,Rimish Modi(Direct)
917567560834,Rina Kapadia Direct
919510097770,Rinkal Kosmbiya (Direct)
918200580850,Rinkal Patel (Direct)
918758701258,Rinkal Patel (FB)
919979984186,Rinkesh Lad (Direct)
919909236902,Rinkesh Patel
919974224461,Rinkesh Patel
917405871504,Rinkesh Patel Brk Chandrakant Solanki
918866390124,Rinkesh Resamwala Direct
916352133255,Rinkesh Soni (Brk Nilesh Jadhav)
917016768573,Rinkesh Thakkar (Brk Shailesh Thakkar)
919426103300,Ripalbhai Javeri (Direct)
919599728613,Rishabh (Brk Pravin Shrivastava)
918160425939,Rishabh Shah (Insta)
919892136660,Rishabh Vyas
919909245147,Rishi Master 2
917777995996,Rishi Master Direct
917600198747,Rishikesh Bhai (Direct)
919924112388,Rishikesh Bhai Direct
918866347980,Rishiraj Bhai
918758308679,Rita Ben (Direct)
919427800822,Rita Shah Insta
918511255659,Ritaben Direct
919824436267,Ritesh Agrawal (Brk Dipak Dariyani)
918320580300,Ritesh Bhai Direct
919313230933,Ritesh Bhai Parekh Direct
61422800248,Ritesh Dimmar
919925807788,Ritesh Dodhiyawala (Direct)
919879320587,Ritesh Dudhwala
918866278747,Ritesh Jariwala
919426388158,Ritesh Javeri Direct
919913165979,Ritesh Kapdiya
919712637267,Ritesh Khamar Direct
919033558969,Ritesh Mistry
917722040108,Ritesh Modi (Brk Munnabhai Jalaram)
916281022353,Ritesh Ntpc
919825400186,Ritesh Pandya (Direct)
919824900656,Ritesh Parekh (Brk Chandrakant Solanki)
919909854818,Ritesh Parmar (Direct)
916352157668,Ritesh Patel (Brk Rajesh Gajjar)
919879845750,Ritesh Patel (Direct)
919879480123,Ritesh Patel (Direct)
919978612232,Ritesh Patel Direct
919925752690,Ritesh Prajapati (BRK Himanshu Dave)
919925047767,Ritesh Sailor
918866476987,Ritesh Sailor (Brk Chandrakant Solanki)
919342859469,Ritesh Simha Direct
919974306562,Ritesh Surti
919537796168,Ritesh Tank Direct
919512799299,Riteshbhai Babawala (Brk Dipak Dariyani)
919879740458,Riteshbhai Ghantiwala (BRK Pinkeshbhai Chahwala)
917875750999,Ritham Pathak
919016634769,Ritu Chandwani
919586833303,Ritul Balar
919825094227,Riya Ben Trivedi Direct
917984869482,Riya Mam
919081107989,Riya Mistry G. villas
919016228869,Riya Patel (BRK Kaushik Patel)
919377775497,Rm Kayasth
917877661155,RMesh Kumavat
919978592252,Robin Patel
917304062180,Rohan Bhatia Donar Sep
919974743046,Rohan Cahaliyawala Brk Vijay Changulani
919825771411,Rohan Chauhan (BRK Yedakani)
919979202037,Rohan Jariwala(Direct)
918460343828,Rohan Joshi
919913993294,Rohan Lapsiwala Direct
919099809395,Rohan Makwana
919558217623,Rohan Mehta (BRK Pinkeshbhai Chahwala)
919909160099,Rohan Mehta (Direct)
919033686626,Rohan Mehta Direct
918800393534,Rohan Modi
919409491234,Rohan Modi (Direct)
917984853769,Rohan Parmar (News)
919870202991,Rohan Patel ( Direct)
919978436500,Rohan Patel (Brk Vipul Patel)
919586306060,Rohan Patel (Direct)
919727740185,Rohan Patel AMNS
919925816455,Rohan Pawar(Direct)
919909274202,Rohan Shah
919726297504,Rohan Surti ( Direct)
917567785010,Rohan Tiwari (Brk Hardik Jethwa)
917777923829,Rohannpathak
917739917759,rohit
918171403900,Rohit Bhai
919825215168,Rohit Bhai (Direct)
919426814050,Rohit Chadda
919427963777,Rohit Chapaneria
918905635100,Rohit Chauhan Brk Fenil Thakkar
916352218848,Rohit Dhavan
919879102145,Rohit Jitendra Direct
919687474712,Rohit Pandit (Brk Kunal Surti)
919426822201,Rohit Pappya Direct
919586310730,Rohit Parmar
917575842265,Rohit Parmar (BRK Vipulbhai Jalaram)
918460022122,Rohit Parmar( Direct)
919727465214,Rohit Patel
919998450369,Rohit Patel (Direct)
919510800992,Rohit Patel (Direct)
919898997634,Rohit Patel (Ojash Property)
919824053400,Rohit Patel Direct
919106871626,Rohit Patel Direct
919825053400,Rohit Patel Direct
918758471235,Rohit Pothar (Direct)
919558581529,Rohit Rana Direct
919033325979,Rohit Rathod (Brk Rupesh Jadhav)
919374558234,Rohit Shah
919824087758,Rohit Shirawala (Direct)
916395031296,Rohit Singh
919558100937,Rohit Singh
919624390696,Rohit Vaghasia Direct
919879928861,Rohit Variys Direct
919719809663,Rohitash kumar Gangwar
919979268909,Rohitbhai Gandhi (BRK Himanshu Kapadia)
918141403900,Rohitbhai Kumbhani (BRK Chandrakant Solanki)
918758551587,Rohitkumar Kavar (Direct)
919327741526,Roma Patel
919998255906,Ronak
919925879247,Ronak (Direct)
919558124797,Ronak (Insta)
919428514925,Ronak Bhai
919420514925,Ronak Bhai
919909251838,Ronak Bhai ( Direct)
919265188815,Ronak Bhartiya (Direct)
919106229756,Ronak BoB (Bhavik Bhai)
919712050476,Ronak Joshi (Insta)
917990931113,Ronak Mistry
919324077770,Ronak Parmar (Direct)
918200189872,Ronak Patel
919427478701,Ronak Patel ( Direct)
917359059953,Ronak Sanghvi
919825977795,Ronak Singh Ahluwalia
919672332354,Ronak Solanki
917405518983,Ronakbhai Patel (BRK Kaushik Patel )
919725754856,Ronil Patel
919725754896,Ronil Patel
919016044569,Ronish Bardoliwala Direct
919662274400,Ronny Bhai
917496977547,Roshan Bhai ( Direct)
919147155705,Roshan Bhai Brk Munna Bhai Thakkar
918469526183,Roshan Desai (Direct)
916354766635,roshan gaharwar Direct
919913750160,Roshan Jadhav Brk Frnil Thakkar
919879101469,Roshan Joshi (Direct)
917984904628,Roshan Nishad
919427794177,Roshan Patel (Direct)
919925772719,Roshan Patel (Direct)
919510800911,Roshan Patel (Direct)
919978460009,Roshan Patel Direct
919913909992,Roshan Purohit Direct
917496977546,Roshan Singh
919104054697,Roshan Singh ( Direct)
919712723377,Roshan Tailor
919558783221,Roshani Parikh (Direct)
917359576555,Roshani Tailor
919974577331,Roshi Mehta
918866185876,Roshibben Chapaneria (Direct)
917405011307,Roshni Mondol (Direct)
919726015638,Royal
919558142189,Royal G. villas
919727788440,Rozan Kapadiya
918141385308,RRLP Angel (Insta) broking ltd
919924392018,Rsjubhai Dholakiya (Direct)
919687565288,Rubby Pankaj
918401421528,Ruchi Tailor
919429324900,Ruchil Bhai
919313983345,Ruchit Agarwal
919913415672,Ruchit Kansara Direct
919879101652,Ruchitbhai Hazira (Direct)
919601294396,Ruchitbhai Patel (BRK Shalieshbhai Thakkar)
919016045562,Rudham Bhai (Direct)
918000249101,Rudra Bhai
919428629513,Rudresh Jagad (Brk Deepak Dariyani)
919879113314,Rudvik Desai Brk Mehul
917434825923,Rujal Bhai
919106222026,Rujal Patel
918980744477,Rujita Mahel
918690384134,Rukesh Singh
919173444827,Rumit Bhai (Direct)
919825151447,Rupal Bhai Direct
919825133482,Rupal Mehta Direct
918866674719,Rupal Mistry
919228123486,Rupesh Bhai Ghadiyali ( Direct)
918401771666,Rupesh Jaishwal
919998218964,Rupesh Jariwala (Direct)
919998819986,Rupesh Jha Direct
918866578471,Rupesh Karekar (Direct)
919408719464,Rupesh Lad (Direct)
919909901243,Rupesh Lad Direct
919825521432,Rupesh More (Brk Rupesh Jadhav)
919924614041,Rupesh Panchigar (Direct)
918866808145,Rupesh Patel Direct
918160031503,Rupesh Thakar
919824009045,Rupesh Thakkar (Direct)
919408563564,Rushabh Gandhi
918320046210,Rushabh Lapadiya
919662519257,Rushabh Modi
919099608522,Rushali Mam
919033059504,Rushi B
919879826426,Rushi Bhai
917383010101,Rushi Chunawala (Direct)
919427476185,Rushi Joshi(Direct)
918469301276,Rushi Mistry
919924547309,Rushi Pachighar Direct
916354162615,Rushi Parekh
919712941147,Rushi Patel (Direct)
919727740130,Rushi Rawal
919687519984,Rushikesh Bhai
918490833387,Rushiraj Aasmani Direct
918320409552,Rushiraj Aasmani Direct
919925433369,Rusin Shah (Direct)
916359921774,Rutvij Mehta Direct
917990855560,Rutvik Pansuriya
919428819987,Rutvish Gupte (Direct)
919724345695,S D Shosi
919429267092,S H
919979645311,S K Direct
917043042886,S k Jha
919366193661,S K Singh
918980144980,S K Singh G. villas
919427139482,S K Tiwari (BRK Bhavin Chahwala)
918758628529,S Karsan Thakkar
919824173604,S Lakhani (Direct)
918141616000,S M Damor (Direct)
917383481219,S M Padaliya (Direct)
918000098749,S n Patil
918980131358,S N Property
919879103289,S P Sharma
919327135999,S P Singh G. villas
919925824850,S R More (Direct)
919040089678,S Thakor
919427311550,S. k Dube Brk Pratik Desai
971585994587,S. k Shukla Direct
919925865086,s. L patel direct
919033878389,S. N Jani Direct
919427137339,S. n Mahajan Direct
919998011604,S.G Patel (Direct)
919725039587,S.K Shukla (Direct)
919727899268,S.P Sharma (Direct)
919016233322,S.R (Insta)
919033468394,S.S Gamit (Direct)
918734005086,Sabjay Chauhan
919824936848,Sabjiv Bhavsar
919099934378,Sachin Amude Direct
919825139347,Sachin Arora Direct
919537967671,Sachin Bhai
919925698342,Sachin Goshwami Direct
919429366896,Sachin Jain (Direct)
918454846311,Sachin Jobanputra (Direct)
918306555083,Sachin Misal Insta
919601951292,Sachin Parmar
919722250002,Sachin Salunke
919372047677,Sachin Yadav Direct
919824518156,Sada Rokade (Insta)
919726026671,Sadhana J. Shah Direct
919871279559,Sadiksha Gaur Delhi
917014265484,Sagar Agarwal (News)
917710074224,Sagar Amlani Direct
919558188111,Sagar Bhagat
918460276171,Sagar Bhai
919913906433,Sagar Bhai
919724468041,Sagar Bhai
919724468042,Sagar Bhai
919879187477,Sagar Bhai ( Direct)
917600730574,Sagar Bhai (Direct)
917383909511,Sagar Bhai Direct
919033934493,Sagar Bhatt Direct
917878893556,Sagar Bhatt Direct
918866676276,Sagar Chauhan (Direct)
919724307859,Sagar Chauhan Direct
919408746442,Sagar Dalal Direct
919824312700,Sagar Gajjar (Direct)
919558366397,Sagar Gediya (Dmart)
919925880629,Sagar Gohil (Direct)
917433080024,Sagar Gosai G. villas
919313544491,Sagar Hofe Direct
919537000391,Sagar Jalndhara
917069588695,Sagar Jariwala
918200271992,Sagar Kande
919998286973,Sagar Kanode (Direct)
916355044924,Sagar Kantariya
919726711414,Sagar Kathariya
919909576408,Sagar Kathiriya (Direct)
918320456721,Sagar Khalasi Direct
919879665352,Sagar Kumar Direct
919909276831,Sagar Lathiya (Direct)
919904387447,Sagar Limbachiya
919785780001,Sagar Madnawat
919099552244,Sagar Mandik
919328322724,Sagar Maturkar Brk Shailesh Thakkar
919106105252,Sagar Mevawala (Direct)
971569907844,Sagar Modi
971527215649,Sagar Modi (Dubai Contact)
918905253203,Sagar Modi (Sujata Ben)
919313665239,Sagar Nadiya
919601001666,Sagar Nanavati (Brk Hardik Jethwa)
919662255850,Sagar Parmar (Direct)
919879113180,Sagar Patel
918758195480,Sagar Patel
919712900279,Sagar Patel
917405501193,Sagar Patel ( Direct)
917623831313,Sagar Patel (Direct)
918866518139,Sagar Patel Direct
918799283987,Sagar Patel Direct
917069216975,Sagar Patel Direct
919879824762,Sagar Patel Direct
919726737533,Sagar Polra Direct
917878086333,Sagar Prajapati
919099969945,Sagar Prajapati
919723920229,Sagar Relwala
916356118262,Sagar Salunke Fire Officer Son
919662435675,Sagar Sindhe
919913789790,Sagar Soni
919016552978,Sagar Sosa G. villas
919824277133,Sagar Suva
919904252148,Sagar Tailor
917016600310,Sagar Tailor (Brk Rakesh Tailor)
919537338534,Sagar Tank (Insta)
919979053102,Sagar Udasi (Direct)
919879408574,Sagar Upadhyay
919427975369,Sagar Vakhariya (Brk Chandrakant Solanki)
918369882654,Sagar Vimal.t
919019219219,Sagarbhai (Direct)
919227902222,Sagarbhai (Direct)
917405749171,Sagarbhai (Dmart)
919265605525,Sagarbhai Surat (BRK Chandrakant Solanki)
918238931858,Sagarbhai Tadha (brk Dipak dariyani)
919904495000,Sahaj
918000345010,Sahdevbhai More (Direct)
917202075768,Sahebrao Vyara
919687925710,Sahenaj Mam
917041160007,Sahil Bhai Virani Direct
919510859338,Sahil Gandhi Direct
917600015584,Sahil Kothari (BRK Dakshit Monpara)
918980666433,Sahil Modi (Direct)
919106089911,Sahil Oawar
918238338784,Sahil Thakkar
919033575073,Sahil Thakkar Brk Vijay Changulani
918238335784,Sahil Thakkar Brk Vijay Changulani
918849646011,Sahil Vaghela Brk Gajjar Rajesh
918511292333,Sahil Vastarpara
919574966172,Sai Krishna
919056794100,Saikat Mondal
919979445787,Sailendra Singh
918200582170,Sailesh Vasi Direct
919898115121,Sajubhai Chakla (Direct)
917455039296,Saket Agarwal (Direct)
918238000445,Saket Rajput G. villas
919825981658,Sakti Pandit Brk Kalpesh Hdfc
919978142907,sam joseph direct
919638783478,Samadhan Bhai (Direct)
919712772178,Samadhan Vitekar (Brk Dinesh Thakkar)
919724241211,Samar Jana G. villas
919879900709,Samar Kohli
919712756561,Samarjit (Direct)
917503758520,Samarjit Dube(Direct)
917488450921,Samarjit Ghosh (Brk Sonu Lakhvani)
919558800744,Samarjit Singh
918980212257,Samarth Pandya
917979043299,Sameer Gupta
919824143335,Sameer Prajapati Direct
917046222535,Sami Ravat Direct
919978899184,Samid Gandhi Direct
918141419527,Samir Bhagat (Direct)
919825970074,Samir Bhai
919712033001,Samir Bhai (BKR-jitendra Bhai)
919879101279,Samir Bhai AMNS
919879522174,Samir Chapnair (BRK Chandrakant Solanki)
919898916644,Samir Chauhan Direct
919558307931,Samir Mehta
919824083139,Samir Mehta(Direct)
919227115357,Samir Patel
919998218381,Samir Patel
919825808799,Samir Patel
919825414143,Samir Patel Direct
919998958863,Samir Patil Direct
919879100737,Samir Shah
919925240880,Samir Thakkar (Direct)
919714333333,Samir Varma
919714504115,Samir Vyas
919879544921,Samirbhai (Direct)
919033936669,Samit Udhanawala
919429327324,Samkit Mehta G. villas
919898136877,Sampat Bhai Brk Rupesh Jadhav
919727644852,Sampat Bhai Direct
919773451751,Samuel
918780120313,Samuel Murmu
919825414096,Sanat Balsari
919898915717,Sanat Chahwala
919160777751,Sandeep Balchandani
919737777389,Sandeep Bhai (Brk Pratik Desai)
919879111331,Sandeep Bhai (Direct)
919328036000,Sandeep Bhai (Direct)
917575802961,Sandeep Parmar Direct
918141681104,Sandeep Patel(Direct)
919979119107,Sandeep Shah ( Brk Chandrakant Solanki)
919898623005,Sandeep Silvaswala Direct
919374545437,Sandeepbhai Merchant (BRK Sunil Jalaram)
917738883678,Sandesh Bhai
917567584249,sandhya
918469525134,Sandhya Mam Gandhi Nagar
919227884784,Sandio Ingle Pune
919853687080,Sandip
919601723259,Sandip Barot (Brk Dipak Dariyani)
919913761707,Sandip Bhai
918769392903,Sandip Bhai
916354906542,Sandip Bhai
919601584457,Sandip Bhai Amns
919925258887,Sandip Chotliya
918055259515,Sandip Desai
919824151100,Sandip Dupia Fb
919429510010,Sandip Gandhi
919879248602,Sandip Ghori Direct
919426854995,Sandip Huria (Direct)
919825033168,Sandip Kapadiya
919376352452,Sandip Khatiwala (Insta)
918488992220,Sandip Khumavat
919898355087,Sandip Kuvadia (Direct)
917984668945,Sandip Lokhnde Direct
917575010244,Sandip Mali
919825512553,Sandip Mehta Brk Sonu Thakkar
919879708338,Sandip Mistry Direct
919537055530,Sandip Nikam (Direct)
919824012404,Sandip Parmar Direct
917285051390,Sandip Parmar Direct
919979621243,Sandip Patel
918849364746,Sandip Patel
919998620877,Sandip Patel (Direct)
919157548172,Sandip Patel (Direct)
919099920510,Sandip Patel (Direct)
917016109718,Sandip Patel Direct
919714260072,Sandip Patel Direct
919372121214,Sandip Patil
918980078702,Sandip Prajapati Direct
918460799890,Sandip Prasad Direct
918233866222,Sandip Ray
918652062312,Sandip Sarvaiya
917567699987,Sandip Sethana
919327814000,Sandip Shah Direct
919825193137,Sandip Singh
919173562157,Sandip Singh
919714960155,Sandip Singh (Brk Chandrakant Solanki)
917046544316,Sandip Singh (Brk Chandrakant Solanki)
919990004678,Sandip Singh Direct
919998762887,Sandip Singhal
919428146769,Sandip Surti (Direct)
919898076772,Sandip Suthar
917016210651,Sandip Suthar (Direct)
919879608588,Sandip Tailor (Direct)
919724338500,Sandip Tailor (Direct)
919924487833,Sandip Vakhava (BRK Daxesbhai )
919376593424,Sandip Vaniya (Insta)
919402168393,Sandip Vasaiya
919033950027,Sandip Vekariya Direct
919879988572,Sandip Vora
919998469609,Sandip Wagh
918000999777,Sandipbhai (Brk Dipak Dariyani)
919879074470,Sandipbhai (Direct)
919450678000,Sandipbhai Bhambi (BRK Chandrakant Solanki)
919824048418,Sandipbhai Bhambi (BRK Chandrakant Solanki)
919925594134,Sandipbhai Dudhwala (BRK ChandrakantBhai Solanki)
919825499708,Sandipbhai Joshi (Direct)
919879476743,Sandipbhai Mehta (Direct)
919825189981,Sandipbhai Shastri
919925607262,Sanehalbhai Patel (BRK Kamleshbhai Javiya)
919925602874,Sangari Jitendra (Direct)
919978816197,Sangeeta Panchal (Direct)
919773463744,Sangita Bharuch G. villas
919998348779,Sangita Chaudhary
919033857465,Sangita More Direct
919601779884,Sangita Shah
917984735166,Saniya (News)
918460372500,Sanjan Sibgh
919909721588,Sanjanaraimalani Raimalani ( G. villa)
917016648389,Sanjay Baraiya (Direct)
918320164111,Sanjay Baraiya Direct
919727013552,Sanjay Baraiya Direct
919979966948,Sanjay Barat Direct
919824743430,Sanjay Bhai
918153003854,Sanjay Bhai
917359152999,Sanjay Bhai
917874569815,Sanjay Bhai
919825564348,Sanjay Bhai
919687379917,Sanjay Bhai
919725224404,Sanjay Bhai
919427974062,Sanjay Bhai (Direct)
919824731374,Sanjay Bhai (Direct)
919016875154,Sanjay Bhai (Direct)
919824344920,Sanjay Bhai (Direct)
919978297493,Sanjay Bhai (Direct)
919925786099,Sanjay Bhai (Insta)
919427424200,Sanjay Bhai Devre Brk Neel Rajput
919825088861,Sanjay Bhai Direct
917972395690,Sanjay Bhai Direct
919825459749,Sanjay Bhai Hitesh Bhai
919998657409,Sanjay Bhai Khawan
919638249451,Sanjay Bhai Panchal ( Direct)
919714580000,Sanjay Bhai Pande (Direct)
919624742800,Sanjay Bhai Postywala
919909320675,Sanjay Bhai Raththi(Hareshbhai Surani)
917874569814,Sanjay Bhai Solar
919725724404,Sanjay Bhaibkotdiya
919825118061,Sanjay Bhandari
919429972288,Sanjay Bhandva (Direct)
919978888866,Sanjay Bhatt (Direct)
917567420408,Sanjay Bhoj
918866273697,Sanjay Bhole Direct
918200085063,Sanjay Bhuva G. villas
919833383864,Sanjay Bilakhia G. villas
918200345263,Sanjay Bosamiya Direct
919825809120,Sanjay Brk Vijay Changulani
919825746400,Sanjay Chabhadiya(Direct)
918401942747,Sanjay Champaneria (Direct)
917016803118,Sanjay Chaudhary (BRK Chandrakant Solanki)
917567666486,Sanjay Chauhan Direct
919033916333,Sanjay Chavda (Direct)
917405556660,Sanjay Chawda Direct
919427134975,Sanjay Chotaliya (Direct)
919825499941,Sanjay Dabhi Direct
918128230809,Sanjay Dahdiya Direct
919925155569,Sanjay Dube
917990323877,Sanjay Dudhwala
919825827266,Sanjay Florina (Brk Kamlesh Shah Javia)
918160367720,Sanjay Gamit Direct
919374607891,Sanjay Gandhi
918349274512,Sanjay Gandhi Brk Hardik Jethwa
919913493968,Sanjay Gupta
919980694037,Sanjay Gupta
919879666643,Sanjay Gupta Brk Rajesh Gajjar
919328207690,Sanjay Gupta Direct
918160798528,Sanjay Jain AMNS
919824998832,Sanjay Jariwala
919879072177,Sanjay Jotaniya (Direct)
919687623676,Sanjay K Adani (Brk Ashwin Viras)
919890267668,Sanjay Kakdiya Direct
919374801130,Sanjay Kariyawala (Direct)
919909145467,Sanjay Kumar
919727157158,Sanjay Lad (Ashwin Pawar)
919924761414,Sanjay Lakhani Direct
919427749754,Sanjay Lathiya(Direct)
919898267668,Sanjay Limda (Brk Sanjay Gandhi)
919825108408,Sanjay Mehta (Direct)
919222283080,Sanjay Mehta G. villas
919879509068,Sanjay Mevawala Direct
919325193325,Sanjay Mishra
919328193325,Sanjay Mishra Direct
918155853441,Sanjay Mistry (Direct)
919825550197,Sanjay Modi Direct
917016105050,Sanjay Msyantra(Insta)
919275027350,Sanjay P. Siddhapara
919726008875,Sanjay Panchal
919825675797,Sanjay Panchal
919925227220,Sanjay Panwala
919427576142,Sanjay Parekh
919558424288,Sanjay Parekh (Direct)
919978984513,Sanjay Parekh(Brk Chandrakant Solanki)
918511982763,Sanjay Parib Direct
919913007736,Sanjay Parikh (BRK Chandrakant Solanki)
919825383877,Sanjay Parmar
919913949417,Sanjay Parmar (Insta)
919998651231,Sanjay Patel
919428385528,Sanjay Patel
919979146111,Sanjay Patel ( Direct)
919824924040,Sanjay Patel (BRK Chandrakant Solanki)
919925007822,Sanjay Patel (BRK Chandrakant Solanki)
919909968709,Sanjay Patel (BRK Chandrakant Solanki)
919825656410,Sanjay Patel (BRK Kamlesh Javiya)
918980015008,Sanjay Patel (Direct)
918141910070,Sanjay Patel (Direct))
919924145674,Sanjay Patel Brk Jagdish Antala
919909075097,Sanjay Patel Brk Perfect Deal
919909968706,Sanjay Patel Direct
919898109100,Sanjay Patel Direct
919825823707,Sanjay Patel Direct
919537480777,Sanjay Patel Direct
919825138804,Sanjay Patel Direct
919824081188,Sanjay Patel G. villas
918000544488,Sanjay Prajapati (Direct)
918320692827,Sanjay Prasad (Direct)
917043738700,Sanjay Qpatel
919377777559,Sanjay Rana Brk Manthan Shah
919727753338,Sanjay Rathod Direct
919909925222,Sanjay Rathor
919727679058,Sanjay Revdiwsla
918879761756,Sanjay Sabhadiya Direct
918128694733,Sanjay Sahani (Direct)
919537303637,Sanjay Saswant (Direct)
919998382388,Sanjay Selke
919879535800,Sanjay Shah
919099444114,Sanjay Shah (LL Shah)
918320895768,Sanjay Shah (News)
919157498403,Sanjay Sharma
919925923795,Sanjay Sharma
918050867174,Sanjay Sharma
918141128981,Sanjay Sharma (Brk Dipak Dariyani)
917285099000,Sanjay Sharma DIRECT
919428629032,Sanjay Shroff
918980334545,Sanjay Siham Direct
918732907110,Sanjay Singh (Chandrakant Solanki)
919727461610,Sanjay Singh Direct
917777931535,Sanjay Solanki
918980334541,Sanjay Soman Direct
919825683603,Sanjay Sonani Direct
919879451358,Sanjay Sondhargar Direct
917600500143,Sanjay Soni
919428321374,Sanjay Soni (Direct)
919898255973,Sanjay Sunata (Direct)
919909901784,Sanjay Surati
919904747329,Sanjay Sutariya
918690982591,Sanjay Sutariya Direct
917096170714,Sanjay Tailor (Direct)
919377705544,Sanjay Tank
919909901858,Sanjay Thakur AMNS
919979491700,Sanjay Vala (Direct)
919833873801,Sanjay Varasiya
917600024584,Sanjay Veragi
919825043894,Sanjay Vijay ( Direct)
919825096644,Sanjay Viradiya (Direct)
919904445468,Sanjay Waghode
15403219070,Sanjay Waghode International Call
918000955607,Sanjaybhai Amerliwala (BRK Pinkeshbha Chahwala)
919925054558,Sanjaybhai Ankleshwariya (BRK Pinkesh Chahwala)
919824114175,Sanjaybhai Aora (Direct)
919427781284,Sanjaybhai CORPE (BRK Chandrakant Solanki)
918690066360,Sanjaybhai Gandhi (Direct)
919898027761,Sanjaybhai Hathiwala (BRK Pinkesh Chahwala)
919925014959,Sanjaybhai Lad (BRK Kaushikbhai Patel)
919723747744,Sanjaybhai Mistry (BRK Sunilbhai Jalaram)
919978129591,Sanjaybhai Mori (Direct)
919427122192,Sanjaybhai N Chahwala (BRK Kaushik Patel )
919879900488,Sanjaybhai Rana (BRK Dipak Dariyani)
918238126109,Sanjeet Singh Direct
919724504464,Sanjeet Verma (BRK Hardik Jethva)
919099775222,Sanjeev Dave (Direct)
919978941166,Sanjeev Gandhi Direct
919879511200,Sanjeev Khurana
917285812458,Sanjeev Mishra G. villas
919925211126,Sanjib Ray Brk Tapan Patel Jalaram
919879557118,Sanjiv Bis
919909018019,Sanjiv Kumar Patel
917984073264,Sanjiv Patel
919499779679,Sanjiv Rai
919712620920,Sanjiv Shah Brk Jigish Bhai Jalaram Grp
919909802043,Sanjiv Vaghela
919825868304,Sanju
918200617116,Sanju
917848035884,Sanju Kumari
919650036402,Sanjubhai (BRK Pinkesh Chahwala)
919925811122,Sankar Bhai (Direct)
919327676174,Sankar Madarganj
919726561456,Sankeet Sam (BRK Chandrakant Solanki)
919537791061,Sanket Bhai (Direct)
918460500771,Sanket Bhai (Direct)
917228015308,Sanket Bhai (Direct)
918308361800,sanket Bhai
919624081669,Sanket Chaudhary
919879863542,Sanket Joshi
919374934035,Sanket Lapsiwala (Direct)
919909995433,Sanket Pandya
919427848659,Sanket Pandya Direct
919898644161,Sanket Patel
919426601339,Sanket Patel (Direct)
919979147425,Sanket Patel Direct
919879102170,Sanket Patel Direct
918469046248,Sanket Sapra Direct
917387160007,Sanket Shah
919909788133,Sanket Thakkar Direct
919913912959,Sanketbhai Direct
919909970705,Sanny patel
919712345894,Sanny Rana Direct
918320152041,Sanoj Bhai Brk Kundan Bhai
919825943010,Santi Bhai
919601780403,Santos Bhai
917043665109,Santos Gutam Surat
918002723506,Santos Prasad
917688823057,Santosh
919427580479,Santosh Bari
918849726456,Santosh Bhai
919099249026,Santosh Bhai Direct
917622953899,Santosh Gaikwad (Direct)
919825850011,Santosh Gohil (Direct)
917227862233,Santosh Nair (Direct)
971501781824,Santosh Nair Direct
919898244299,Santosh Pal Direct
917575000541,Santosh Pawar (Direct
916355516456,Santosh Petrol Pump
919909948340,Santosh Rai (Direct)
918871322820,Santosh Rathod
919724413023,Santosh Saryawanshi
919558298898,Santosh Shah Direct
919439878623,Santosh Singh (Direct)
918347367268,Santosh Soni (Brk Sunil Jalaram)
919537755746,Santosh Vaghmare
919913851483,Sapan Shah Brk Jigish Shah
919224700969,Sapna Khedekar Mumbai
917211103456,Sapna Kulshreshths Direct
916352196870,Sapna Sen G. villas
919723738951,Sarad Bhai (Direct)
919925608441,Sarad Dobariya (Direct)
919726328115,Sarad Naik Direct
919712100230,Sarananan
917201813350,Sarang Sapariya Direct
918866543516,Sarang Soni (Direct)
918905666500,Sarangbhai Shroff (Direct)
918980134084,Sarda Chauhan Direct
918902484695,Sardar Singh Direct
919426886099,Sarika Kayal (BRK Chandrakant Solanki)
917350936320,Sarim G. villas
917872157938,Sarima
918401583722,Saritaben (Direct)
919484636039,Sarjak Parekh Direct
918530810259,Saroj Bisao
919033962316,Saroj Chauhan
918758365613,Saroj Panchal
919979110462,Saroj Patel (Direct)
919930408843,Sarthi (Direct)
918200132618,Sarvaiya Bhikhu (Direct)
919724345224,Sarvesh Gautam Direct
918299563990,Sarvoday Bhai
919377235611,Sashi Chauhan
919824155443,Sashi Hazari Direct
918758260178,Sashi Thakkar Direct
919428741593,Sashikant Jariwala
919408791142,Sashikant Kumar
919913641975,Sashikant Pandey
916353604043,Sashikant Parmar
919662420472,Sashikant Parmar Direct
919825510139,Sashikant Patel (Chandrakant Solanki)
919825518016,Sashikant Rana(Direct)
918511782424,Sashikant Rathod
919925557646,Sashikantbhai Patel (BRK Chiragbhai Jethva)
918849307809,Satis Chauhan
919726978777,Satis Lapsiwala
917990881334,Satish
919824100366,Satish Afinwala (Direct)
919413637874,Satish Agarwal G. villas
919033555761,Satish Bha Direct
919537373288,Satish Bhai (Direct)
919727713143,Satish Bhai (Direct)
919879289143,Satish Bhai (Direct)
919870023162,Satish Bhai (Direct)
919033533761,Satish Bhai Direct
919586133556,Satish Bhai Direct
919737018333,Satish Bhai Parmar (Direct)
919925137333,Satish Bhatt
919913775134,Satish Bhimradiya (Direct)
919978947776,Satish Desai
919925247776,Satish Desai (Direct)
917990348859,Satish Jaweri
919909993018,Satish Jetty Direct
918200029469,Satish Khambhati (Direct)
917016404632,Satish P Patel (Direct)
919825394982,Satish P Patel 2(Direct)
919909276151,Satish Panchal (BRK Chandrakant Solanki)
916355821549,Satish Patel
919420457860,Satish Patel
919909142511,Satish Patel ( Brk Deepak Dariyani)
919967948353,Satish Patel ( Direct)
919725501209,Satish Patel ( Direct)
919428457860,Satish Patel (Direct)
919879074936,Satish Patel (Direct)
918000459431,Satish Patel (Direct)
919016267992,Satish Patel (Ganganagar Direct)
919426150129,Satish Patel Direct
919879583773,Satish Patil Marathi
919228150512,Satish Prajapati (Direct)
917987475818,Satish Rajak (Direct)
917069539768,Satish Rathod (Direct)
919909788994,Satish Ravan (Brk Nilesh Modi )
919377673440,Satish Sethna Direct
919712309628,Satish Sidhpuria (Brk Chandrakant Solanki)
919723811779,Satish Tiwari (Brk Nilesh Modi)
919228137555,Satish Topiwala (Direct)
919998483271,Satish Wagh
919099894315,Satishbhai Gupta (BRK Ashokbhai Thakkar)
919904077761,Satishbhai Kanani (Direct)
919427941878,Satishbhai Khambhati ( Direct)
919879346383,Satishbhai M Parmar (Direct)
919998223351,Satishbhai Patel (Direct)
919537644405,Satishbhai Patel(Brk Dipak Dariyani)
919777443766,Satpalsingh Nagi Direct
919624472099,Satya Bhai
919909193696,Satya Mukatiwala (BRK Pinkeshbhai Chahwala)
919724684832,Satya Prakash
919909901612,Satya Tivadi AMNS
918851049662,Satyadra Bhai
919106817226,Satyam More (FB)
918511197810,Satyambhai Chudhari (BRK Manishbhai)
917709936480,Satyavan Bhai Jadav Ref. Nipen Bhai Modi Brk
919574449618,Satyendra Singh Direct
918000545448,Saumya Saho ( Brk Prakash bhai)
918487996011,Saurabh Aanand Direct
918898754496,Saurabh Bhai
917990269708,Saurabh Bhai
918320149558,Saurabh Bhai
918866646223,Saurabh Bhai Ashwin Bhai Padhiyar Broker
919537364612,Saurabh Bhatt Direct
918511343456,Saurabh Desai A. w
919909660057,Saurabh Kapdiya
919879100720,Saurabh Kumar Direct
919512009994,Saurabh Maheta(Direct)
919898207744,Saurabh Mistri (Direct)
919909902154,Saurabh Paranjape Amns
919712912128,Saurabh Patel
919558747450,Saurabh Patel
917621080940,Saurabh Patel Brk Yogesh More
919978836233,Saurabh Patel Direct
919313840338,Saurabh Patel Direct
919228825113,Saurabh Sakxena Direct
919590169835,Saurabh Singh Direct
919040079702,Saurabh Tripathi
917383467802,Saurabh V Patel (Dipak Dariyani)
919724345517,Saurabhbhai Jodhani (Direct)
918866004428,Saurav Bhai
919909025515,Savaji Prajapati (Direct)
919978469686,Savan Bhai Patel Direct
919712345122,Savan Gopani
919373338836,Savan Joshi Direct
918320275655,Savarn Patel Direct
919601291700,Savji Bhagvan
919574829321,Sayanton Mazumder ( BRK Chandrakant Solanki)
919925241540,Seanthin Kumar
919898235181,Seed Sadak (News)
919420489248,Seemaben (BRK Chandrakant Solanki)
918980300293,Seemaben Chauhan(Direct)
916350378865,Seenu Vyas
917490906306,Sehul Mali (Insta)
919913399980,Sehul Modi (Rajesh Modi)
919909995929,Sejal Bhatia
916352085282,Sejal Mam
918460706617,Sejal Pancholi
919924964221,Sejal Patel
919727989929,Sejal Prajapati
918866560515,Sejal Rathod Brk Jatin Dalwadi
919725761663,Semis Modi Direct
919998735133,Semish Modi Direct
919016069500,Senky Kajiwala (Direct)
918866906066,Setubhai Agravat (Direct)
918460811987,Sevak Kishan G. villas
919879705393,Sevliya Nitin
918320616292,Shabd Shakti
917778892409,Shadesh Mehta Brk Chandrakant Solanki
917878410004,Shagvbhai Ghaya ( Direct )
919427225286,Shah Mahi G. villas
919662723414,Shah Mayur G. villas
918866873455,Shahani Kiran Brk Shailesh Thakkar
919106740145,Shaikh
919374004555,Shailendra Bhai
919723192536,Shailendra Patel (Brk Himanshu Patel Jalaram)
919099948788,Shailendra Ray
919898599322,Shailendrabhai Vadnere (BRK Ashwin Pandya)
917990664216,Shailesh
919727709621,Shailesh Ahir
919313650690,Shailesh Ak
919925550207,Shailesh Anjiriya
919820964596,Shailesh Arathor
918732908100,Shailesh Badlawala (Brk Dipak Dariyani)
919825208639,Shailesh Bhai
919967022707,Shailesh Bhai
919879831399,Shailesh Bhai ( Direct)
919727666866,Shailesh Bhai (Brk Dilkhush Parghi)
917016227735,Shailesh Bhai (Direct)
919979580084,Shailesh Bhai (Direct)
919998564993,Shailesh Bhai Mehta (Brk Hardik Jethwa)
918320992310,Shailesh Bhai Nai
919662532678,Shailesh Biyawala (Direct)
919737135011,Shailesh Chauhan (Insta)
919979882591,Shailesh Darji(Brk Deepak Daryani)
917575071913,Shailesh Desai (Direct)
919913776990,Shailesh Dhoriyani
919825139588,Shailesh Gandhi (BRK Vinay Tailor)
919904018468,Shailesh Jadav (BRK Kiran Jalaram)
918308125453,Shailesh Jha Direct
917779053568,Shailesh Kamdar
919909902919,Shailesh Kanojiya(BRK-Rupesh Jadhav)
919377041059,Shailesh Kathiwala Direct
918758106511,Shailesh Lahor Brk Dinesh Thakkar
919879913679,Shailesh Lakdawala G. villas
918758106599,Shailesh Luhae
919824137241,Shailesh Mandawali ( Direct)
919879652484,Shailesh mishra (Direct)
917777933377,Shailesh Modi
919558449434,Shailesh Modi Brk Ashwin Padiyar
919909008889,Shailesh Mourya
918849289365,Shailesh Narik Brk Parth Bhai
919825983098,Shailesh Padhiyar Direct
919979949369,Shailesh Pandav (Direct)
919924288727,Shailesh Pandya
917069926720,Shailesh Parmar
919265744530,Shailesh Parmar (Direct)
919913089512,Shailesh Patel
919428058989,Shailesh Patel
919106828802,Shailesh Patel
919099135568,Shailesh Patel
919825762244,Shailesh Patel
916355499433,Shailesh Patel
919879871399,Shailesh Patel (BRK Sandip Patel)
919825586175,Shailesh Patel (Direct)
918469841414,Shailesh Patel (Direct)
919879316555,Shailesh Patel (Direct)
919924543438,Shailesh Patel (Direct)
919687129787,Shailesh Patel (Direct))
919879068723,Shailesh Patel Brk Jatin Tejwani
919898166408,Shailesh Patel Brk Pinkesh Chahwala
919824083099,Shailesh Patel Direct
919328275212,Shailesh Patel Direct
919825109593,Shailesh Patel Direct
919879109437,Shailesh Patel Direct
919825877079,Shailesh Patel Direct
919228096791,Shailesh Patel G. villas
919825287680,Shailesh Prajapati
919879578511,Shailesh Prajapati (Direct)
966542556546,Shailesh Prajapati (Direct)
919601286197,Shailesh Prajapati Direct
919825132519,Shailesh Prajapati Direct
919722719808,Shailesh Rana
919824135676,Shailesh Rana (Brk Kamlesh Javia)
916352709646,Shailesh Ranjrej
917993110503,Shailesh Rohit G. villas
919227945085,Shailesh Savani (Direct)
919898632202,Shailesh Shah
919825084094,Shailesh Shah (Direct)
919537453123,Shailesh Solanki (Direct)
919429151830,Shailesh Soni Brk Chandrakant Solanki
919427911522,Shailesh Soni Direct
917820085205,Shailesh Sopariwala
919825342008,Shailesh Tandekar
919879414221,Shailesh Tank
919429510034,Shailesh Topiwala Direct
917874000800,Shailesh Trivedi G. villas
919428956487,Shailesh Vadhel Direct
919426128500,Shailesh Vakil (Direct)
919377629224,Shailesh Varzani
919879101167,Shailesh Vyas (BRK Shailesh Thakkar)
919727029777,Shaileshbhai Bhagwagar (Direct)
919879397811,Shaileshbhai Jethva (BRK Ajay T Patel)
919427139678,Shaileshbhai Joshi (Direct)
919427504867,Shaileshbhai Maisuria (Direct)
919978283998,Shaileshbhai Mehta (BRK Chandrakant Solanki
919825144400,Shaileshbhai Patel (BRK Chandrakant Solanki)
919723887852,Shaileshbhai Vasoya (BRK Kamlesh Javiya)
918780814755,Shailu Deevam Grp(Insta)
919825926241,Shaji Ravindra (Direct)
919909901624,Shakir Soid Direct
918200728511,Shakti Bhai ( Direct)
919714844907,Shakti Singh (Direct)
918849548251,Shalin Bharuchwala(Brk Deepak Daryani)
919998337126,Shalin Shah
917990395422,Shalini Sharma
919724073989,Shalu Singh
919724463524,Shama Desai
919960272734,Shambhu (Direct)
919173883292,Shambhu Bhai ( Direct)
919898382271,Shambhu Nath Rungta G. villas
919725919390,Shamisth Jain (Direct)
919558182117,Shanghars Patel
919825600267,Shankar Bhai (Direct)
919974214147,Shankar Bhai (Direct)
918155871875,Shankar Desai Direct
919176633888,Shankar Ganesh (Direct)
919913729735,Shankar Mahajan Direct
919879827482,Shankarbhai R Solanki (Direct)
919879344406,Shantilal Bhai (Direct)
919825612944,Shantilal Dangodra G. villas
919328347000,Shantilal Parmar (Direct)
917069544597,Shantilal Patel
919998219605,Shantilal Ramparia Direct
919265822149,Shantilal Rana
919967698981,Shantubhai Taicok (Direc)
919708896087,Shaolesh Kumar
918320862172,Sharad Jariwala ( Brk Deepak Dariyani)
919375852339,Sharad Kanfade Direct
919327092782,Sharadbhai Gandhi (BRK Kamlesh Javiya)
919825372417,Sharadbhai Kapadiya(Direct)
917229017171,Sharda Ben (Insta)
919086051000,Sharma Abhishek
919824463524,Sharma Desai
917285814243,Sharma Direct
919978198986,Sharmistha Patel G. villas
919687666764,Sharvil Joshi Direct
919327607258,Shary Gamit (Direct)
918511144883,Shashank Bhandari Dmart
919601451411,Shashank Namdev Direct
918238061225,Shashank Vaghela (Direct)
919924851314,Shashikant (BRK Kamlesh Javiya)
919879888556,Shashikant Champaneria (Direct)
917575088549,Shashikant Gujarathi
919723916408,Shashikant Kathiyar (BRK Kantibhai Aatiwala)
96560036737,Shashikant Parekh (BRK L L Shah)
919898939310,Shashikant Topiwala (Direct)
917878878701,Shashikant Zala (BRK Chandrakant Solanki)
919322606778,Shashvant
919924032799,Shasikant Bhagat Direct
917698176000,Shatesh Patel ( Brk Nani Ved )
919898090546,Sheetal Ben Katargam
919023584966,Sheetalben (Brk Chandrakant Solanki)
919909255522,Shefali Mam Direct
919998028490,Shefali Mehta
919403964868,Shekhar Bhai Ntpc
919974017905,Shekhar Jagtap (Direct)
919998968449,Shekhar Nimbaeji
917069300082,Shiddharth (Direct)
917226952526,Shidharth Gandhi (Direct )
919408342478,Shifhraj Khengar
917297989598,Shikhar Joneja (Direct)
919327934847,Shilaben Gandhi (Brk Denish Farsanwala)
919714670562,Shilpa B Patel (Direct)
919428874474,Shilpa Ben Direct
918200234404,Shilpa Deogharia Direct
919974486766,Shilpa Kadiwala
919327294813,Shilpa Modi (Direct)
919925044366,Shilpa Patel Direct
918490879245,Shilpa Vaghela
917990856994,Shinny Roy (Insta)
919825636482,Shirish C
917016984865,Shirish Chaeda
919377117070,Shirish Jariwalaa Direct
917096612345,Shirish Patel (Direct)
919426124955,Shirish Patel Brk Viresh Thakkar
919879615727,Shirish Patel G. villas
919327314670,Shirish Shah(Direct)
919328091377,Shirish Trivedi
919879101564,Shishir Vyas (Dmart)
919762282982,Shital Chauhan
919016727589,Shital Desai (Direct)
918320757354,Shital Jadhav Direct
919586465161,Shital Patel
919099053902,Shital Patel
919099083902,Shital Patel
919033345505,Shiv
918866811234,Shiv Dakoriya Direct
919265444644,Shiv Desai
919268744644,Shiv Desai
919427123524,Shiv Desai
918160985162,Shiv Jariwala
919428039703,Shiv Kansara G. villas
918155066407,Shiv Katariwala
919601059160,Shiv Kumar
919974531064,Shiv Kumar Direct
919714960044,Shiv Kumar Nair Direct
919104323787,Shiv Kumar Paswan
919723157179,Shiv Lad
917035350606,Shiv Parekh
919537566048,Shiv Parekh 2
917984279906,Shiv Parikh Direct
919825855002,Shiv Property
919879102223,Shiva (Direct)
919033767820,Shiva Burade
918200536610,Shiva Khalasi (Brk Chandrakant Solanki)
916352346378,Shiva Kumar
919913503767,Shiva nand direct
919712512169,Shivam Barodiya
918007714999,Shivam Dabhi
918733987308,Shivam Joshi Direct
919537014498,Shivam Maisuriya
917016623393,Shivam Master
919157536650,Shivam Patel
918238734264,Shivam Patel
919723151742,Shivam Sailor
919909309133,Shivam Sharma
919924192851,Shivam Singh (Brk Akshaya Hingu)
919537902512,Shivam Undhaviya(Direct)
917574888440,Shivam Vaghela (BRK Hardik Jethva)
919953319373,Shivam Verma (Direct)
918980052276,Shivang Mahete(Brk Pinkesh Chahwala)
919879900905,Shivang Rathod (Direct)
916353573007,Shivang Tailor
919727149461,Shivangi Jaswal Direct
918140563866,Shivangi Sharma
919767079592,Shivani Chaturvedi(Direct)
919925720930,Shivani Pandya Brk Rikita Maisuriya
919879104594,Shivani Saxena (Brk Chandrakant Solanki)
918460288472,Shivbhai Limbachiya (direct)
919664581648,Shivprsad Mishra Direct
918976003895,Shraddha Solanki (Direct)
916351534212,Shradhha Rawla Direct
919374731073,Shree Jaymataji
919099018392,Shree Kant Pancholi (Direct)
919574169477,Shree Patel
918320267424,Shree Ram Ashok (Insta)
919624155766,Shreeji Fancy Direct
917778800136,Shreeji Jewellers G. villas
918411081811,Shrey Prashad Direct
917600787918,Shreya Gajjar
918780223549,Shreya Sonkar Direct
917984168390,Shreya Vedia (Direct)
917984160390,Shreya Vedia (Direct)
918866224498,Shreyansh Bhatiya (Direct)
918890170344,Shreyansh Patel (Brk Rakesh Tailor)
919426216796,Shreyansh Prajapati Direct
919426060858,Shreyansh Shah Direct
919924163170,Shreyansh Solanki (BRK Munna Thakkar)
919909549000,Shreyas Bhai Chandrakant Bhai Broker
919328237392,Shreyas Pandya (Direct)
918401986657,Shreyas Patel Direct
918200786007,Shreyash Patel (Direct)
919909607619,Shreyash Patel Direct
919687616364,Shreyash Rathod
919099207200,Shreyash Solanki (Brk Darshanbhai)
919909926263,Shriang Gujarati G Villa
919284670251,Shrikabt Kalore
917048160020,Shrikant Bhai Direct
919558820260,Shrikant Patel (Direct)
917600059794,Shrikant Sir
918485964323,Shrinivas Tammali (Direct)
919714475320,Shrish Patel ( Direct)
919920023949,Shrushti Madam
919904750955,Shruti Sonani
917002403241,Shubham Agarwal (BRK Haresh Surani)
917600764074,Shubham Bhai ( Direct)
919510569499,Shubham Gamit (Direct)
919033799918,shubham hansoti (Direct)
918770495641,Shubham Sharma
918511459771,Shubhash Bhai Patel 200 Var ( Gunabhai Jalaram)
919879337137,Shubhash Patel (Direct)
919824153275,Shushant Tyagi (Direct)
919727176203,Shushant Tyagi 2(Direct)
919099929871,Shusmis Shukla (Direct)
919898234722,Shv Virwani G. villas
919374808897,Shyam Agrawal Direct
919328134472,Shyam Bhai
919867320466,Shyam Chauhan ( Direct)
919099033312,Shyam Dama Direct
919925798546,Shyam Jay
919825298443,Shyam Lal Singh
918469499840,Shyam Madnani
919537962941,Shyam Mesuria( Direct)
919429898087,Shyam Patel Ongc (Direct)
917585093964,Shyam Patil
918320868099,Shyam Patol
919927502020,Shyam Sundar
919909901807,Shyam Trivedi Direct
919574557896,Shyam Vaghela
919824567960,Siddesh Thorat (BRK Sonu Jalaram)
918154011114,Siddharaj Darbar G. villas
919664818144,Siddharth Arora
919662083318,Siddharth Bhai
919624118992,Siddharth Bhai (Direct)
919712270145,Siddharth Bhatt
919664824883,Siddharth Joshi
918604934897,Siddharth Kesvani
918356805249,Siddharth Mehta ( Direct)
917066820810,Siddharth Opticals - Rahul Modiyani G. villas
917434067107,Siddharth Parmar Direct
917490003027,Siddharth Patel
919376123673,Siddharth Pawar Brk Rajesh Gajjar
919824140021,Siddharth Shah
919099052464,Siddharth Shah
919825854054,Siddharth Shah(piyush Tank)
919574586088,Siddharth Solanki Brk Rajesh Gajjar
919644618982,Siddharth Sutradhar (Direct)
919712917284,Siddharth Trivedi
918401706103,Siddharth Varlekar
16473000756,Sidharth Kayasth
919106833455,SIDHARTHBHAI KARATIA
919879581919,Sidharthbhai Patel (BRK Kaushal Patel)
916351200677,Sidhhiraj Randeriya (BRk Nilesh)
918160873711,Sidhraj Solanki (Brk Hardik Jethwa)
918866752222,Silverstone Villas
919819873085,Sima Humani (BRK Chandrakant Solanki)
919773133226,Sima Pandya
918320352173,Sima Patel
917600604811,Sima Patil
916392361426,Simran Mam
919898464717,Sinubtekwani
919978845086,Siraj Shaikh (News)
919879101460,Sirish Darji Direct
918200825005,Sisodiya Bhai ( Direct)
919979432030,Siteshbhai Surti (Direct)
919429419518,Sjay Rawal Direct
919662880646,Slok Misra
917984667740,Smc Suresh Gamit
919879103281,Smeta Gavkar Direct
917020401990,Smeta Thapliyal Direct
916355109955,Smit Bhai
919033723000,Smit Chauhan (BRK Pinkeshbhai Chahwala)
919327401509,Smit Devganiya
919662543043,Smit Gandhi (Direct)
917600908475,Smit Gosai
919081781857,Smit Jariwala
919328495712,Smit Kapure
918460322295,Smit Kariya (Direct)
917878692127,SMIT PANWALA (JALARAM RAVI)
917990907453,Smit Patel
918469815328,Smit Patel
919712435840,Smit Patel (Direct)
919104256126,Smit Sadadiya (Direct)
919904525183,Smit Shah Direct
919638000921,Smit Soni (Direct) 116
919848032107,Smit Tailor Direct
918460543199,Smita Upadhyay
917383850625,Smith Sir G. villas
919033945787,Sneh Parekh Direct
917567373377,Snehal Atodaria (News)
917567958355,Snehal Ben
918140964188,Snehal Bhai
919737014141,Snehal Gandhi
918488903534,Snehal Gandhi (Brk Rajesh Anajwala)
919099849201,Snehal Parmar (Direct)
919825607262,Snehal Patel ( Brk Kamleshbhai Jalaram)
919909007896,Snehal Patel Direct
919909007895,Snehal Patel Direct
918469314939,Snehal Prajapati Brk Kiran Prajapati
918169744939,Snehalbhai (Direct)
919909200846,Snehalbhai Gandhi (Direct)
919925145175,Snehalbhai Parmar (Direct)
919512667714,Sobhit Kumar (Insta)
919724338353,Soha. bariya Brk Gaurav Thakkar
918200330420,Sohal Patel
919827432571,Soham Bhai (Direct)
919727432571,Soham Bhai (Direct)
919898916318,Soham Joshi (Essar) (Direct)
917623945021,Soham Rawal
917874216552,Soham Varma Direct
919979912682,Sohan Bhai Direct
918866688141,Sohan Kalsariya
918160695002,Sohan Malviya G. villas
919099100703,Sohan Tata Jalaram
917738861070,Sohanlal Soni (Direct)
919662405654,Sohil Pande Direct
918460191855,Sohil Patel
917990360567,Solanki Tusharkumar
919327474543,Solanki Vijaybhai (BRK Shailesh Thakkar)
917779075940,SOLANKI馃敟
918735009605,Soma R Patel
919913758090,Somit Prajapati (BRK Chandrakant Solanki)
919099620262,Somya Prajapati
918866514870,Sonak Patel
919822411153,Sonal Bhagat (Direct)
918128811453,Sonal Gilatar Brk Dinesh Bhai
918980798092,Sonal Kotak (Brk Deepak Dariyani)
918980169672,Sonal Patel (Direct)
919265038289,Sonal Patel 2 (Direct)
918141911811,Sonal Shah (Insta)
917984702334,Sonal Shinde
919978625917,Sonal Vaghela Direct
919537300105,Sonalben Tailor (BRK Vijaybhai Kareliya)
916351947962,Sonali Mam Brk Piyush Tank
918698265734,Sonam Shah(Insta)
919825460106,Sonesh Bhai
919825661507,Soni Aayushi Direct
917016285084,Soni Katargam
919727564900,Soni Mehta (Brk Bhavin Chahwala )
919724634708,Soniji (Insta)
917990114673,Soniya Ben (Brk Chandrakanth Solanki)
919860344976,Soniya Sharma G. villas
918511035750,Sonu
919429016603,Sonu Bhai Direct
919737927579,Sonu Bhandari ( Brk Deepak Dariyani)
919773196775,Sonu Fulvani Brk Vijay Bhai
919321905709,Sonu Gupta G. villas
917201901234,Sonu Lakhwani (Dmart)
919223333710,Sonu Mistry
917874833233,Sonu Patel
917600390038,Sonu Thakkar Direct
917986532692,Sonu Yadav
917574068785,Sonubhaiii Direct
919727442824,Sorathiya Yogesh
917405042761,Sorup Da
918155050909,Sr Branc
919712868084,Srimiti Madam Brk Vijay Changulani
916359009970,Sristi Dubey
919848251053,Stanley Var Direct
919537002828,Steel Machine G. villas
919638775929,Subham Bhai
919038874943,Subham Bharitia (Brk Rasesh Thakkar)
918826059856,Subham Dube Direct
917874476893,Subham Khunt
917984190544,Subham Surti
918469002002,Subham Upadhyay
918866278570,Subham Varma Direct
919773194897,Subhash Bhai
919898173535,Subhash Bhai (Brk Chandrakant Solanki)
917990044755,Subhash Brokers
919974441857,Subhash Chadra (S.R Direct)
919909923317,Subhash Chandigra Direct
918238028836,Subhash Detroja(Brk L.L.shah)
919979393667,Subhash Ji Valod
918758757414,Subhash Oza Brk Ajay Panwala
919724319787,Subhash Pandya
919429408222,Subhash Patel
919377662298,Subhash Ranghunwala (Direct)
916355172298,Subhash Selot( Brk Kamlesh Javia Jalaram)
919427120457,Subhash Shah Brk Satish Mehta
919467689005,Subhash Sknwar
917016545631,Subhashbhai Bhatt (BRK Chandrakant Solanki)
919773194803,Subhashbhai Painter (Direct)
919099722886,Subhodh Bhakta(Brk Dipak Daryani)
919998971422,Subhodh Pandiya
919601181898,Subhodh Thakar (Brk Prakash Nathwani)
919909946991,Subhojit Chattergi(Direct)
919879615577,Subin Kumar Direct
919909906869,"Subodh Navak (, Direct)"
919375120152,Subodh Singwala (Direct)
919879103532,Subramanian V (Direct)
919601752172,Subrat Parida
919737316998,Suchay Modi Direct
918347551245,Sudarshan Singh (BRK Chandrakant Solanki)
919879645264,Sudeep Dash
919081010363,Sudha Patel
919924720728,Sudha Patel
919624720728,Sudha Patel
918469497918,Sudhakar Padvi( Direct)
919825449964,Sudhalal More (BRK Dharmeshbhai)
919879108492,Sudhanshu Trivedi (Direct)
919960888191,Sudhansu Trivedi
919099948589,Sudhir Ashra
919909959716,Sudhir Bhai (Direct)
917990183152,Sudhir Harsora (Direct)
919727762005,Sudhir Jasani Direct
916358080573,Sudhir Kushwala
919825109932,Sudhir Mehta (Direct)
919825575062,Sudhir Modi (BRK Nileshbhai Modi)
919106852711,Sudhir Patel
918619395050,Sudhir Sharma Direct
917016450894,Sudhir Singh (Dmart - Vaishnodevi Sky)
919925240295,Sudhir Vaswani (Direct)
919662532435,Sudhirbhai Patel 200 Var (direct)
919033642769,Sudhirbhai Prajapati (BRK Rajubhai Thakkar)
918849900126,Sueaj Tiwari
919824734826,Sughar Singh
919099011055,Sugnesh Shah
919427894999,Suhash Mehta (Direct)
919924602888,Sujal Shah
919925237444,Sujalbhai Khandwala (BRK Chandrakant Solanki)
919898102554,Sujanbhai Dalal (BRK Jigishshah)
918160190003,Sujata Modi (Direct)
916354932045,Sujata Patel
917405186642,Sujit Gaykwad
919662623724,Sujit Shah (Direct)
919825810529,Sujit Singh (Direct)
918604470582,Sujit Singh Direct
919879256657,Suketubhai Chaudhary (BRK Dharmeshbhai)
919979389798,Sukhdev Bhai
919662207557,Sukhdev Pawar Direct
919033920153,Sukhjit Singh
919875096145,Sulabhbh Bhai
919228795054,Suman Ben
919879090306,Suman Chauhan (News)
918160259974,Suman Gupta
918000598985,Suman Singhal (Insta)
919879103533,Sumant Hadiya (Brk Shailesh Thakkar)
919893045175,Sumeet Gandhi (Direct)
919879010402,Sumesh Humer Direct
917016420411,Sumesh Rathor Direct
918469510119,Sumit Bhaib
919033922625,Sumit Bhavsa(Direct)
919313732304,Sumit Dhamani (Direct)
917990937409,Sumit Jardosh Direct
919807175779,Sumit Jariwala
919309561930,Sumit Kesarwani G. villas
919824735643,Sumit Kothari (FB)
919824574858,Sumit Kumar
919879102648,Sumit Parmar Direct
919925197981,Sumit Patel
917405734374,Sumit Patel (Brk Gautam Patil)
917600657819,Sumit Rabari (Direct)
919959988814,Sumit Rana Brk Naresh Joshi
916357363181,Sumit Sharma
919537043322,Sumit Shrivasta (BRK Chandrakant Solanki)
919051427668,Sumitbhai (Brk Nilesh Modi)
919173599767,Sumitbhai Kalsariya (BRK Nilesh Modi)
919979267859,Sunanda Pawar Brk Dinesh Thakkar
919422011307,Sundaresan (Vesu )
919904122223,Sunil (Direct)
918128591565,Sunil (News)
919979913035,Sunil Bagale (Direct)
919879102387,Sunil Baghel Direct
919375382956,Sunil Bhai
919925417336,Sunil Bhai
919898096474,Sunil Bhai (Brk Chandrakant Solanki)
919426179797,Sunil Bhai (Direct)
917226032039,Sunil Bhai Patel Direct
919825037847,Sunil Chauhan
919327117428,Sunil Dabhi Direct
919825115599,Sunil Dalal
917779057275,Sunil Desai Direct
919825441088,Sunil Gandhi
918140444016,Sunil Godhaniya
919377711221,Sunil Jariwala (Brk Pinkesh Chahwala)
919327411109,Sunil Jariwala (Direct)
918866339636,Sunil Jariwala G. villas
919925227083,Sunil Jinwala (Dipak Dariyani)
919429898007,Sunil Kanthariya (Direct)
919825600266,Sunil Kapadiya (Direct)
919998687590,Sunil Khambhati (Direct)
918460865674,Sunil Krishnani (Brk Pinkesh Chawda)
919724051757,Sunil Kumar
917600415129,Sunil Maherani
919825459653,Sunil Makwana (Brk Sneha Dosi)
919428056058,Sunil Malviya
919998745833,Sunil Mehta
919879156582,Sunil Mehta
919869011030,Sunil Mehta Brk Sonu Thakkar
918469644061,Sunil Mistry
919624237503,Sunil Mistry (Brk Aswin Viras)
919898091020,Sunil Modi (Brk Hardik Jethwa )
919228310450,Sunil Nehte (BRK Chandrakant Solanki)
919925040119,Sunil Panchal
918000859378,Sunil Pandya Direct
919909989615,Sunil Parmar
919979400094,Sunil Patel
919725567055,Sunil Patel
919099028031,Sunil Patel
919825864780,Sunil Patel (Bharti Gumgavkar)
919825564780,Sunil Patel (Bharti)
919879072318,Sunil Patel (Direct)
919638001953,Sunil Patel (Direct)
919898191620,Sunil Patel (Direct)
918980920145,Sunil Patel (Direct)
919714311610,Sunil Patel (Direct)
919979267853,Sunil Patel (Sonu Thakkar)
13463199119,Sunil Patel Direct
919106067269,Sunil Patil
919913554460,Sunil Rana
919998683086,Sunil Rana (Brk Chandrakant Solanki)
917041876558,Sunil Rana (Direct)
919909901515,Sunil Rathi ( Direct)
918811697952,Sunil Revar
918511697952,Sunil Revar
919998942787,Sunil Shah (News)
919426478234,Sunil Sharma
919428511284,Sunil Sharma
919426478323,Sunil Sharma (Brk Nilesh Modi)
919825822379,Sunil Sidhvaniya Direct
919687565245,Sunil Singh
919825887171,Sunil Soni
919016323808,Sunil Sukhala (Direct)
919727800084,Sunil Surya (Direct)
918460073462,Sunil Tailor
919687261128,Sunil Tardalkar (Shailesh Thakkar)
919819730527,Sunil Tiwari (Direct)
919825469014,Sunil Uncle
918401473122,Sunil Vada
919227222271,Sunilbhai (Direct)
917778900350,Sunilbhai Chaudhary (Direct)
919925009085,Sunilbhai Makvana(Direct)
916354546823,Sunilbhai Soni(Brk Rameshbhai)
919228238826,Sunit Jain (Direct)
919828839900,Sunit Singh
919928839900,Sunit Singh
918401835330,Sunit Singh (Direct)
919428839900,Sunit Singh (News)
917405921394,Sunita Devi
917228966880,Sunita Mam G. villas
919173430508,Sunita Parikh Direct
918401562809,Sunny Bhai
919512461602,Sunny Bhai
919879766464,Sunny Bhai
919904778899,Sunny Bhai
919825911021,Sunny Bhai (Direct)
919029575648,Sunny Chauhan
919372624698,Sunny Chauhan
918849035159,Sunny Chawda
919909284838,Sunny Chevli
919913783205,Sunny Gajjar
919082267653,Sunny Givwani
919881824271,Sunny Gupta
918169108396,Sunny Gurjar
917874915908,Sunny Jain
918238140053,Sunny Joshi
919727011998,Sunny Kansara Direct
919909364059,Sunny Kothari (Direct)
917228021178,Sunny Mishra Direct
919228785490,Sunny Oza (Brk Deepak Dariyani)
919727213000,Sunny Patel
918905743734,Sunny Patel Direct
919510254526,Sunny Tiwari
919898353343,Sunnybhai Master (BRK Ashok Thakkar)
918866016048,Sunnybhai Tailor (BRak Chandrakant Solanki)
917506103891,Surabhi Sharma Brk Jatin Tejwani
918401789547,Suraj Gsndhi Direct
918141637885,Suraj Khalasi (Brk Chandrakant Solanki)
919106789991,Suraj More
919904478007,Suraj Patel
919586274914,Suraj Rajput
918866638777,Suraj Umarigar (Brk Dipak Dariyani)
919593239869,Surajit Mondal G. villas
916355034471,Surendra Chavda Direct
919898047822,Surendra Kumar Brk Satish Mehta
919560189806,Surendra Kumar Direct
919099012067,Surendra Prajapati Direct
919601436556,Surendra Sharma ( Direct)
919558056506,Surendra Singh
919974726601,Suresh (Direct)
919904050055,suresh (FB)
919825140500,Suresh Agravat (Direct)
919909774540,Suresh Asurangi
919979865972,Suresh Bhai
918850237634,Suresh Bhai
919904040044,Suresh Bhai (Dipak Dariyani)
919998970496,Suresh Bhai (Direct)
919879167000,Suresh Bhai (Direct)
917990788896,Suresh Bhai (Direct)
918128153253,Suresh Bhai (Direct)
919047691550,Suresh Bhai Brk Tushar Bhandari
919909243658,Suresh Bhai Direct
919879546008,Suresh Chaudhary (Brk Kamlesh Javiya)
919825219820,Suresh Chauhan (Dmart)
919624085029,Suresh Dungrani (Direct)
919834391171,Suresh Gagvani Direct
919427709640,Suresh Gohil
919925206103,Suresh Joshi
919558322835,Suresh Joshi Direct
919727036700,Suresh Kosambia
919712903433,Suresh Kumar
919913516172,Suresh Madhav Direct
919925028507,Suresh Modi
919427120913,Suresh Modi (Direct)
919925828507,Suresh Modi Direct
919825213980,Suresh Patel
919537156419,Suresh Patel
918488000777,Suresh Pawar Brk Rajesh Gajjar
919824329140,Suresh Pethani
917487989975,Suresh Prajapati
919879573670,Suresh Rathod (Direct)
919924000592,Suresh Sanpara
919726694780,Suresh Sapariya
918490092979,Suresh Saran
919998111751,Suresh Sharma
919825158515,Suresh Sharma Direct
919924046197,Suresh T Patel (Direct)
919016805258,Suresh Tea Direct
919950714777,Suresh Vyas Direct
917219094834,Suresh Yadav ( G. villa)
919998318444,Sureshbhai Brahmbhatt (BRK Pinkeshbhai Chahwala)
919925759709,Sureshbhai Gandhi (BRK Chandrakant Solanki)
919904572778,Sureshbhai H Mistry
918888800495,Sureshbhai Patel (Direct)
919998325269,Sureshbhai Patel (Direct))
919879686769,Surpal Sing Chauhan (Brk Pinkesh Chawala)
919712100280,Survanandan Brk Ravi Drivedi
919537327674,Survesh Direct
919998235902,Survesh Pandey Direct
919016210058,Surya Prakash
919638265126,Surya Raj Bhai (Direct)
919324978735,Suryakant Sir
919925826137,Suryakant Solanki Direct
917723006954,Suryamani Direct
918799160540,Suryapal Rao Direct
919998972944,Suryaprakashbhai (Direct)
918460011515,Sushant Bhai
917984791456,Sushant Bhai
917368007384,Sushant Kumar (Direct)
918980026180,Sushant Panwala Direct
917984973997,Sushant Pastagiya
919099924447,Sushant Prashad Direct
918780160770,Sushil Soni G. villas
919925607335,Sutej Maisuriya (Direct)
919985195907,Suvarna Bankala
917359242910,Swapanil Bhai Direct
919825191594,Swapian Kumar
919898723460,Swapnesh Solanki Direct
918866078886,Swapnil
917048385164,Swapnil Baviskar (Insta)
919879179175,Swapnil Bhatt (BRK Chandrakant Solanki)
918097603235,Swapnil Surati (BRK Mehul Kapadia)
918401449061,Swastik Mistry ( Direct)
919313393697,Swati Mam
916351535599,Swati Patel
919099118585,Swati Piprodia (Insta)
919106859972,Swati Thakor G. villas
919726736007,Sweta Patel Brk Perfect Deal
916355384552,Sweta pawar (Brk Hardik Jethawa)
917383782168,Swetank Bhai
917283982656,Swit Barot Direct
919898074743,Switanj Sarung (Brk Dixit Monpara)
917389642600,Switi Patel
917016756023,Syam Kotak (Direct)
919687051489,Syamshunder Jaiswal
917226996955,System-ethic Insurance G. villas
919638150700,T k Patel
919427651406,T.B Patel (Direct)
919427886500,T.M.patel
919825761184,Tailor Ramit Direct
917069772371,Takshil Surti (Direct)
919974435637,Takshvi
918866680710,Tammar Meghrajani (Direct)
919374701140,Tanaji V Jadhav (Brk Jayesh Chauhan)
918097965082,Tanay Patel Brk Ravi Drivedi
919712422333,Tanaz Talaviys
919016438350,Tanisha (JJ Caterers)
919033477999,Tanmay Indrekar (Direct)
919879546772,Tansukhbhai Ahir (BRK Kamlesh Jalaram)
918758026803,Tansukhbhai Ahir (BRK Kamlesh Jalaram)
917567567000,Tanuj Patel Direct
919913784632,Tanvi Patel
919725851888,Tapan
919638106028,Tapan Patel
918866037326,Tapan Patel Direct)
919898507832,Tapan Varmar G. villas
917405075602,Tapas Shah(Direct)
919974937820,Tara ChandDirect
919879068156,Tarak Shah
918733091623,Tarakbhai Soni (BRK Pinkeshbhai Chahwala)
919712921407,Taral Nair
919173386616,Tarang Parekh Direct
919033068010,Tarang Patel (Direct)
919033068810,Tarang Patel (Direct)
918469481303,Tarun Ajmera (Brk Dipak Dariyani)
919825784285,Tarun Bhai
917777913132,Tarun Bhai
919825403823,Tarun Bhai
919825703823,Tarun Bhai
919726196389,Tarun Bhoir Direct
918320536028,Tarun Duby
919480694039,Tarun Joshin
918210656503,Tarun Kumar (Direct)
919979453385,Tarun Kumar Direct
919967382667,Tarun Malviya (Direct)
919909922338,Tarun Patel
919624728248,Tarun Patel
919426482310,Tarun Patel (Direct)
919328330670,Tarun Rajput Brk Chandrakant Solanki
919909946399,Tarun Shankar (Direct)
918320032374,Tarun Wadhwa
919824488598,Tarunbhai Patel (BRK Pinkesh Chahwala)
919974245232,Tasmay Sharma (News)
918320824656,Tejal Modi (D-mart)
919825192085,Tejal Purohit Direct
919033039993,Tejal Vora
919099766677,Tejas Afani Direct
919537722571,Tejas Bardoliwala
919825982165,Tejas Bhai Direct
917984570432,Tejas Chaudhary
919924194918,Tejas Desai Direct
919426804477,Tejas Gohil ( Direct)
919879900438,Tejas Jariwala (Direct)
919426903501,Tejas Lalporwala (BRK Sunil Punajbi)
919825400181,Tejas Mehta (Brk Chandrakant Solanki)
919879411542,Tejas Modi (Brk Chandrakant Solanki)
919978405571,Tejas Modi (Direct)
919033623031,Tejas Modi Direct
919537760520,Tejas Modi Direct
919998826271,Tejas Parekh (Fb)
918866641152,Tejas Parjapati (Direct)
917048578018,Tejas Parmar
919033226421,Tejas Parmar (Direct)
919099555915,Tejas Patel ( Direct)
919537503050,Tejas Patel (Direct)
919825129522,Tejas Patel (Direct)
919725231168,Tejas Patel Brk Ashvin Bhai 9775030487
919825766321,tejas Patel Direct
917043242123,Tejas Payel (BRK Chandrakant Solanki)
919662988502,Tejas Rana Brk Ajay Panwala
919998944213,Tejas Sakhi (Dmart)
919033363300,Tejas Serdiwala
918140240000,Tejas Soni (Direct)
919327407975,Tejas Soni Direct
919974916827,Tejasbhai Amaliwala (Direct)
919879516345,Tejasbhai Bhatt (BRK Pinkeshbhai Chahwala)
919033950091,Tejasbhai Borderwala (Direct)
919879649990,Tejasbhai Desai (Direct)
919920577086,Tejasbhai Patel (BRK Mehul Kapdia)
918320735558,Tejash Bhagat
919879735901,Tejash Bhai
919898849719,Tejash Bhai (Direct)
917984122473,Tejash Desai G. villas
919974460105,Tejash Dhivar (Fipak Dariyani)
918160753630,Tejash Gamit
919033759532,Tejash Golwala
919825165163,Tejash Jinwala Direct
918141209514,Tejash Khalasi
919998744987,Tejash Lad
919409260509,Tejash Modi (Direct)
918238740075,Tejash Modi Direct
918980066776,Tejash Pancholi
919979889869,Tejash Parekh
919824626826,Tejash Parekh
919824255004,Tejash Parekh Direct
919722544832,Tejash Pat
916351377384,Tejash Pipaiya
918401056828,Tejash Prajapati (Direct)
918866800323,Tejash Rajan
919712772601,Tejash Shah Direct
918866126826,Tejash Surtib
919825191791,Tejashbhai Doctor (BRK Chiragbhai)
917283846751,Tejendrabhai Thakkar (BRK Kamlesh Javiya)
919662042077,Tejpal Patel (Brk Deepak Dariyani)
919016556576,Tejpalbhai Shah (Direct)
919106770185,Teju Parlour G. villas
919409189020,Teli Harish G. villas
919313450059,Temas Hasotiya
917600252434,Tenil Patel Direct
919825042795,Thakor Patel
919998218011,Thakor Patel ( Direct)
919913087646,Thakorbhai R Patel ( BRK Chirajbhai Jethva)
918319451972,Thakre
917405536069,Thakur Bhai Direct
916392432481,Thakur Kukreja
918155971918,The BK Fashion
919712947287,Thomas Rajan (BRK Chandrakant Solanki)
919537885553,Thoppil Sabu (Kribhco)
917016536231,Tina
919016426765,Tina Kaur
919825912320,Tina M Raval (Direct)
64274841627,Tina Maisuriya (New Zealand)
919662927016,Tina Oatel Direct
917984994602,Tina Shah
919879113211,Tinku Kumar Patel ( Anuj Bhai Tiles )
918780129898,Tinu Patel Direct
919328753637,Tk Patel (Insta)
917265009382,Toral Patel Direct
919601278811,Tribhuvan Chauhan Direct
916351624898,Trilochan Das (BRK Amitbhai Taylor)
919409254259,Tripanshu Sharma
918735082906,Trishul Pan Kaka (Dmart)
919978903250,Trupti Joshi (Direct)*
919909274365,Trupti M Solu (Direct)
918141755979,Trupti Thakor (Insta)
917405047443,Trusha Patel Direct
917990330198,Trushal Patel
919924393924,Tukaram Gaikwad (BRK Satishbhai Jadhav)
919376903272,Tukaram Tushar (Direct)
919624517022,Tularam Bhai
919328424881,Tulsi Arcade(Insta)
919879486487,Tulsi Patil
919724503215,Tulsibhai Poojari (Direct)
917802050808,Tumir Gheewala (Brk Dipak Dariyani)
919825177227,Tushar Amin-2 G. villas
919327921258,Tushar Bhai (Direct)
919375072570,Tushar Bhai (Insta)
919601152387,Tushar Bhai Install Ment (Direct)
919033903491,Tushar Bhai Jethwa (Direct)
919773056953,Tushar Bhai Petigara (Brk Dipak Dariyani)
918328506864,Tushar Bhandari
919909921612,Tushar Dave
919328324449,Tushar Dave Direct
917600115001,Tushar Desai (Brk Tushar Desai)
919099083968,Tushar Hirani Insulation Sheet
918238727517,Tushar Jethava
918849941608,Tushar Jethva (Brk Viresh Bhai)
918401366166,Tushar Jethwa Direct
919537499493,Tushar Jogdiya (Direct)
917778008212,Tushar Mistry (Dmart)
918866455354,Tushar Modi Direct
917874445824,Tushar N Petigara (Direct)
919029602999,Tushar Padke (Dmart)
919408500085,Tushar Patel ( Direct)
919979333997,Tushar Patel (Brk Ashwin Viras)
919727045703,Tushar Patel Direct
919824136218,Tushar Patel Direct
919825223033,Tushar Patel Direct
919879746566,Tushar Patel Direct
918141335233,Tushar Petigara (Kamlesh Javia)
919825600478,Tushar Rai (Brk Anuj Kapadia)
919328609457,Tushar Saliya Direct
918000202157,Tushar Sevak Direct
918735069099,Tushar Tahelramani
919726555552,Tushara Patel
917069038105,Tusharbhai Mistry (ICICI BANK)
919978917256,Tushitbhai (Brk Vidisha Property)
919601003770,Twinkal Sakarwala Direct
919974012358,Uday Bhai Wada Direct
919081010368,Uday Ichhapuriys
919974754545,Uday Jani Direct
919662343412,Uday Patel
916355084156,Uday Patil
918460584264,Udaybhai Parekh (BRK Chandrakant Solanki)
919909234850,Udesh Rawal (Direct)
919687597934,Udhanawala
917600120044,Ugam Rajput
919687269637,Ujendra
919825400201,Ujjaval Sukhala
919099976744,Ujjawal Gupta (Direct)
917600027075,Ujjawal Shelat
917990227018,Ujjval Patel (Direct)
917405452231,Ujjval Rana Direct
919825127156,Ulendra Bhai Joshi Direct
919898226076,Uma Shah
918160365722,Umakant Bhai (Direct)
919924700583,Umakant G. villas
919426745121,Umanath Gst
919080212177,Umang Bhai Direct
918460836634,Umang Bhai Direct
918849244020,Umang Bhujwala (Brk Pinkesh Chahwala)
66890530007,Umang Desai
919909282899,Umang Gandhi (Brk Rajesh Modi )
919909531418,Umang Jariwala
917096826874,Umang Mistry
919824739134,Umang Naai Direct
919825496367,Umang Patel (BRK Nishant Bareiya)
918488870239,Umang Patel (Direct)
917990900901,Umang Pathak Direct
918460177046,Umang Soni (Direct)
919722297772,Umesh
918734883617,Umesh ( News)
919227900477,Umesh Bhagat G. villas
919099235562,Umesh Bhai
919726010009,Umesh Bhai Direct
919825908382,Umesh Borad
918866399765,Umesh Chauhan (Direct)
919898590384,Umesh Maisuriya
919979709522,Umesh Maisuriya Direct
918160067097,Umesh Modi (Direct)
919879044799,Umesh Modi Brk Fenil Thakkar
919537442644,Umesh P (Direct)
919662228870,Umesh P Patel G. villas
919898288995,Umesh Panchal (Direct)
918469056700,Umesh Panchal Sales
919426882619,Umesh Parekh
919409261790,Umesh Parmar
919925645524,Umesh Patel Direct
918866433325,Umesh Patel Direct
919767371095,Umesh Patil Direct
919879654707,Umesh Ramwala Direct
918237778102,Umesh Rathod (Direct)
918141691404,Umesh Soni Direct
919879562130,Umesh Soni Direct
918806180323,Umesh Suryavanshi G. villas
919825161564,Umesh Tailor Direct
919825908380,Umesh Vora (Direct)
919374049945,Umesh Vora (Direct)
918141400748,Umeshbhai (Direct)
917984108084,Umeshbhai Jadav (Direct)
919825596356,Umeshbhai Jariwala (BRK Pinkesh Chahwala)
919825147478,Umeshbhai Modi (BRK Himanshu)
919426875109,Umeshbhai Trivedi (Direct)
919726442895,Umid Kosmbiya Direct
919601277150,Unnati Parikh (Brk Kamlesh Javia)
919099100466,Upenbhai Amreliya (BRK Sanjaybhai)
919265979164,Upendra Bhai (Direct)
919978935709,Upendra Bhai (Direct)
919925626146,Upendra I Patel (Direct)
919974065747,Upendra Rana (Direct)
919724686582,Upesh Kabrawala (Brk Amesh Golawala)
919825186103,Upesh Shah Direct
918264867002,Urban Cafe Board
919824897775,Urbar Money (Corporate DSA)
919825682165,Uresh Sheth (Brk Chandrakant Solanki)
918866517556,Urmik Darshani
919727645645,Urmila Varma Direct
919687475099,Urvashi Ben Hazira Direct
919429504617,Urvashi Patel G Villas
919979927172,Urvesh Barot
916353577858,Urvesh Bhai (Direct)
919033691218,Urvi Joshi (Direct)
919099013806,Urvi Patel (Brk Chandrakant Solanki)
919909901616,Urvil Raval Direct
919594055602,Urvil Shah (BRK Chandrakant Solanki)
917874545621,Urvish Patel(Deepak Dariyani)
918866018001,Urvisha Shitani
919998894428,Urvit Rawat Direct
919586045076,Usha Solanki( Brk Vinod Thakkar)
916354619976,Ushaben Parikh (BRK Dharmeshbhai)
919924084846,Ushma Bhatt
919904887939,Utkarsh Gajjar
919898714485,Utpal Lakdawala Brk Rajesh Gajjar
919374713751,Utpal Raiji (BRK Bhavin Chahwala)
919824658046,Utpal Vasani (Direct)
918469059151,Utsavbhai Kacha (Direct)
919909901008,Uttam Kumar
919316261313,Uttam Mishra
919054540893,Uttam Patel
917874236785,Uttambhai Gediya (Direct)
919537133300,Uttar Mehta (Direct)
919737762709,Utvish Lakdawala Direct
919925397098,Uvesh Modi Direct
917600198762,Uvesh Shah Direct
919227836555,V B
919427760113,V K Patel
918460293993,V M G. villas
917567620000,V M Patel (Direct)
919825719355,V M Rama Direct
916351520020,V N Jaytap
919879115250,V N Kolkani (Direct)
919427467949,V n Tiwari
919099857027,V S Desai (Direct)
919974493493,v. k. rajput (Direct)
919825419355,V. m Rana Direct
919712707183,V. n (A. w)
919426831466,V. s. Raw Direct
917778051081,Vaani Parakh
917600127217,Vadhit Rathod (Direct)
919687968911,Vadilal Bhai (Direct)
919638268911,Vadilal Jain Direct
918320000929,Vaghesh Nai Brk Kamlesh Bhai Ojas
918866096009,Vaibhav Bhai
919974403703,Vaibhav Bhai
919825571027,Vaibhav Bhavsar(Direct)
919499502581,Vaibhav Chauhan
919904232000,Vaibhav Gabani (Direct)
919687643108,Vaibhav Joshi
917600263998,Vaibhav Lad Brk Rakesh Tailor
917405243702,Vaibhav Mistry Direct
919033528998,Vaibhav Parekh (Direct)
918980004851,Vaibhav Shah (Direct)
919726570002,Vaibhavi G. villas
917048269022,Vaidhya Satish (Direct)
916351510889,Vaidya Jignesh
917984594100,Vaijay Bhai
919825984294,Vaikuth Bhatt (Direct)
919723440159,Vais Sunita (News)
918347918600,Vaishakh Nair Direct
919825148992,Vaishakhi Patel Brk Rajesh Gajjar
919978937011,Vaishali Ben (Direct)
917434905604,Vaishali Bhatt
919726988494,Vaishali Desai Direct
919763112992,Vaishali Morkar (Direct)
918905545926,Vaishali Patel(Direct)
919426633103,Vaishali Sanjay Kher G. villas
919687600187,Vaishali Vesuwala (Brk Chandrakant Solanki)
919898027544,Vaishnav Jayshukhlal ( Brk Deepak Dariyani)
919825431650,Valbhav Contractar Direct
919820595252,Valji Gadhiya
919825161301,Valji Patel (Direct)
919537539418,Valji Pipaliya Direct
919624448111,Valji Purohit Direct
919427152657,Vallabh Bhai
919726617803,Vallabh Gohil Direct
919879045403,Vallabh Patel Direct
919998968809,Vallabhbhai Dangaria (Direct)
919898675599,Valmik Maheshvari
917984366592,Vandana Patel
919925200242,Vanmadi Mistry Direct
919978442025,Vanrajsinh Vaghela ( Brk Deepak Dariyani)
919727764388,Vansh Dalal (Direct)
918128609508,Vansh Panchal
918780995492,Vansh Rathod
919624916405,Varachha (Insta)
919998636240,Varachha 2 (Insta)/
919662229122,Varchas Chaudhary
919978735827,Vardhaman Vora G. villas
919374053225,vardhan bhai direct
918238678719,Varni Patel
919510996998,Varsha
918780932484,Varsha Amelia (Direct)
918866074189,Varsha Ben Direct
918511191030,Varsha Desai (Direct)
918799646869,VARSHA PATEL(DIRECT)
919879316035,Varsha Vasani (Direct)
919265771954,Varsha Yashvant Shilpi
918238483379,Varshil Javeri
919510343273,Varshil Patel
919879007459,Varshil Shah
919374699996,Varun Bhatia Direct
919825144778,Varun Dua (Direct)
919879199199,Varun Patel
917990946799,Varun Singh
917405428006,Varun Thakkar Direct
919624245700,Vasai Bh
919537290095,Vasan (News)
919909044772,Vasant D Solanki
919824310806,Vasant Gajera Direct
919898979813,Vasant Jain (Direct)
919825377567,Vasant Maru Direct
919427412526,Vasant Parmar Direct
918128668335,Vasant Patel Direct
919879280688,Vasant Prajapati
919909933360,Vasant Prajapati Direct
919099726242,Vasant Trivedi (Direct)
919913334769,Vasantbhai Laxman Bhai (Direct)
919879312867,Vasantbhai Parmar
919825967792,Vasantbhai Revar (Direct)
919725242197,Vasantbhai Sonawale (BRK Chandrakant Solanki)
919825583111,Vasantbhai Vegad (BRK Arvindbhai Chautaliya)
918469331399,Vasanti Anil Kumar Direct
919408121541,Vasram Patel Direct
919904732710,Vasu Desai (Direct)
919974211890,Vasu Makatiwala
918238078516,Vasu Padhia (Direct)
918097036066,Vasudev Bhai Sing (Brk Dipak Dariyani)
919327178124,Vasudev Bhatiya
919824781732,Vasudev Upadhyay
917990625306,Vataliya Chiragbhai (BRK Chandrakant Solanki)
919586929029,Vats Gandhi
919726764900,Vatsal Badlawala (Brk Dipak Dariyani)
919909241392,Vatsal Bhai
916359032090,Vatsal Kanthariya Brk Jayesh Rathod
919727386564,Vatsal Kantriya
919377604737,Vatsal Navdiwala (BRK Pinkesh Chahwala)
917226003387,Vatsal Patel (Direct)
919033660818,Vatsal Shah Direct
919998104223,Vatsal Shukal Direct
919722222997,Vatsal Soni (Brk Umesh Parekh)
919426069103,Vatsal Sukhala Direct
917096297576,Ved Mistry
919099006111,Ved Parkash
919099009111,Ved Prakash
919824477731,Vedant Bhai (Direct)
918980295808,Vedant Dave Direct
918866665354,Vedant Pastagiya
919819777294,Veera Prajapati (Insta)
919664837470,Veeru Solanki (Direct)
919825344047,Velaa Bhai Bhadiyadara Direct
918238452539,Velji Patel
918141696555,Venktest
919724302528,Vi Of Soni
919913716877,Vibhush Kalushkar
919924205007,Vicky Aariwala ( Direct)
919328978715,Vicky Atul
917801817411,Vicky Bhai
919033667981,Vicky Bhai (Direct)
918899835417,Vicky Bhai (Direct)
919328830327,Vicky Bhai Direct
919909011795,Vicky Bhai( Direct)
919725897859,Vicky Gandhi
919825144577,Vicky Jariwala Direct
919374718254,Vicky Joshi Brk Rajesh Jvaniya
918780844690,Vicky Maharaj Silverstone Villas
919879013859,Vicky Makwana Brk Sonu Thakkar
918866824556,Vicky Mevawala (Brk Rakesh Tailor)
919724237681,Vicky Mevawala (Brk Rakesh Tailor)
919998686159,Vicky Monsi (Direct)
919727616667,Vicky Patel (Direct)
919870088629,Vicky Patel (Direct)
916351526020,Vicky Patel (Direct)
919825106073,Vicky Patel Direct
918980857180,Vicky Patel(Insta)
917567575870,Vicky Prajapati (Brk Rajesh Dumsia)
918780151258,Vicky Prajapati Direct
919638474172,Vicky Rathod (Direct)
919925318341,Vicky Sharma Direct
919712436798,Vicky Soni (Direct)
919712559690,Vicky Surtiwala Brk Ashwin Padiyar
917777917757,Vicky Vaghela( Direct)
919824166280,Vickybhai Kadam (BRK Nilesh Modi)
919979908954,Vidhal Bodawala Direct
919875268002,Vidhi Bhungadiya
917990390201,Vidhi Panchigar (News)
919429700053,Vidhi Patel Direct
919925528020,Vidhin Parmar (Brk Dipak Dariyani)
919909905703,Vidir Bijlani (Brk Rajesh Gajjar)
918780118809,Vidit Desai
919662137523,Vignesh Patel(Direct)
919925207416,Vigneshbhai Dabholi ( BRK Chiragbhai Jethva)
917490892005,Vijay
918901900013,Vijay Aggarwal
919624600944,Vijay Akbari Direct
918758121175,Vijay Barot ( Direct)
919426444881,Vijay Bhai
919979225173,Vijay Bhai
919561505809,Vijay Bhai
919574087779,Vijay Bhai
919687695766,Vijay Bhai
919724332676,Vijay Bhai
919974396829,Vijay Bhai ( Direct)
918141810001,Vijay Bhai (Direct)
919825142424,Vijay Bhai (Direct)
918000286500,Vijay Bhai (Direct)
919990060188,Vijay Bhai (Direct)
919712009108,Vijay Bhai (Direct)
918292773399,Vijay Bhai Brk Ripesh Jadhav
919328039501,Vijay Bhai Direct
919714458930,Vijay Bhai Direct
919374717148,Vijay Bhai Thikar (Direct)
919427531436,Vijay Bhai Utekar (DIRECT)
919898392082,Vijay Bhatt
917972701088,Vijay Bhatt ( Direct)
919879040213,Vijay Bhrambhatt (Direct)
919825443082,Vijay Chauhan
919601808883,Vijay Chawalaa (USA)
919825951817,Vijay Desai Brk Dipak Dariyani
919924722000,Vijay Dharmik
918238328812,Vijay Dhodkiya
918320294251,Vijay Eathod
919377742425,Vijay Gandhi Direct
918401543121,Vijay Gohil
918155067100,Vijay Gupta (Brk Ritesh Vavadiya)
919879064949,Vijay Joshi
918460573827,Vijay Kaklotar
918866282616,Vijay Kanthariya
919978396688,Vijay Kapadia Brk Anuj Kapdia
919978346622,Vijay Kelawala (Direct)
919978396622,Vijay Kelawala (Direct)
919375611555,Vijay Khatri
917600017362,Vijay Khol
919825995098,Vijay Kordiya Direct
919909902094,Vijay Kumar Direct
917990589493,Vijay Kumar Direct
919099035108,Vijay Kumar(Direct)
919909009096,Vijay Mahant (Direct)
918469592199,Vijay Makwana Direct
919316122755,Vijay Makwana Direct
919726340191,Vijay Mali
919373366204,Vijay Manani(Direct)
918780663834,Vijay Manglaani (Kotak Bank)
919825097799,Vijay Mataliwala
919724500466,Vijay Mehta
917623892112,Vijay Mevawala (Direct)
919909670159,Vijay Mishra (Brk LL Shah)
918980403384,Vijay Modi
919904304440,Vijay Modi (Direct)
919998620254,Vijay Modi Brk Prakash Narthani
919824598444,vijay munim
916359034646,Vijay Nayee
917265891286,Vijay Nayee Direct
919825248182,Vijay P Patel (Direct)
917359825206,Vijay Padya
919825160100,Vijay Paliya Direct
919879053488,Vijay Panchal (Direct)
919712081585,Vijay Pandya
919512050638,Vijay Parmar Direct
919512050635,Vijay Parmar Direct
919925435068,Vijay Patel
919879420240,Vijay Patel
919913750983,Vijay Patel
918200537909,Vijay Patel
916354791792,Vijay Patel
919909918176,Vijay Patel (BRK Rakesh Patel)
919723872406,Vijay Patel (Direct)
919825173278,Vijay Patel 1( Direct)
919909600693,Vijay Patel Brk Chandrakant Solanki
919998866510,Vijay Patel Brk Shailesh Gandhi
919825832302,Vijay Patel Direct
917405101678,Vijay Patel Direct
919879982128,Vijay Patel Direct
919925830012,Vijay Patel Direct
919925750943,Vijay Patel Direct
919824126725,Vijay Patel Direct
919712932912,Vijay Patel G. villas
918200372787,Vijay Patil (Brk Deepak Dariyani)
919925023008,Vijay Prajapati
919725504957,Vijay Rajput (Direct) 116
919322789528,Vijay Ramani G. villas
919879150583,Vijay Randeriya
919998631295,Vijay Rastagi Direct
919265751642,Vijay Rastogi G. villas
918160256457,Vijay Rupade Direct
917016613303,Vijay Sailor Direct
916351846007,vijay Sangani Brk Vijay Bhai
919909901462,Vijay Sankpal
919892182340,Vijay Shah
916351251252,Vijay Shah (Direct)
919825023313,Vijay Shah Direct
919825370477,Vijay Sing Thakor (Direct)
919408625325,Vijay Singh (Direct)
919998624115,Vijay Singh Brk Ajay Panwala
919879685889,Vijay Solanki (Direct)
919913725192,Vijay Surati
917818823456,Vijay Tailor Direct
918141752166,Vijay Upadhyay Brk Vijay Changulani
919979778680,Vijay Vaghela Direct
919879449888,Vijay Vatiyan
919974095792,Vijay Vithhal
918866811874,Vijaybhai Dwivedi (BRK Chandrakant Solanki)
917226952224,Vijaybhai Jariwala (BRK Kamlesh Javiya))
919722538523,Vijaybhai Makrutiya (BRK Tushar Desai)
919724005024,Vijaybhai Parkhi (BRK Himanshu Kapadi)
919979264305,Vijaybhai Patel (BRK Kaushik Patel (Jalaram))
919824126735,Vijaybhai Patel (BRK Kaushik Patel)
917990287583,Vijaybhai Patel (Direct)
917990653342,Vijaybhai Rakhrani (BRK Jatin Lalawala)
919879031444,Vijaybhai Solanki (BRK Ojasbhai Jalaram)
919925241546,Vijaykumar Rohit
919810115567,Vijaynprakash
919727800120,Vijender Singh Direct
919227162042,Vijender Tomar
919825040243,Vijendrasing Chauhan (Direct)
919913990170,Vijish Nair(Brk Chandrakant Solanki)
919714443197,Vikaram Bharuwals
916355941441,Vikaram Koli Direct
918000372228,Vikaram Parida Brk Viresh Thakkar
919898757672,Vikaram Rajput Perfect Deal
919624442345,Vikas Bhai (Direct)
919558715185,Vikas Chandra (BRK Kamlesh Javiya)
919909909122,Vikas Dubey(Direct)
919777444339,Vikas Kumar Direct
919913472146,Vikas Parmar
919687735559,Vikas Patel (Direct)
917046942923,Vikas Radadiya Insta
919974191534,Vikas Sharma (Direct)
919979729474,Vikas Sonarghare (Brk Munnabhai Thakkar)
919327623271,Vikas Tagariwala (Brk Chandrakant)
917709497520,Vikas Tamakuwala(Brk Ashok Thakkar) Tamakuwala
919879219662,Vikas Trivedi G. villas
919724331765,Vikas Vaghela (BRK Rakesh Modi)
918156071606,Vikash
919925822028,Vikash Bhai (Direct)
918866240246,Vikash Bhai Olx Inquiry
919726560043,Vikash Bimd Direct
919499678754,Vikash Dave Direct
916356563305,Vikash Jain
918200242277,Vikash Jain Direct
919024071606,Vikash Kumar Direct
919924157000,Vikash Ladviya
919978144033,Vikash M Patel Rander Police (Brk Deepak Dariyani)
919974824912,Vikash Patel (Direct)
919104540370,Vikash Patel Direct
919825551330,Vikash Pithadiya Direct
919879101070,Vikash Rajpal AMNS
918401407977,Vikash Rajput Brk Dipak Dariyani
919925190958,Vikash Surati
917990417181,Vikash Tailor Direct
919925044407,Vikash Tailor Direct
919904600860,Vikash Vaghva (Direct)
919173911178,Vikashbhai Bodiwala (BRK Pinkeshbhai Chahwala)
918200943941,Vikashbhai Jariwala (Direct)
919879826252,Viken Bhai (Direct)
919978330703,Viken Chauhan
917016803001,Viki Patel (Direct)
916352738305,Vikr Parekh (Direct)
919409525555,Vikram Bachani
918849500859,Vikram Bachani (Direct)
919727936356,Vikram Chaudhary
919377661345,Vikram Patel (Direct)
919427472741,Vikram Rathod (Brk Dipak Dariyani)
919898490768,Vikram Trivedi
919725550510,Vikrambhai Koli ( Direct)
919979856754,Vikrant Bhai (Direct)
919879095007,Vikrant Shukla Direct
919427111645,Vikul Brahmbhatt ( Brk Chandrakant Sholanki)
918160818806,Vilaji Rathod Direct
919825861254,Vilas Lapsiwala
919428243657,Vilas Patil G. villas
919429446703,Vilash Chauhan
919265185231,Vilash Guru Direct
919825110577,Vilesh Panchal
919925042505,Vileshbhai Desai (BRK Kaushik Patel)
917427882729,Villas
918866751322,Villas 2
919924148447,Vimal B Panchal (Direct)
919879590049,Vimal Gajjar (Brk Deepak Dariyani)
919427887294,Vimal Jain ( Direct)
919424887294,Vimal Jain (Direct)
919925660572,Vimal Jariwala
919979385060,Vimal Kabrawala
919427641933,Vimal Kabrawala Brk Kiran Jalaram
919016668632,Vimal Kelawala( Direct)
919173478185,Vimal Maheta Brk Anuj Kapdiya
919099977639,vimal panchal
917405539394,Vimal Parel
917227897779,Vimal Patel
919773114191,Vimal Patel
919099573650,Vimal Patel (Brk Dipak Dariyani)
919825895058,Vimal Patel (Direct)
919510120065,Vimal Patel Canada
919033445560,Vimal Pithawa
919879071132,vimal shah (munna bhai)
919638183990,Vimal Sing (Brk Dipak Dariyani)
919428187889,Vimal Solanki
919974119055,Vimal Vareliya Direct
919979605777,Vimal Vyash
918866605177,Vimalbhai Bhagwagar (BRK Kamleshbhai Javiya)
919909018865,Vimalbhai Chaudasma (BRK Pinkeshbhai Chahwala)
919426772005,Vimlesh Bhai
919825307989,Vimlesh Pandya (BRk Manish Jasani)
919427828405,Vimlesh Patel Direct
919601925646,Vimlesh Patel Direct
919879863535,Vina Chauhan
917383082251,Vina Sukhla
919712961131,Vinay Bhatt Brk Kapil Ahir
919879805038,Vinay Bhatt Direct
919228160827,Vinay Bhatt G. villas
917046126777,Vinay Desai Direct
919825137757,Vinay Desai Direct
919428139193,Vinay Joshi Direct
919431212960,Vinay Kumar
919601556533,Vinay Modi Direct
919925821027,Vinay N Gandhi (Direct)
919586111333,Vinay Patel
919099687878,Vinay Patel
919904876606,Vinay Patel (Direct)
917096267078,Vinay Rajput(Brk Nileshhbhai)
919909886167,Vinay Rathod Direct
919428390809,Vinay Shah (Direct)
919825527529,Vinay Shah (News)
919099937698,Vinay Shukla (BRK Chandrakant Solanki)
919825150169,Vinay Sutarwala Direct
919898668977,Vinay Tailor
919725040051,Vinay Tamboli (News)
916355299809,Vinay Tivari (Direct)
919909901106,Vinay Tripathi G. villas
919904435557,Vinay Vadhavani Direct
919722101172,Vinay Varu (Brk Rajesh Gajjar )
919825600977,Vinayak More (Brk Vivek More)
917874486329,Vinayak Sosa
919973617352,Vindhyachal Pandey
919311199452,Vineet Ranka (Dmart)
918469667475,Vinesh Patel
919714783884,Vinesh Patel
919974690607,Vinit Bhai
918770175717,Vinit Bhai
919909043146,Vinit Bhai (Direct)
919925349780,vinit Fb
919099001499,Vinit Galchar (Direct)
919898003726,Vinit Jariwala (Direct)
918238332499,Vinit Kumar
918433190809,Vinit Rathod
918580625375,Vinit Rathorr
919325733357,Vinit Shah Brk Vijay Changulani
918469094255,Vinita Chubey
919724984008,Vinita Patel
919328295000,Vinita Wadhwani (Insta)
919898213769,Vinod Barman (Direct)
919537181750,Vinod Bhadrike Brk Rupesh Jadhav
919899971313,Vinod Bhai (Direct)
917878343411,Vinod Bhai (Direct)
919998644277,Vinod Bhai (Direct)
919825105894,Vinod Bhai Bhargav
918690906191,Vinod Bhai Direct
918128033566,Vinod Bhai Direct
919416212264,Vinod Bhai Ntoc
919913301855,Vinod Bhalada (Direct)
919724703775,Vinod Broker
919574619845,Vinod Dabhi
918866903551,Vinod Gauda Direct
917984329975,Vinod Gupta
918866230725,Vinod Hirani
919974374287,Vinod Jani
919909607345,Vinod Kadam Direct
919969143819,Vinod Kanthariya Direct
919825723732,Vinod Kapadiya
917096780706,Vinod Khambhatiya (Direct)
919913874183,Vinod Kumawat Direct
919924359294,Vinod Lad Direct
919825966979,Vinod Lal Bhai Brk Hardik Jethwa
919915211384,Vinod Makwana
917096496850,Vinod Mangala Direct
919594250390,Vinod Mithapra G. villas
919879123549,Vinod Moga (Direct) Consultant
919879129809,Vinod Nayar (Brk Jaydip Goshwa)
918347086390,Vinod Panchal ( Direct)
918347083490,Vinod Panchal (Direct)
917984727572,Vinod Parekh(Direct)
919374511169,Vinod Parmar
918490032331,Vinod Patel
919978745900,Vinod Patel ( Direct)
919099170774,Vinod Patel (Brk Hardik Jethwa)
917412000174,Vinod Patel (Brk Shailesh Thakkar)
919879262162,Vinod Patel (Direct)
919879102575,Vinod Patel Direct
919825739096,Vinod Patel Direct
919898971313,Vinod Rabari (Direct)
919377377278,Vinod Sapariya(Chandrakant Solanki)
919824584890,Vinod Shah
919879309777,Vinod Shah (Direct)
919993481839,Vinod Sharma (Brk Fast Deal)
917710012220,Vinod Sharvaiya
919723233178,Vinod Shindhav Direct
917284908818,Vinod Sing (Direct)
918109159886,Vinod Singh
918849809729,Vinod Surti (Insta)
917568993544,Vinod Vasava
918238620929,Vinod Vasava (Dipak Dariyani)
917567993544,Vinod Vasawa
919624479728,Vinodbhai (Ddirect)
919904395062,Vinodbhai Jariwala (Direct)
919879068107,Vinodbhai Joshi (Direct)
919106900210,Vinodchandra Kamadia Ji
919327703915,Vinu Bhai Vekariya Direct
918469567545,Vinu Patel Direct
919825081568,Vinubhai Patel (Brk Ashwin Padhiyar)
917802017709,Vinubhai Tailor (Direct)
919904699798,Vipasha Jaymin Patel G. villas
919727228282,Vipin Bhai Direct
919925469462,Vipul Bardoliya Brk Vijay Changulani
919664908050,Vipul Bhai
919601575900,Vipul Bhai (Brk Chandrakant Solanki)
919327082824,Vipul Bhai (Direct)
919825508145,Vipul Bhai
919879231049,Vipul Bharodiya G. villas
919825439008,Vipul C Patel
919727818454,Vipul Chaudhary Direct
919137833333,Vipul Chauhan Direct
919879600666,Vipul Dummasia
919925033488,Vipul Falguni
919427850044,Vipul Gadhiya (Direct)
919925415600,Vipul Gajera
919925228296,Vipul Gamit Direct
919374687557,Vipul Gandhi (Direct)
919879070713,Vipul Gheewaha
919909027406,Vipul Gohil
919376524477,Vipul Jagani Direct
919428059502,Vipul Jain (Direct)
919825141220,Vipul Joshi Direct
918460103964,Vipul Kachariya Direct
919979970609,Vipul Kapuriya G. villas
919998223540,Vipul Kelawala
919825775550,Vipul Kelawala (Direct)
919824656740,Vipul Khatri
919898190812,Vipul Kumar
919898388449,Vipul Modi
918735812581,Vipul Modi (Brk Chandrakant Solanki)
919909111375,Vipul Naik Brk Rajesh Gajjar
917990508150,Vipul Nayank
919375558515,Vipul Parekh
919898410178,Vipul Parekh
919342961735,Vipul Patel
917436073996,Vipul Patel
919824702274,Vipul Patel
919664872120,Vipul Patel
919925049579,Vipul Patel (Direct)
919998212764,Vipul Patel (Direct)
917414000174,Vipul Patel (Direct)
919825785790,Vipul Patel (Direct)
919913894017,Vipul Patel (Direct)
918238093523,Vipul Patel Direct
919824381991,Vipul Patel Direct
919099963236,Vipul Patel Direct
919879509461,Vipul Patel Direct
919727105117,Vipul Patel Direct
919825439088,Vipul Patel Direct
917046927199,Vipul Paunikar (Direct)
919898418090,Vipul Prajapati (BRK Chandrakant Solanki)
919925468288,Vipul Prajapati Direct
918401145300,Vipul Raicha
918141311888,Vipul Rajput (News)
919879555537,Vipul Shah
919909648824,Vipul Shah Direct
919328066765,Vipul Sohani Direct
919687655596,Vipul Solanki
919925153736,Vipul Solanki (Direct)
919427637579,Vipul Somani (Direct)
919428018481,Vipul Soni Direct
919925069230,Vipul Tank Direct
918488007101,Vipul Thakkar
919537228326,Vipul Thakkar
919924725448,Vipul Thakkar (Direct)
919769443886,Vipul Turakhiya (Direct)
918160775503,Vipul Variya Direct
919879897336,Vipul Variyq Direct
919558163241,Vipul Vasava
919033645094,Vipul Vasava G. villas
919824359579,Vipulbhai Barawala (BRK Himanshu Kapadia)
919879067657,Vipulbhai Gatorwala (BRK Chandrakant Solanki)
919824691899,Vipulbhai Patel (BRK Jiteshbhai Disha)
919825139419,Vipulbhai Prajapati (BRK Pinkeshbhai Chahwala)
919825238968,Vipulbhai Shah (BRK Chandrakant Solanki )
917069343637,Vipulbhai Shah (Direct)
919879683997,Vipulbhai Sutariya (Direct)
919879349394,Vipulsinh Chavda (Brk Dipak Dariyani)
919081960101,Virag Gilitwala
919879202695,Virag Shah AMNS
917778884924,viraj
919033939144,Viraj Desai
919979311006,Viraj Patel
919824133131,Viraj Rampuriya
919913320738,Virajbhai (BRK Vishalbhai)
918008910188,Virajbhai Jagtap (Direct)
918401255787,Viral Aadesra
919924074600,Viral Attarwala (Prakash Narthani)
919624434474,Viral Ben
919717099339,Viral Bhai
919429419610,Viral Bhai ( Direct)
919879657584,Viral Chauhan (Direct)
919624048089,Viral Chitroda (Direct)
919925815505,Viral Contractar
919898249946,Viral Dodiya ( Brk Mitesh Joshi)
919998975588,Viral Garasiya
919879740476,Viral Kayasth
919727740272,Viral Mahadev Wala
919974460604,Viral Maisuriya Brk Sahaj Gadhiya
919824106773,Viral Mistry
919898139536,Viral Modi
917405748929,Viral Panwala
919998218003,Viral Patel
919879000094,Viral Patel
919429927216,Viral Patel (Brk Viresh Thakkar)
919898279449,Viral Patel Direct
918469553355,Viral Patel Direct
919054545178,Viral Patel Direct
917600033361,Viral Patel Direct
919574904455,Viral Rajput Brk Ashwin Padiyar
918000017944,Viral Randeri Direct
919979251077,Viral Rathod (BRK Chandrakant Solanki)
918141458281,Viral Rathod (BRK Chandrakant)
919220311047,Viral Shah (BRK Sandip Modi)
919913343044,Viral Surti Direct
918780193425,Viral Tamakuwala (Direct)
918155052803,Viral Trivedi Direct
917600829957,Viral Variya
919099830488,Viralbhai Amin (BRK Chandrakant Solanki)
918347485474,Viralbhai Desai (Direct)
919974802048,Viralbhai Patel (Brk Dipak Dariyani)
919825248445,Viralbhai Patel (Direct)
919714013736,Viram Joshi (Direct)
919376076055,Viram Tamakuwala (Direct)
919879102489,Viranchi Rekh (Direct)
918758100061,Virang Bhai (Direct)
917990384698,Virangbhai (Direct)
917575069056,Virat Bhai (Direct)
919737777656,Virat Makwana Direct
916354635918,Virat Pandya
919924196699,Virat Rao
919601499285,Viren Bha Direct
919704483835,Viren Bhai
919173282004,Viren Jariwala
919664842827,Viren Mehta
918866337714,Viren Nashit
919727867445,Viren Panchal
918460256035,Viren Parmar
918141525676,Viren Saran Direct
919537379066,Viren Topiwala (Direct)
919537541819,Viren Vaghasiya Direct
919879842450,Virenbhai Patel (BRK Chandrakant Solanki)
919898498886,Virendarsingh (BRK Chandrakant Solanki)
918200158883,Virendra Bha
919726161294,Virendra Bhagandas
917798816733,Virendra Bhai
919928416478,Virendra Brk Perfect Deal
918780601530,Virendra Jain
919376526205,Virendra Jain (Direct)
919376133674,Virendra Moriya
919913474010,Virendra Ravat (BRK Daxit Monpara)
919426879785,Virendra Rawal Direct
919228416470,Virendra Sagar Direct
919825251673,Virendra Sarkedi (Direct)
919925918967,Virendra Thakor (Direct)
919909234374,Virendrabhai Dalal (Direct)
919727986290,Virendrabhai Dalal (Direct)
919327388101,Virendrabhai Jariwala (Direct)
919227902224,Viresh Bhai (Chandrakant Solanki)
919099053222,Viru
917265003944,Virut Soni Direct
919909993234,Visal Bhai Online Direct Inquiry
919879102650,Vishal (Direct)
917043203690,Vishal Adak Brk Jay Thakkar
919157235546,Vishal Ahir Direct
919321149419,Vishal Ariwala Direct
919870066933,Vishal Balala Direct
919099947177,Vishal Baraiya
918320005311,Vishal Bhai
919039386752,Vishal Bhai
918360601972,Vishal Bhai
919099780138,Vishal Bhai (Direct)
919033577741,Vishal Bhai (Direct)
919824914295,Vishal Bhai (Direct)
919512804455,Vishal Bhai (Direct)
919099215025,Vishal Bhai Direct
919099109696,Vishal Bhai mor ( Brk Chandrakant)
918347591091,Vishal Bheda Direct
918000750020,Vishal Chatniwala
919909781881,Vishal Chauhan Direct
916351916159,Vishal Dalal
919909901682,Vishal Darji (Brk Rakesh Tailor)
917383570989,Vishal Darji Direct
919106701782,Vishal Dave
917990048574,Vishal Desai
916351188098,Vishal Desai
917383856472,Vishal Desai (Brk Sonu Lakhwani)
919825127617,Vishal Doctor
919898758385,Vishal Dungarani ( Brk Chandrakant Sholanki)
919904367743,Vishal Gadhvi ( Brk SMC Co.)
919033878063,Vishal Gohil ( Direct)
919825257907,Vishal Jaynami (BRK Pinkeshbhai Chahwala)
917383380444,Vishal Joshi
919825687371,Vishal Joshi
919879800073,Vishal Joshib
919601197571,Vishal Khund Direct
919638196353,Vishal Kumar Rana
917859947928,Vishal Manawala Direct
917984210285,Vishal Maru (Brk Chandrakant Solanki)
918866335440,Vishal Maru Direct
919099101520,Vishal Mistry (Direct)
919998297870,Vishal Nikhare
919026832401,Vishal Ntpc
917575075757,Vishal Paatil Direct
919974062886,Vishal Panchal (Direct)
919574469008,Vishal Panchiya
919374305004,Vishal Parchigar (Direct)
919925242574,Vishal Paronawala
919374504363,Vishal Patel
919558871133,Vishal Patel
919913783527,Vishal Patel
919979225368,Vishal Patel ( Direct)
919427777776,Vishal Patel (Brk Chandrakant Solanki)
919909941934,Vishal Patel (BRK Nileshbhai Modi)
919924532053,Vishal Patel (BRK-rajeshbhai Gajjar)
919727750343,Vishal Patel (Direct)
918758945088,Vishal Patel (Direct)
917984441946,Vishal Patel Direct
919537565688,Vishal Pithawa
919537565687,Vishal Pithawa
918128624054,Vishal Prajapati
919898958080,Vishal Rabari
917405309860,Vishal Rajput
917574962104,Vishal Rajput Direct
918128364806,Vishal Rana (Direct)
919730086629,Vishal Revdiwala Direct
919377711377,Vishal Samani
919729842321,Vishal Shah
919769812321,Vishal Shah
917016810128,Vishal Shah (Direct)
918320354962,Vishal Sharma Direct
919974374619,Vishal Soni (Brk Rakesh Tailor)
919104631438,Vishal Sosa Brk Daxesh Chokhawala
919680295039,Vishal Tannu
919974079097,Vishal Vyas
919328728555,Vishalbhai (Brk Chandrakant)
919099056769,Vishalbhai Lotwala (BRK Daxeshbhai Sai Om )
919879850953,Vishalbhai Patel (BRK Amit Tailor)
919925241427,Vishalbhai Tank (BRK Dharmeshbhai Jalaram)
917016236681,Vishang Gandhi
919909159694,Vishesh Matlani
917700022209,Vishmay Parihar Brk Chandrakant Solanki
919265749163,Vishnu Gupta
919979484890,Vishnu Khalasi
919574751462,Vishnu Limbachia (Direct)
919327444188,Vishnu Maiwala
919913517322,Vishnu Marwadi Direct
919825698039,Vishnu Prajapati G. villas
916353213164,Vishnu Rawal
919723558112,Vishnu Thakur
919913585707,Vishnu Vaidh Direct
919825281320,Vishnubhai Patel (BRK Chandrakant Solanki)
919099975830,Vishnubhai Patel (Direct)
917862930234,Vishujit Bhai (Direct)
918224845705,Vishushankar Pandey (BRK Sumanbhai Pandey)
919429016391,Vishva Jit Upadhyay (Direct)
919825166908,Vishva Mehta (Direct)
919879247801,Vishva Patel
919662521838,Vishvas Shah
919408175341,Vishvesh Chaudhary Direct
919726983565,Vishvesh Desai (BRK Shailesh Tailor)
918141421313,Vishvesh Sinde
919327334076,Vishvnath Mandal
919725713101,Vishwa Jeet
919586050006,Vishwa Patel
917862936234,Vishwajeet (Direct)
918849867689,Vishwanath Singh
919722057770,Vishwas Poddar (Direct)
917878068794,Vishyadhar Sukhla
919998032488,Vithalbhai Kadam (Direct)
918980337571,Vitthal Gadhiya Direct
919033366480,Vivaan Surti
919570565066,Vivek Aanand
919510035204,Vivek Bhai (Direct)
919624819122,Vivek Bhajiwala (Direct)
919023656872,Vivek Chauhan
919978200074,Vivek Dave Direct
919925241328,Vivek Desai (Direct)
919979123440,Vivek Gohil Direct
918732939277,Vivek Gupta Direct
919777446380,Vivek Harj
918128505849,Vivek Jadav (Direct)
917600032788,vivek jariwala
917878791113,Vivek Kanchanwala
918320096402,Vivek Kapdiyq
918866837363,Vivek Kashyap
919227136411,Vivek Marathi Direct
919099741418,Vivek Modi (BRK Kaminiben Kelawala)
918320433774,Vivek Panchal (Direct)
918200707577,Vivek Parekh
916353953539,Vivek Patel
917874416179,Vivek Patel
919104345999,Vivek Rana (Brk Chandrakant Solanki)
917069022940,Vivek Rawal
916375647323,Vivek Rawal
919869272513,Vivek Sapra
919099377821,Vivek Shivlani (Brk Prakash Nathvani)
919773461136,Vivek Singh
919992221982,Vivek Sinha
919825666149,Vivek Sukhadiya
919898441817,Vivek Talati (Brk Anuj Kapadia)
919157077007,Vivek Trivedi Direct
918866410074,Vivekbhai Gohil (BRK Vipul Jalaram)
919909937030,Vivekbhai Patel (Direct)
919825147525,VK Patel ( Brk Chandrakant )
919879413571,Vora Sangita
917433087033,Vraj Shah
919054440256,Vraj Tailor Direct
919879618124,Vrajesh Lad (Direct)
919913683338,Vrajesh Panchal Direct
916351720127,Vrushbha
919909659775,Vrutti Shah (D-mart)
919328245396,Vyara Tiles Private Limited
919879252899,Vyash
917738009728,Watchman Uncle
919998821543,Xharmil Chauhan
919664816209,Y S Thakur (BRK Chandrakant Solanki)
919913136679,Yagna Patel
917600005675,Yagnesh Desai Direct
919429266735,Yagnesh Mugatwala Direct
919033312147,Yagnesh Naik Direct
919913309700,Yagnesh Patelb
919925909107,Yagnesh Sakariya Direct
918866343349,Yagnesh Takaviya Direct
919016138151,Yagnesh Upadhyay Direct
919998967687,Yagnesh Vyass (Direct)
919427989908,Yagneshbhai Arya (BRK Chiragbhai Sayona)
919825052623,Yagneshbhai Raval
918238299877,Yagneshbhai Rawal (BRK Himanshu Kapadi)
917291897790,Yamini Joshi
919978809518,Yamini Nayak Direct
919328198455,Yamini Thakar G. villas
918866777946,Yash Amkani
918511994858,Yash Anazwala (Direct)
919328560728,Yash Anjirwala
919033844641,Yash Bhai
917567648784,Yash Bhai (Direct)
917990698858,Yash Bhargvaj (Direct)
918511319971,Yash Bhatt
917621089066,Yash Cover Direct
919925045045,Yash Dhariya
919824137123,Yash Gandhi (Direct)
919838618252,Yash Jadhav
919838918252,Yash Jadhav
918980339090,Yash Kansara
918866860619,Yash Kapadia ( Direct)
919510222112,Yash Khambhatwala (Direct)
919033715016,Yash Khatri Direct
919979288253,Yash Kothari (Direct)
919327359191,Yash Mehta
919830324474,Yash Mehta Kolkata Online Inquiry
918799025331,Yash Modi
917046177871,Yash Odedra (Brk Vishal Vende)
919016512314,Yash Patel
918140202898,Yash Patel
919106861615,Yash Patel (Direct)
919737376200,Yash Patel (Direct)
919574581910,Yash Patel (News)
919925760574,Yash Patel Direct
916353785757,Yash Raj
916353645583,Yash Ramani (Direct)
918401189084,Yash Rana Direct
918866659721,Yash Ribinwala G. villas
919724684284,Yash Shukla (Direct)
918758509504,Yash Thakor (Direct)
916351933978,Yashesh Rathor
919725050923,Yashmin Vadhel Direct
919427111965,Yashpal Singh ( Brk Nilesh Modi)
916355909079,Yashraj Chauhan (Direct)
919374540960,Yashvant Dudhwala Brk Rajesh Modi
917600418929,Yashwant Shimpi (Brk Chandrakant Solanki)
919558233455,Yasvan Gandhi
919825682488,Yatin Bhai
919274511238,Yatin Bhai Dave (Direct)
919722007709,Yatin Hathiwalav
919724070177,Yatin Kanthariya
918866576554,Yatin Khatari (Brk Dipak Dariyani)
918980067676,Yatin Panchal Gujarat Engg
918200029364,Yatin Patel (Direct)
917016681823,Yatin Patel (Direct)
919978147415,Yatin Patel (Direct)
919427107374,Yatinbhai Lakdawala (Brk Chandrakant Solanki)
917874159046,Yatinbhai Patel (BRK Chandrakant Solanki)
919428148987,Yatinbhai Patel (Direct)
919773211438,Yatish Parmar (Direct)
917383465600,Yesha Nagar (Direct)
918550939011,Yogendra Chauhan (Direct)
919725545589,Yogendra Rathod
919879014448,Yogendra Sharma Direct
919913163682,Yogendra Singh(Direct)
919368010185,Yogendra Singhal
916355011195,Yogesh (Dmart)
919825428605,Yogesh (Insta)
918866258597,Yogesh (Insta)
919712717228,Yogesh (News)
918141336908,Yogesh Ahir
919099886814,Yogesh Amarutkar Direct
919316870977,Yogesh Bbai
919925399777,Yogesh Bhai
919924209949,Yogesh Bhai
919004473986,Yogesh Bhai
919724737442,Yogesh Bhai (Direct)
919825447060,Yogesh Bhai Brk Bipin Bhai
918849637534,Yogesh Bhai Direct
917228899399,Yogesh Bhai Direct
919737900371,Yogesh Bhai Rameshwar Naliya
919825246805,Yogesh Chapaneria
919925625879,Yogesh Chauhan Direct
918655403994,Yogesh Chotaliya
917977026097,Yogesh Dadar Kumar (Direct)
919725142421,Yogesh Desai (Direct)
919825950880,Yogesh Dummasiya Direct
919825603300,Yogesh Ghariwala
918866463687,Yogesh Gohil (Direct)
919099912050,Yogesh Gohil (Direct)
919327183431,Yogesh hai (Direct)
919374712999,Yogesh Kakadiya Direct
919925828875,Yogesh Kakdiya ( Direct)
919724188411,Yogesh Kaniya (Direct)
918980805339,Yogesh Koriya Direct
919998219770,Yogesh Makwana Direct
917405237803,Yogesh Matani
919033950212,Yogesh Modi
919824405900,Yogesh Modi (Direct)
918937003355,Yogesh Ntpc
919426475774,Yogesh Pandya
918866500864,Yogesh Parekh (Direct)
919979648686,Yogesh Patel
919624422222,Yogesh Patel
919825086350,Yogesh Patel
918866565257,Yogesh Patel ( Deepak Dariyani)
919879508449,Yogesh Patel ( Direct)
919904451234,Yogesh Patel (Direct)
919879513830,Yogesh Patel (Direct)
919925738144,Yogesh Patel (Direct)
919825496602,Yogesh Patel (Direct)
917567699578,Yogesh Patel Direct
916354959220,Yogesh Patel Direct
919426546152,Yogesh Patel Direct
919825854505,Yogesh Patel Direct
919898306836,Yogesh Patil (Direct)
919586102310,Yogesh Prajapati
919879848380,Yogesh Prajapati (Direct)
919662494018,Yogesh Rana (Direct)
919429520409,Yogesh Samudre
918469640787,Yogesh SMC ( Brk Rajesh Gujjar)
919904555523,Yogesh Solanki
919033163302,Yogesh Surti
919374553040,Yogesh Vachhani
918141782064,Yogesh Vaghela (Direct)
919664395921,Yogesh Varma Direct
918866902259,Yogesh Vichare (Direct)
919879559373,Yogesh Vijaybhai
919909722789,Yogesh Yamit (Direct)
919879071829,Yogeshbhai (BRK Dharmesh Jalaram)
918128728328,Yogeshbhai Chahwala(Brk Vipulbhai)
918849668420,Yogeshbhai Desai (Direct)
919724737552,Yogeshbhai Jethva(Direct)
918320918371,Yogeshbhai Kadan (BRK Nileshbhai Modi)
919377045766,Yogeshbhai Modi (BRK Nileshbhai Modi )
919586847352,Yogeshbhai Patel (Direct)
919998082020,Yogeshbhai Patel (Direct)
919427884094,Yogeshbhai Patel(BRK Vipulbhai Jalaram)
919724345116,Yogeshbhai Sevaliya (BRK Pinkesh Chahwala)
919377707389,Yogeshbhai Sopariwala (BRK Ashwinbhai Padhiyar)
918123299495,Yogeshbhai Vandra (BRK Dharmesh Jethva)
919979441889,Yogeshbhai Viradiya (BRK Chandrakant Solanki)
919979527339,Yogini Raut
919426671904,Yogita Choudhary Direct
919909243824,Yogita Patel
919316683997,Yug Bhai
919429857062,Yug Rana
919909610116,Yuvraj Modi ( Brk Himanshu Karlia)
919898588433,Yuvraj Pala
919925240621,Zakhat Patel (Direct)
919924291118,Zakhna Patel G. villas
918141894112,Zalak Prajapati (Chandrakant Solanki)
918000828305,Zalak Prajapati (Direct)
917600188939,Zeel Patel (Brk Ritesh Patel )
919574707417,Zeel Patel (Direct)
919428148126,Zeel West Zone
919979966400,Zeenat Waheb
919913111744,Zenia Hule (Direct)
351920089292,"Zenovi Productions, Lda"
919925949831,Zerksis Bhsi
918140000567,Zinal Parel
918860897923,Zinay Singh
919825115070,Zubin Chichgar
919662855795,Zubin Mehta
917984636610,Zumit Engineer (Direct)
917380308279,啶班啶灌た啶�
916353410090,嗒呧嗒掂嗒傕 嗒掂嗒班珝嗒侧珖嗒曕 Direct
919909097005,嗒嗋獨嗒距喃嵿 嗒多珝嗒班珋 嗒︵珖嗒掂嗒傕獥 嗒嗒距嗒距獪 (FB)
919879252543,嗒囙喃嵿嗒班嗒距獓 嗒澿嗒侧 G. villas
919978563121,嗒о嗒む珋 嗒多嗒� 嗒多嗒� G. villas
919313213066,嗒ㄠ獋嗒︵嗒嗒� 嗒膏珌嗒班
919913336950,嗒班嗒溹珌 嗒膏珛嗒ㄠ珋 G. villas
